{
  "type": "FeatureCollection",
  "features": [
    {
      "type": "Feature",
      "properties": {
        "name": "公共厕所(上新新围路)",
        "address": "民主新村十二巷与民主新村十三巷交叉口东280米",
        "type": "公共设施;公共厕所;残障洗手间/无障碍洗手间",
        "typecode": "200303",
        "tel": [],
        "_source": "amap",
        "_keyword": "无障碍卫生间",
        "_amap_id": "B0LKUZXH4T"
      },
      "geometry": {
        "type": "Point",
        "coordinates": [
          113.783056,
          22.73687
        ]
      }
    },
    {
      "type": "Feature",
      "properties": {
        "name": "公共厕所(展城社区工作站党群服务中心)",
        "address": "锦程路与重庆路交叉口东北200米",
        "type": "公共设施;公共厕所;残障洗手间/无障碍洗手间",
        "typecode": "200303",
        "tel": [],
        "_source": "amap",
        "_keyword": "无障碍卫生间",
        "_amap_id": "B0LKJ521DY"
      },
      "geometry": {
        "type": "Point",
        "coordinates": [
          113.782407,
          22.685694
        ]
      }
    },
    {
      "type": "Feature",
      "properties": {
        "name": "公共厕所(深圳市宝安区碧头文武学校)",
        "address": "碧头南路与永隆西路交叉口东60米",
        "type": "公共设施;公共厕所;残障洗手间/无障碍洗手间",
        "typecode": "200303",
        "tel": [],
        "_source": "amap",
        "_keyword": "无障碍卫生间",
        "_amap_id": "B0LKCZ0YAM"
      },
      "geometry": {
        "type": "Point",
        "coordinates": [
          113.810625,
          22.777402
        ]
      }
    },
    {
      "type": "Feature",
      "properties": {
        "name": "公共厕所(桥头社区党群服务中心)",
        "address": "桥和路与桥荣路交叉口东北100米",
        "type": "公共设施;公共厕所;公共厕所",
        "typecode": "200300",
        "tel": [],
        "_source": "amap",
        "_keyword": "无障碍卫生间",
        "_amap_id": "B0LKZ7EYO9"
      },
      "geometry": {
        "type": "Point",
        "coordinates": [
          113.804561,
          22.689446
        ]
      }
    },
    {
      "type": "Feature",
      "properties": {
        "name": "公共厕所(永佳福购物广场后方)",
        "address": "桥和路与桥塘路交叉口东北40米",
        "type": "公共设施;公共厕所;残障洗手间/无障碍洗手间",
        "typecode": "200303",
        "tel": [],
        "_source": "amap",
        "_keyword": "无障碍卫生间",
        "_amap_id": "B0LKJZ1XZI"
      },
      "geometry": {
        "type": "Point",
        "coordinates": [
          113.806413,
          22.689329
        ]
      }
    },
    {
      "type": "Feature",
      "properties": {
        "name": "公共厕所(深圳鹏晖中英文学校)",
        "address": "天福路与宝安大道交叉口西80米",
        "type": "公共设施;公共厕所;残障洗手间/无障碍洗手间",
        "typecode": "200303",
        "tel": [],
        "_source": "amap",
        "_keyword": "无障碍卫生间",
        "_amap_id": "B0LKUUZGAS"
      },
      "geometry": {
        "type": "Point",
        "coordinates": [
          113.806138,
          22.666921
        ]
      }
    },
    {
      "type": "Feature",
      "properties": {
        "name": "洗手间(塘尾万里学校)",
        "address": "凤塘大道与新荔路交叉口北140米",
        "type": "公共设施;公共厕所;残障洗手间/无障碍洗手间",
        "typecode": "200303",
        "tel": [],
        "_source": "amap",
        "_keyword": "无障碍卫生间",
        "_amap_id": "B0LKXUO38E"
      },
      "geometry": {
        "type": "Point",
        "coordinates": [
          113.813413,
          22.70311
        ]
      }
    },
    {
      "type": "Feature",
      "properties": {
        "name": "公共厕所(深圳机场凯悦嘉寓酒店)",
        "address": "空港八道与空港六道交叉口西140米",
        "type": "公共设施;公共厕所;残障洗手间/无障碍洗手间",
        "typecode": "200303",
        "tel": [],
        "_source": "amap",
        "_keyword": "无障碍卫生间",
        "_amap_id": "B0LKUHYJ3C"
      },
      "geometry": {
        "type": "Point",
        "coordinates": [
          113.815916,
          22.623321
        ]
      }
    },
    {
      "type": "Feature",
      "properties": {
        "name": "公共厕所(燕山学校)(内部专用)",
        "address": "洋涌路与松罗路交叉口西北240米",
        "type": "公共设施;公共厕所;残障洗手间/无障碍洗手间",
        "typecode": "200303",
        "tel": [],
        "_source": "amap",
        "_keyword": "无障碍卫生间",
        "_amap_id": "B0LKFUTOOK"
      },
      "geometry": {
        "type": "Point",
        "coordinates": [
          113.854307,
          22.796903
        ]
      }
    },
    {
      "type": "Feature",
      "properties": {
        "name": "公共厕所(公明清一幼儿园)",
        "address": "水荫路与马田路交叉口东南180米",
        "type": "公共设施;公共厕所;公共厕所",
        "typecode": "200300",
        "tel": [],
        "_source": "amap",
        "_keyword": "无障碍卫生间",
        "_amap_id": "B0LKM55V2G"
      },
      "geometry": {
        "type": "Point",
        "coordinates": [
          113.885934,
          22.793867
        ]
      }
    },
    {
      "type": "Feature",
      "properties": {
        "name": "公共厕所(深圳农村商业银行(三联支行))",
        "address": "洲石路辅路与北二路交叉口西北100米",
        "type": "公共设施;公共厕所;残障洗手间/无障碍洗手间",
        "typecode": "200303",
        "tel": [],
        "_source": "amap",
        "_keyword": "无障碍卫生间",
        "_amap_id": "B0LKUUYE1B"
      },
      "geometry": {
        "type": "Point",
        "coordinates": [
          113.863012,
          22.62541
        ]
      }
    },
    {
      "type": "Feature",
      "properties": {
        "name": "公共厕所(公明汽车站)",
        "address": "四区路与瀾樱路交叉口东北140米",
        "type": "公共设施;公共厕所;公共厕所",
        "typecode": "200300",
        "tel": [],
        "_source": "amap",
        "_keyword": "无障碍卫生间",
        "_amap_id": "B0LKM562P0"
      },
      "geometry": {
        "type": "Point",
        "coordinates": [
          113.891114,
          22.776493
        ]
      }
    },
    {
      "type": "Feature",
      "properties": {
        "name": "公共厕所(圣堤湾酒店)",
        "address": "长春北路与公明北环大道交叉口南80米",
        "type": "公共设施;公共厕所;公共厕所",
        "typecode": "200300",
        "tel": [],
        "_source": "amap",
        "_keyword": "无障碍卫生间",
        "_amap_id": "B0LKOHGO5U"
      },
      "geometry": {
        "type": "Point",
        "coordinates": [
          113.900043,
          22.793648
        ]
      }
    },
    {
      "type": "Feature",
      "properties": {
        "name": "公共厕所(深圳农村商业银行(劳动支行))",
        "address": "宝源路与劳动路交叉口东160米",
        "type": "公共设施;公共厕所;残障洗手间/无障碍洗手间",
        "typecode": "200303",
        "tel": [],
        "_source": "amap",
        "_keyword": "无障碍卫生间",
        "_amap_id": "B0LKUUZ11Y"
      },
      "geometry": {
        "type": "Point",
        "coordinates": [
          113.866556,
          22.5673
        ]
      }
    },
    {
      "type": "Feature",
      "properties": {
        "name": "公共厕所(渔业社区党群服务中心)",
        "address": "渔业新村东巷与渔业新村五巷交叉口北40米",
        "type": "公共设施;公共厕所;残障洗手间/无障碍洗手间",
        "typecode": "200303",
        "tel": [],
        "_source": "amap",
        "_keyword": "无障碍卫生间",
        "_amap_id": "B0LKJZ1XZJ"
      },
      "geometry": {
        "type": "Point",
        "coordinates": [
          113.869949,
          22.567266
        ]
      }
    },
    {
      "type": "Feature",
      "properties": {
        "name": "公共厕所(塘尾社区公园)",
        "address": "塘尾路与塘前路交叉口西南40米",
        "type": "公共设施;公共厕所;残障洗手间/无障碍洗手间",
        "typecode": "200303",
        "tel": [],
        "_source": "amap",
        "_keyword": "无障碍卫生间",
        "_amap_id": "B0LKXUNVL6"
      },
      "geometry": {
        "type": "Point",
        "coordinates": [
          113.905311,
          22.750576
        ]
      }
    },
    {
      "type": "Feature",
      "properties": {
        "name": "公共厕所(新庄社区党群服务中心)",
        "address": "延昌路与将富路交叉口东南120米",
        "type": "公共设施;公共厕所;残障洗手间/无障碍洗手间",
        "typecode": "200303",
        "tel": [],
        "_source": "amap",
        "_keyword": "无障碍卫生间",
        "_amap_id": "B0LKFUTVZW"
      },
      "geometry": {
        "type": "Point",
        "coordinates": [
          113.910054,
          22.761474
        ]
      }
    },
    {
      "type": "Feature",
      "properties": {
        "name": "公共厕所(深圳市宝安区妇幼保健院)",
        "address": "玉兰路与玉林路交叉口东160米",
        "type": "公共设施;公共厕所;残障洗手间/无障碍洗手间",
        "typecode": "200303",
        "tel": [],
        "_source": "amap",
        "_keyword": "无障碍卫生间",
        "_amap_id": "B0LKCZ15QB"
      },
      "geometry": {
        "type": "Point",
        "coordinates": [
          113.876783,
          22.562252
        ]
      }
    },
    {
      "type": "Feature",
      "properties": {
        "name": "公共厕所(深圳农村商业银行(荔园支行))",
        "address": "西乡荔园路与广深公路辅路交叉口西100米",
        "type": "公共设施;公共厕所;残障洗手间/无障碍洗手间",
        "typecode": "200303",
        "tel": [],
        "_source": "amap",
        "_keyword": "无障碍卫生间",
        "_amap_id": "B0LKUUZGAQ"
      },
      "geometry": {
        "type": "Point",
        "coordinates": [
          113.882974,
          22.576632
        ]
      }
    },
    {
      "type": "Feature",
      "properties": {
        "name": "公共厕所(石岩环湖碧道陌上花公园)",
        "address": "麻布新村四巷与麻布新村五巷交叉口东南340米",
        "type": "公共设施;公共厕所;残障洗手间/无障碍洗手间",
        "typecode": "200303",
        "tel": [],
        "_source": "amap",
        "_keyword": "无障碍卫生间",
        "_amap_id": "B0LKOHG8YJ"
      },
      "geometry": {
        "type": "Point",
        "coordinates": [
          113.902483,
          22.672237
        ]
      }
    },
    {
      "type": "Feature",
      "properties": {
        "name": "公共厕所(深圳市宝安区人民医院海华社区健康服务中心)",
        "address": "川安路与海华一路交叉口东20米",
        "type": "公共设施;公共厕所;残障洗手间/无障碍洗手间",
        "typecode": "200303",
        "tel": [],
        "_source": "amap",
        "_keyword": "无障碍卫生间",
        "_amap_id": "B0LKCZ0YAP"
      },
      "geometry": {
        "type": "Point",
        "coordinates": [
          113.886844,
          22.566004
        ]
      }
    },
    {
      "type": "Feature",
      "properties": {
        "name": "公共厕所(企龙山公园)",
        "address": "卧龙五路与卧龙三路交叉口南240米",
        "type": "公共设施;公共厕所;公共厕所",
        "typecode": "200300",
        "tel": [],
        "_source": "amap",
        "_keyword": "无障碍卫生间",
        "_amap_id": "B0LKZ5EVV3"
      },
      "geometry": {
        "type": "Point",
        "coordinates": [
          113.897235,
          22.594414
        ]
      }
    },
    {
      "type": "Feature",
      "properties": {
        "name": "公共厕所(深圳市宝安区石岩人民医院塘头社区健康服务中心)",
        "address": "塘头大道与骏业路交叉口南140米",
        "type": "公共设施;公共厕所;残障洗手间/无障碍洗手间",
        "typecode": "200303",
        "tel": [],
        "_source": "amap",
        "_keyword": "无障碍卫生间",
        "_amap_id": "B0LKCZ0QJW"
      },
      "geometry": {
        "type": "Point",
        "coordinates": [
          113.916784,
          22.660805
        ]
      }
    },
    {
      "type": "Feature",
      "properties": {
        "name": "公共厕所(深圳市宝安中医院(集团)上合社区健康服务中心)",
        "address": "上合路与宝安公园路交叉口西南60米",
        "type": "公共设施;公共厕所;残障洗手间/无障碍洗手间",
        "typecode": "200303",
        "tel": [],
        "_source": "amap",
        "_keyword": "无障碍卫生间",
        "_amap_id": "B0LKC51TPZ"
      },
      "geometry": {
        "type": "Point",
        "coordinates": [
          113.901458,
          22.57777
        ]
      }
    },
    {
      "type": "Feature",
      "properties": {
        "name": "公共厕所(兴海公园)",
        "address": "棉山路与前海路交叉口南120米",
        "type": "公共设施;公共厕所;残障洗手间/无障碍洗手间",
        "typecode": "200303",
        "tel": [],
        "_source": "amap",
        "_keyword": "无障碍卫生间",
        "_amap_id": "B0LKFUTW02"
      },
      "geometry": {
        "type": "Point",
        "coordinates": [
          113.885901,
          22.491843
        ]
      }
    },
    {
      "type": "Feature",
      "properties": {
        "name": "公共厕所(新安中学(集团)外国语学校)",
        "address": "创科九路与龙辉路交叉口西北140米",
        "type": "公共设施;公共厕所;残障洗手间/无障碍洗手间",
        "typecode": "200303",
        "tel": [],
        "_source": "amap",
        "_keyword": "无障碍卫生间",
        "_amap_id": "B0LK2CRDX6"
      },
      "geometry": {
        "type": "Point",
        "coordinates": [
          113.893152,
          22.601888
        ]
      }
    },
    {
      "type": "Feature",
      "properties": {
        "name": "公共厕所(新木社区公园)",
        "address": "祥和路与文昌路交叉口西100米",
        "type": "公共设施;公共厕所;残障洗手间/无障碍洗手间",
        "typecode": "200303",
        "tel": [],
        "_source": "amap",
        "_keyword": "无障碍卫生间",
        "_amap_id": "B0LK2CR6NH"
      },
      "geometry": {
        "type": "Point",
        "coordinates": [
          114.129225,
          22.66557
        ]
      }
    },
    {
      "type": "Feature",
      "properties": {
        "name": "公共厕所(小梅沙社区党群服务中心)",
        "address": "山海三街与S30惠深沿海高速出口交叉口西南120米",
        "type": "公共设施;公共厕所;残障洗手间/无障碍洗手间",
        "typecode": "200303",
        "tel": [],
        "_source": "amap",
        "_keyword": "无障碍卫生间",
        "_amap_id": "B0LK2CR6NF"
      },
      "geometry": {
        "type": "Point",
        "coordinates": [
          114.326146,
          22.603592
        ]
      }
    },
    {
      "type": "Feature",
      "properties": {
        "name": "公共厕所(文昌街社区健康服务中心)",
        "address": "香山西街与沙河街交叉口西80米",
        "type": "公共设施;公共厕所;残障洗手间/无障碍洗手间",
        "typecode": "200303",
        "tel": [],
        "_source": "amap",
        "_keyword": "无障碍卫生间",
        "_amap_id": "B0LK25R9TD"
      },
      "geometry": {
        "type": "Point",
        "coordinates": [
          113.96875,
          22.548953
        ]
      }
    },
    {
      "type": "Feature",
      "properties": {
        "name": "公共厕所(西乡公园)",
        "address": "西乡荔园路与宝凌路交叉口西北140米",
        "type": "公共设施;公共厕所;残障洗手间/无障碍洗手间",
        "typecode": "200303",
        "tel": [],
        "_source": "amap",
        "_keyword": "无障碍卫生间",
        "_amap_id": "B0LK25R2J1"
      },
      "geometry": {
        "type": "Point",
        "coordinates": [
          113.881363,
          22.577097
        ]
      }
    },
    {
      "type": "Feature",
      "properties": {
        "name": "公共厕所(田厦社区健康服务中心)",
        "address": "学府路与学府路中交叉口北100米",
        "type": "公共设施;公共厕所;残障洗手间/无障碍洗手间",
        "typecode": "200303",
        "tel": [],
        "_source": "amap",
        "_keyword": "无障碍卫生间",
        "_amap_id": "B0LK1ZCTKJ"
      },
      "geometry": {
        "type": "Point",
        "coordinates": [
          113.919013,
          22.528928
        ]
      }
    },
    {
      "type": "Feature",
      "properties": {
        "name": "深圳湾社康公共厕所",
        "address": "南山中心路与工业八路交叉口东北60米",
        "type": "公共设施;公共厕所;残障洗手间/无障碍洗手间",
        "typecode": "200303",
        "tel": [],
        "_source": "amap",
        "_keyword": "无障碍卫生间",
        "_amap_id": "B0LK1ZCTKH"
      },
      "geometry": {
        "type": "Point",
        "coordinates": [
          113.941007,
          22.501276
        ]
      }
    },
    {
      "type": "Feature",
      "properties": {
        "name": "公共厕所(南山博物馆)",
        "address": "南头街与南山大道交叉口西南100米",
        "type": "公共设施;公共厕所;残障洗手间/无障碍洗手间",
        "typecode": "200303",
        "tel": [],
        "_source": "amap",
        "_keyword": "无障碍卫生间",
        "_amap_id": "B0LK1ZCTKD"
      },
      "geometry": {
        "type": "Point",
        "coordinates": [
          113.923668,
          22.535084
        ]
      }
    },
    {
      "type": "Feature",
      "properties": {
        "name": "公共厕所(罗租小学)",
        "address": "罗租学校路与罗租中心巷交叉口北200米",
        "type": "公共设施;公共厕所;残障洗手间/无障碍洗手间",
        "typecode": "200303",
        "tel": [],
        "_source": "amap",
        "_keyword": "无障碍卫生间",
        "_amap_id": "B0LK1ZCM9Q"
      },
      "geometry": {
        "type": "Point",
        "coordinates": [
          113.936248,
          22.674905
        ]
      }
    },
    {
      "type": "Feature",
      "properties": {
        "name": "公共厕所(蔚蓝海岸社区健康服务中心)",
        "address": "蔚蓝三路与登良路交叉口东南40米",
        "type": "公共设施;公共厕所;残障洗手间/无障碍洗手间",
        "typecode": "200303",
        "tel": [],
        "_source": "amap",
        "_keyword": "无障碍卫生间",
        "_amap_id": "B0LK1ZCEPC"
      },
      "geometry": {
        "type": "Point",
        "coordinates": [
          113.934202,
          22.50953
        ]
      }
    },
    {
      "type": "Feature",
      "properties": {
        "name": "公共厕所(南油社区健康服务中心)",
        "address": "华年路与南海大道交叉口东南100米",
        "type": "公共设施;公共厕所;残障洗手间/无障碍洗手间",
        "typecode": "200303",
        "tel": [],
        "_source": "amap",
        "_keyword": "无障碍卫生间",
        "_amap_id": "B0LK1ZCEP9"
      },
      "geometry": {
        "type": "Point",
        "coordinates": [
          113.925677,
          22.507769
        ]
      }
    },
    {
      "type": "Feature",
      "properties": {
        "name": "公共厕所(梅沙湾公园)",
        "address": "梅沙金沙街与盐梅路交叉口西北120米",
        "type": "公共设施;公共厕所;残障洗手间/无障碍洗手间",
        "typecode": "200303",
        "tel": [],
        "_source": "amap",
        "_keyword": "无障碍卫生间",
        "_amap_id": "B0LK1ZCEP7"
      },
      "geometry": {
        "type": "Point",
        "coordinates": [
          114.312649,
          22.599677
        ]
      }
    },
    {
      "type": "Feature",
      "properties": {
        "name": "公共厕所(梅沙院区)",
        "address": "艺海路与S30惠深沿海高速出口交叉口南60米",
        "type": "公共设施;公共厕所;残障洗手间/无障碍洗手间",
        "typecode": "200303",
        "tel": [],
        "_source": "amap",
        "_keyword": "无障碍卫生间",
        "_amap_id": "B0LK1CE34M"
      },
      "geometry": {
        "type": "Point",
        "coordinates": [
          114.304806,
          22.601437
        ]
      }
    },
    {
      "type": "Feature",
      "properties": {
        "name": "公共厕所(田东中学)",
        "address": "东和路与海涛路交叉口西80米",
        "type": "公共设施;公共厕所;残障洗手间/无障碍洗手间",
        "typecode": "200303",
        "tel": [],
        "_source": "amap",
        "_keyword": "无障碍卫生间",
        "_amap_id": "B0LK1CE34G"
      },
      "geometry": {
        "type": "Point",
        "coordinates": [
          114.234028,
          22.551543
        ]
      }
    },
    {
      "type": "Feature",
      "properties": {
        "name": "洗手间(桥头学校)",
        "address": "育进路与育桥路交叉口北120米",
        "type": "公共设施;公共厕所;残障洗手间/无障碍洗手间",
        "typecode": "200303",
        "tel": [],
        "_source": "amap",
        "_keyword": "无障碍卫生间",
        "_amap_id": "B0LK15E2DU"
      },
      "geometry": {
        "type": "Point",
        "coordinates": [
          113.810729,
          22.694331
        ]
      }
    },
    {
      "type": "Feature",
      "properties": {
        "name": "洗手间(人民小学)",
        "address": "晒布路与东门中路交叉口西北140米",
        "type": "公共设施;公共厕所;残障洗手间/无障碍洗手间",
        "typecode": "200303",
        "tel": [],
        "_source": "amap",
        "_keyword": "无障碍卫生间",
        "_amap_id": "B0LK15DV7W"
      },
      "geometry": {
        "type": "Point",
        "coordinates": [
          114.12111,
          22.549236
        ]
      }
    },
    {
      "type": "Feature",
      "properties": {
        "name": "洗手间(桥兴学校)",
        "address": "荔丰路与桥南路交叉口南120米",
        "type": "公共设施;公共厕所;残障洗手间/无障碍洗手间",
        "typecode": "200303",
        "tel": [],
        "_source": "amap",
        "_keyword": "无障碍卫生间",
        "_amap_id": "B0LK15DNHZ"
      },
      "geometry": {
        "type": "Point",
        "coordinates": [
          113.808918,
          22.690346
        ]
      }
    },
    {
      "type": "Feature",
      "properties": {
        "name": "公共厕所(中国农业银行深圳龙华新区支行)",
        "address": "碧和路与龙华大道交叉口西北60米",
        "type": "公共设施;公共厕所;残障洗手间/无障碍洗手间",
        "typecode": "200303",
        "tel": [],
        "_source": "amap",
        "_keyword": "无障碍卫生间",
        "_amap_id": "B0LK0H7V76"
      },
      "geometry": {
        "type": "Point",
        "coordinates": [
          114.048937,
          22.685613
        ]
      }
    },
    {
      "type": "Feature",
      "properties": {
        "name": "公共厕所(中国农业银行深圳富通城支行)",
        "address": "兴业路与悦和路交叉口南40米",
        "type": "公共设施;公共厕所;残障洗手间/无障碍洗手间",
        "typecode": "200303",
        "tel": [],
        "_source": "amap",
        "_keyword": "无障碍卫生间",
        "_amap_id": "B0LK0H7NME"
      },
      "geometry": {
        "type": "Point",
        "coordinates": [
          113.855401,
          22.568378
        ]
      }
    },
    {
      "type": "Feature",
      "properties": {
        "name": "公共厕所(中信银行蛇口支行)",
        "address": "迎涛路与望海路交叉口北40米",
        "type": "公共设施;公共厕所;残障洗手间/无障碍洗手间",
        "typecode": "200303",
        "tel": [],
        "_source": "amap",
        "_keyword": "无障碍卫生间",
        "_amap_id": "B0LK0H7G5U"
      },
      "geometry": {
        "type": "Point",
        "coordinates": [
          113.915411,
          22.480855
        ]
      }
    },
    {
      "type": "Feature",
      "properties": {
        "name": "公共厕所(中国邮政储蓄银行田寮营业所)",
        "address": "田湾路与文明路交叉口东40米",
        "type": "公共设施;公共厕所;残障洗手间/无障碍洗手间",
        "typecode": "200303",
        "tel": [],
        "_source": "amap",
        "_keyword": "无障碍卫生间",
        "_amap_id": "B0LK0H7G5T"
      },
      "geometry": {
        "type": "Point",
        "coordinates": [
          113.904609,
          22.726685
        ]
      }
    },
    {
      "type": "Feature",
      "properties": {
        "name": "公共厕所(中国农业银行深圳盐田区支行)",
        "address": "东海四街与盐田路交叉口北60米",
        "type": "公共设施;公共厕所;残障洗手间/无障碍洗手间",
        "typecode": "200303",
        "tel": [],
        "_source": "amap",
        "_keyword": "无障碍卫生间",
        "_amap_id": "B0LK0H7G5Q"
      },
      "geometry": {
        "type": "Point",
        "coordinates": [
          114.254587,
          22.588455
        ]
      }
    },
    {
      "type": "Feature",
      "properties": {
        "name": "公共厕所(竹高塘垃圾中转站)",
        "address": "竹高塘路与平竹街交叉口东北260米",
        "type": "公共设施;公共厕所;残障洗手间/无障碍洗手间",
        "typecode": "200303",
        "tel": [],
        "_source": "amap",
        "_keyword": "无障碍卫生间",
        "_amap_id": "B0LK0C8B74"
      },
      "geometry": {
        "type": "Point",
        "coordinates": [
          114.14737,
          22.687898
        ]
      }
    },
    {
      "type": "Feature",
      "properties": {
        "name": "公共厕所(钟屋小学)",
        "address": "钟屋一路与钟屋二路交叉口东北160米",
        "type": "公共设施;公共厕所;残障洗手间/无障碍洗手间",
        "typecode": "200303",
        "tel": [],
        "_source": "amap",
        "_keyword": "无障碍卫生间",
        "_amap_id": "B0LK0C8B73"
      },
      "geometry": {
        "type": "Point",
        "coordinates": [
          113.847242,
          22.622803
        ]
      }
    },
    {
      "type": "Feature",
      "properties": {
        "name": "公共厕所(朱古石路)",
        "address": "连心路与将军帽路交叉口西北100米",
        "type": "公共设施;公共厕所;残障洗手间/无障碍洗手间",
        "typecode": "200303",
        "tel": [],
        "_source": "amap",
        "_keyword": "无障碍卫生间",
        "_amap_id": "B0LK0C83KF"
      },
      "geometry": {
        "type": "Point",
        "coordinates": [
          114.229503,
          22.747354
        ]
      }
    },
    {
      "type": "Feature",
      "properties": {
        "name": "公共厕所(清湖文化公园东入口处)",
        "address": "大和路与清湖东一巷交叉口西北200米",
        "type": "公共设施;公共厕所;残障洗手间/无障碍洗手间",
        "typecode": "200303",
        "tel": [],
        "_source": "amap",
        "_keyword": "无障碍卫生间",
        "_amap_id": "B0LKZ7FBP8"
      },
      "geometry": {
        "type": "Point",
        "coordinates": [
          114.051661,
          22.668914
        ]
      }
    },
    {
      "type": "Feature",
      "properties": {
        "name": "福田区上沙小学无障碍卫生间",
        "address": "沙头街道上沙村48栋一巷10号",
        "type": "公共设施;公共厕所;残障洗手间/无障碍洗手间",
        "typecode": "200303",
        "tel": [],
        "_source": "amap",
        "_keyword": "无障碍卫生间",
        "_amap_id": "B0LRBZNSOC"
      },
      "geometry": {
        "type": "Point",
        "coordinates": [
          114.028836,
          22.522797
        ]
      }
    },
    {
      "type": "Feature",
      "properties": {
        "name": "公共厕所(天虹商场民治店三楼)",
        "address": "民治大道与横岭北街交叉口北80米",
        "type": "公共设施;公共厕所;残障洗手间/无障碍洗手间",
        "typecode": "200303",
        "tel": [],
        "_source": "amap",
        "_keyword": "无障碍卫生间",
        "_amap_id": "B0LKXUO38H"
      },
      "geometry": {
        "type": "Point",
        "coordinates": [
          114.045068,
          22.61016
        ]
      }
    },
    {
      "type": "Feature",
      "properties": {
        "name": "梅林山公园A02MLS005(山顶)无障碍卫生间",
        "address": "梅亭路14号",
        "type": "公共设施;公共厕所;公共厕所",
        "typecode": "200300",
        "tel": [],
        "_source": "amap",
        "_keyword": "无障碍卫生间",
        "_amap_id": "B0LRBZLU58"
      },
      "geometry": {
        "type": "Point",
        "coordinates": [
          114.039482,
          22.57138
        ]
      }
    },
    {
      "type": "Feature",
      "properties": {
        "name": "梅林公园山顶小店无障碍卫生间",
        "address": "梅亭路14号",
        "type": "公共设施;公共厕所;残障洗手间/无障碍洗手间",
        "typecode": "200303",
        "tel": [],
        "_source": "amap",
        "_keyword": "无障碍卫生间",
        "_amap_id": "B0LRBZNE09"
      },
      "geometry": {
        "type": "Point",
        "coordinates": [
          114.041454,
          22.57092
        ]
      }
    },
    {
      "type": "Feature",
      "properties": {
        "name": "新洲小学无障碍卫生间",
        "address": "新洲九街2号",
        "type": "公共设施;公共厕所;残障洗手间/无障碍洗手间",
        "typecode": "200303",
        "tel": [],
        "_source": "amap",
        "_keyword": "无障碍卫生间",
        "_amap_id": "B0LRBZN85D"
      },
      "geometry": {
        "type": "Point",
        "coordinates": [
          114.04902,
          22.525054
        ]
      }
    },
    {
      "type": "Feature",
      "properties": {
        "name": "彩田公园西门公厕无障碍卫生间",
        "address": "彩田公园西门公厕",
        "type": "公共设施;公共厕所;残障洗手间/无障碍洗手间",
        "typecode": "200303",
        "tel": [],
        "_source": "amap",
        "_keyword": "无障碍卫生间",
        "_amap_id": "B0LRBANDBL"
      },
      "geometry": {
        "type": "Point",
        "coordinates": [
          114.063392,
          22.562904
        ]
      }
    },
    {
      "type": "Feature",
      "properties": {
        "name": "彩田公园南门无障碍卫生间",
        "address": "彩田公园南门公厕",
        "type": "公共设施;公共厕所;残障洗手间/无障碍洗手间",
        "typecode": "200303",
        "tel": [],
        "_source": "amap",
        "_keyword": "无障碍卫生间",
        "_amap_id": "B0LRBZN82V"
      },
      "geometry": {
        "type": "Point",
        "coordinates": [
          114.065983,
          22.563831
        ]
      }
    },
    {
      "type": "Feature",
      "properties": {
        "name": "深业上城北区公寓西座一楼无障碍卫生间",
        "address": "莲科路西侧华富街道公共法律服务中心内",
        "type": "公共设施;公共厕所;公共厕所",
        "typecode": "200300",
        "tel": [],
        "_source": "amap",
        "_keyword": "无障碍卫生间",
        "_amap_id": "B0LRBAN7R3"
      },
      "geometry": {
        "type": "Point",
        "coordinates": [
          114.068295,
          22.558085
        ]
      }
    },
    {
      "type": "Feature",
      "properties": {
        "name": "莲花一村广场无障碍卫生间",
        "address": "莲花一村广场舞台右侧",
        "type": "公共设施;公共厕所;残障洗手间/无障碍洗手间",
        "typecode": "200303",
        "tel": [],
        "_source": "amap",
        "_keyword": "无障碍卫生间",
        "_amap_id": "B0LRBZLEAX"
      },
      "geometry": {
        "type": "Point",
        "coordinates": [
          114.070161,
          22.553373
        ]
      }
    },
    {
      "type": "Feature",
      "properties": {
        "name": "福民大厦福民党群无障碍卫生间",
        "address": "福田街道福民大厦",
        "type": "公共设施;公共厕所;残障洗手间/无障碍洗手间",
        "typecode": "200303",
        "tel": [],
        "_source": "amap",
        "_keyword": "无障碍卫生间",
        "_amap_id": "B0LRBAN4KS"
      },
      "geometry": {
        "type": "Point",
        "coordinates": [
          114.069155,
          22.522649
        ]
      }
    },
    {
      "type": "Feature",
      "properties": {
        "name": "公共厕所(银湖蓝山社区健康服务中心)",
        "address": "北环大道辅路与珠环三路交叉口西80米",
        "type": "公共设施;公共厕所;残障洗手间/无障碍洗手间",
        "typecode": "200303",
        "tel": [],
        "_source": "amap",
        "_keyword": "无障碍卫生间",
        "_amap_id": "B0LKJZ1R7R"
      },
      "geometry": {
        "type": "Point",
        "coordinates": [
          114.081802,
          22.57016
        ]
      }
    },
    {
      "type": "Feature",
      "properties": {
        "name": "华红社区党群服务中心无障碍卫生间",
        "address": "交行大厦一层",
        "type": "公共设施;公共设施;公共设施",
        "typecode": "200000",
        "tel": [],
        "_source": "amap",
        "_keyword": "无障碍卫生间",
        "_amap_id": "B0LRPLS6B6"
      },
      "geometry": {
        "type": "Point",
        "coordinates": [
          114.085129,
          22.549109
        ]
      }
    },
    {
      "type": "Feature",
      "properties": {
        "name": "华强北垃圾转运站无障碍卫生间",
        "address": "华强北路4005号",
        "type": "公共设施;公共厕所;残障洗手间/无障碍洗手间",
        "typecode": "200303",
        "tel": [],
        "_source": "amap",
        "_keyword": "无障碍卫生间",
        "_amap_id": "B0LRBZNL80"
      },
      "geometry": {
        "type": "Point",
        "coordinates": [
          114.0871,
          22.552962
        ]
      }
    },
    {
      "type": "Feature",
      "properties": {
        "name": "华强南转运站无障碍卫生间",
        "address": "华强南路3003号",
        "type": "公共设施;公共厕所;残障洗手间/无障碍洗手间",
        "typecode": "200303",
        "tel": [],
        "_source": "amap",
        "_keyword": "无障碍卫生间",
        "_amap_id": "B0LRBSLF1I"
      },
      "geometry": {
        "type": "Point",
        "coordinates": [
          114.086463,
          22.538421
        ]
      }
    },
    {
      "type": "Feature",
      "properties": {
        "name": "公共厕所(银湖社区健康服务中心)",
        "address": "金碧路与金宁路交叉口西120米",
        "type": "公共设施;公共厕所;残障洗手间/无障碍洗手间",
        "typecode": "200303",
        "tel": [],
        "_source": "amap",
        "_keyword": "无障碍卫生间",
        "_amap_id": "B0LKJZ1JTR"
      },
      "geometry": {
        "type": "Point",
        "coordinates": [
          114.093387,
          22.568401
        ]
      }
    },
    {
      "type": "Feature",
      "properties": {
        "name": "公共厕所(深圳农商银行(山厦支行))",
        "address": "新厦大道与新力路交叉口东南120米",
        "type": "公共设施;公共厕所;残障洗手间/无障碍洗手间",
        "typecode": "200303",
        "tel": [],
        "_source": "amap",
        "_keyword": "无障碍卫生间",
        "_amap_id": "B0LKUUZ11Z"
      },
      "geometry": {
        "type": "Point",
        "coordinates": [
          114.123724,
          22.70139
        ]
      }
    },
    {
      "type": "Feature",
      "properties": {
        "name": "鹏盛社区党群服务中心无障碍卫生间",
        "address": "八卦一路盛12号",
        "type": "公共设施;公共厕所;残障洗手间/无障碍洗手间",
        "typecode": "200303",
        "tel": [],
        "_source": "amap",
        "_keyword": "无障碍卫生间",
        "_amap_id": "B0LRHA7ZIH"
      },
      "geometry": {
        "type": "Point",
        "coordinates": [
          114.097697,
          22.556797
        ]
      }
    },
    {
      "type": "Feature",
      "properties": {
        "name": "公共厕所(思清公园)",
        "address": "西环路与环德路交叉口东北180米",
        "type": "公共设施;公共厕所;残障洗手间/无障碍洗手间",
        "typecode": "200303",
        "tel": [],
        "_source": "amap",
        "_keyword": "无障碍卫生间",
        "_amap_id": "B0LKOCHDT1"
      },
      "geometry": {
        "type": "Point",
        "coordinates": [
          114.108285,
          22.592716
        ]
      }
    },
    {
      "type": "Feature",
      "properties": {
        "name": "公共厕所(浦发银行(深圳分行))",
        "address": "浦诚路与红岭北路交叉口东60米",
        "type": "公共设施;公共厕所;公共厕所",
        "typecode": "200300",
        "tel": [],
        "_source": "amap",
        "_keyword": "无障碍卫生间",
        "_amap_id": "B0LKZ5EVV2"
      },
      "geometry": {
        "type": "Point",
        "coordinates": [
          114.104997,
          22.564216
        ]
      }
    },
    {
      "type": "Feature",
      "properties": {
        "name": "公共厕所(笋岗街道社区健康服务中心)",
        "address": "梅园路与宝岗路交叉口北40米",
        "type": "公共设施;公共厕所;残障洗手间/无障碍洗手间",
        "typecode": "200303",
        "tel": [],
        "_source": "amap",
        "_keyword": "无障碍卫生间",
        "_amap_id": "B0LKXUO38B"
      },
      "geometry": {
        "type": "Point",
        "coordinates": [
          114.111968,
          22.564162
        ]
      }
    },
    {
      "type": "Feature",
      "properties": {
        "name": "公共厕所(香格里拉大酒店)",
        "address": "建设路与人民南路交叉口西40米",
        "type": "公共设施;公共厕所;残障洗手间/无障碍洗手间",
        "typecode": "200303",
        "tel": [],
        "_source": "amap",
        "_keyword": "无障碍卫生间",
        "_amap_id": "B0LKOAG5MZ"
      },
      "geometry": {
        "type": "Point",
        "coordinates": [
          114.118664,
          22.533561
        ]
      }
    },
    {
      "type": "Feature",
      "properties": {
        "name": "公共厕所(粤海酒店)",
        "address": "嘉北六街与南湖路交叉口东北40米",
        "type": "公共设施;公共厕所;残障洗手间/无障碍洗手间",
        "typecode": "200303",
        "tel": [],
        "_source": "amap",
        "_keyword": "无障碍卫生间",
        "_amap_id": "B0LKJ521DW"
      },
      "geometry": {
        "type": "Point",
        "coordinates": [
          114.120587,
          22.543149
        ]
      }
    },
    {
      "type": "Feature",
      "properties": {
        "name": "公共厕所(深圳彭年万丽酒店)",
        "address": "东门南路与嘉宾路交叉口西60米",
        "type": "公共设施;公共厕所;残障洗手间/无障碍洗手间",
        "typecode": "200303",
        "tel": [],
        "_source": "amap",
        "_keyword": "无障碍卫生间",
        "_amap_id": "B0LKUUZNS4"
      },
      "geometry": {
        "type": "Point",
        "coordinates": [
          114.122508,
          22.541128
        ]
      }
    },
    {
      "type": "Feature",
      "properties": {
        "name": "公共厕所(求水山公园)",
        "address": "罗岗路与南湾龙山路交叉口南200米",
        "type": "公共设施;公共厕所;残障洗手间/无障碍洗手间",
        "typecode": "200303",
        "tel": [],
        "_source": "amap",
        "_keyword": "无障碍卫生间",
        "_amap_id": "B0LKZ7EYOD"
      },
      "geometry": {
        "type": "Point",
        "coordinates": [
          114.143142,
          22.599051
        ]
      }
    },
    {
      "type": "Feature",
      "properties": {
        "name": "无障碍洗手间(KK TIME)",
        "address": "水贝二路81号(洪湖地铁站D口步行350米)KK TIMEL2层",
        "type": "公共设施;公共厕所;残障洗手间/无障碍洗手间",
        "typecode": "200303",
        "tel": [],
        "_source": "amap",
        "_keyword": "无障碍卫生间",
        "_amap_id": "B0MBNCT6ML"
      },
      "geometry": {
        "type": "Point",
        "coordinates": [
          114.124198,
          22.569927
        ]
      }
    },
    {
      "type": "Feature",
      "properties": {
        "name": "无障碍洗手间(KK TIME)",
        "address": "水贝二路81号(洪湖地铁站D口步行350米)KK TIMEB1层",
        "type": "公共设施;公共厕所;残障洗手间/无障碍洗手间",
        "typecode": "200303",
        "tel": [],
        "_source": "amap",
        "_keyword": "无障碍卫生间",
        "_amap_id": "B0MBNCT6MK"
      },
      "geometry": {
        "type": "Point",
        "coordinates": [
          114.124208,
          22.568371
        ]
      }
    },
    {
      "type": "Feature",
      "properties": {
        "name": "无障碍洗手间(KK TIME)",
        "address": "水贝二路81号(洪湖地铁站D口步行350米)KK TIMEL4层",
        "type": "公共设施;公共厕所;残障洗手间/无障碍洗手间",
        "typecode": "200303",
        "tel": [],
        "_source": "amap",
        "_keyword": "无障碍卫生间",
        "_amap_id": "B0MBNCSZ12"
      },
      "geometry": {
        "type": "Point",
        "coordinates": [
          114.124206,
          22.56992
        ]
      }
    },
    {
      "type": "Feature",
      "properties": {
        "name": "无障碍洗手间(KK TIME)",
        "address": "水贝二路81号(洪湖地铁站D口步行350米)KK TIMEB1层",
        "type": "公共设施;公共厕所;残障洗手间/无障碍洗手间",
        "typecode": "200303",
        "tel": [],
        "_source": "amap",
        "_keyword": "无障碍卫生间",
        "_amap_id": "B0MBNCSZ11"
      },
      "geometry": {
        "type": "Point",
        "coordinates": [
          114.124183,
          22.567872
        ]
      }
    },
    {
      "type": "Feature",
      "properties": {
        "name": "无障碍洗手间(KK TIME)",
        "address": "水贝二路81号(洪湖地铁站D口步行350米)KK TIMEL2层",
        "type": "公共设施;公共厕所;残障洗手间/无障碍洗手间",
        "typecode": "200303",
        "tel": [],
        "_source": "amap",
        "_keyword": "无障碍卫生间",
        "_amap_id": "B0MBNCSW1P"
      },
      "geometry": {
        "type": "Point",
        "coordinates": [
          114.124235,
          22.567753
        ]
      }
    },
    {
      "type": "Feature",
      "properties": {
        "name": "无障碍洗手间(KK TIME)",
        "address": "水贝二路81号(洪湖地铁站D口步行350米)KK TIMEL2层",
        "type": "公共设施;公共厕所;残障洗手间/无障碍洗手间",
        "typecode": "200303",
        "tel": [],
        "_source": "amap",
        "_keyword": "无障碍卫生间",
        "_amap_id": "B0MBNCSW1O"
      },
      "geometry": {
        "type": "Point",
        "coordinates": [
          114.124269,
          22.567488
        ]
      }
    },
    {
      "type": "Feature",
      "properties": {
        "name": "无障碍洗手间(KK TIME)",
        "address": "水贝二路81号(洪湖地铁站D口步行350米)KK TIMEL3层",
        "type": "公共设施;公共厕所;残障洗手间/无障碍洗手间",
        "typecode": "200303",
        "tel": [],
        "_source": "amap",
        "_keyword": "无障碍卫生间",
        "_amap_id": "B0MBNCSO3I"
      },
      "geometry": {
        "type": "Point",
        "coordinates": [
          114.124195,
          22.569941
        ]
      }
    },
    {
      "type": "Feature",
      "properties": {
        "name": "无障碍洗手间(京基百纳广场沙井店)",
        "address": "沙井路168号京基百纳广场(沙井店)L5层",
        "type": "公共设施;公共厕所;残障洗手间/无障碍洗手间",
        "typecode": "200303",
        "tel": [],
        "_source": "amap",
        "_keyword": "无障碍卫生间",
        "_amap_id": "B0M6JUELZF"
      },
      "geometry": {
        "type": "Point",
        "coordinates": [
          113.805989,
          22.727256
        ]
      }
    },
    {
      "type": "Feature",
      "properties": {
        "name": "无障碍洗手间(京基百纳广场沙井店)",
        "address": "沙井路168号京基百纳广场(沙井店)L4层",
        "type": "公共设施;公共厕所;残障洗手间/无障碍洗手间",
        "typecode": "200303",
        "tel": [],
        "_source": "amap",
        "_keyword": "无障碍卫生间",
        "_amap_id": "B0M6JUELZ1"
      },
      "geometry": {
        "type": "Point",
        "coordinates": [
          113.805939,
          22.727242
        ]
      }
    },
    {
      "type": "Feature",
      "properties": {
        "name": "无障碍洗手间(京基百纳广场沙井店)",
        "address": "沙井路168号京基百纳广场(沙井店)L4层",
        "type": "公共设施;公共厕所;残障洗手间/无障碍洗手间",
        "typecode": "200303",
        "tel": [],
        "_source": "amap",
        "_keyword": "无障碍卫生间",
        "_amap_id": "B0M6JUELYZ"
      },
      "geometry": {
        "type": "Point",
        "coordinates": [
          113.806519,
          22.728092
        ]
      }
    },
    {
      "type": "Feature",
      "properties": {
        "name": "无障碍洗手间(京基百纳广场沙井店)",
        "address": "沙井路168号京基百纳广场(沙井店)L2层",
        "type": "公共设施;公共厕所;残障洗手间/无障碍洗手间",
        "typecode": "200303",
        "tel": [],
        "_source": "amap",
        "_keyword": "无障碍卫生间",
        "_amap_id": "B0M6JUELYO"
      },
      "geometry": {
        "type": "Point",
        "coordinates": [
          113.805967,
          22.727259
        ]
      }
    },
    {
      "type": "Feature",
      "properties": {
        "name": "无障碍洗手间(京基百纳广场沙井店)",
        "address": "沙井路168号京基百纳广场(沙井店)L1层",
        "type": "公共设施;公共厕所;残障洗手间/无障碍洗手间",
        "typecode": "200303",
        "tel": [],
        "_source": "amap",
        "_keyword": "无障碍卫生间",
        "_amap_id": "B0M6JUEARE"
      },
      "geometry": {
        "type": "Point",
        "coordinates": [
          113.805554,
          22.728365
        ]
      }
    },
    {
      "type": "Feature",
      "properties": {
        "name": "无障碍洗手间(京基百纳广场沙井店)",
        "address": "沙井路168号京基百纳广场(沙井店)L6层",
        "type": "公共设施;公共厕所;残障洗手间/无障碍洗手间",
        "typecode": "200303",
        "tel": [],
        "_source": "amap",
        "_keyword": "无障碍卫生间",
        "_amap_id": "B0M6JUDXJ0"
      },
      "geometry": {
        "type": "Point",
        "coordinates": [
          113.806039,
          22.72726
        ]
      }
    },
    {
      "type": "Feature",
      "properties": {
        "name": "无障碍洗手间(京基百纳广场沙井店)",
        "address": "沙井路168号京基百纳广场(沙井店)L3层",
        "type": "公共设施;公共厕所;残障洗手间/无障碍洗手间",
        "typecode": "200303",
        "tel": [],
        "_source": "amap",
        "_keyword": "无障碍卫生间",
        "_amap_id": "B0M6JUDXII"
      },
      "geometry": {
        "type": "Point",
        "coordinates": [
          113.805979,
          22.727258
        ]
      }
    },
    {
      "type": "Feature",
      "properties": {
        "name": "无障碍洗手间(京基百纳广场沙井店)",
        "address": "沙井路168号京基百纳广场(沙井店)L2层",
        "type": "公共设施;公共厕所;残障洗手间/无障碍洗手间",
        "typecode": "200303",
        "tel": [],
        "_source": "amap",
        "_keyword": "无障碍卫生间",
        "_amap_id": "B0M6JUDXIA"
      },
      "geometry": {
        "type": "Point",
        "coordinates": [
          113.80646,
          22.728045
        ]
      }
    },
    {
      "type": "Feature",
      "properties": {
        "name": "无障碍洗手间(欢乐颂购物中心)",
        "address": "南新路3030号欢乐颂购物中心B1层",
        "type": "公共设施;公共厕所;残障洗手间/无障碍洗手间",
        "typecode": "200303",
        "tel": [],
        "_source": "amap",
        "_keyword": "无障碍卫生间",
        "_amap_id": "B0M6FL0PDW"
      },
      "geometry": {
        "type": "Point",
        "coordinates": [
          113.920202,
          22.535247
        ]
      }
    },
    {
      "type": "Feature",
      "properties": {
        "name": "无障碍洗手间(欢乐颂购物中心)",
        "address": "南新路3030号欢乐颂购物中心L4层",
        "type": "公共设施;公共厕所;残障洗手间/无障碍洗手间",
        "typecode": "200303",
        "tel": [],
        "_source": "amap",
        "_keyword": "无障碍卫生间",
        "_amap_id": "B0M6FL0HVO"
      },
      "geometry": {
        "type": "Point",
        "coordinates": [
          113.920075,
          22.535458
        ]
      }
    },
    {
      "type": "Feature",
      "properties": {
        "name": "万达广场(深圳龙岗店)-无障碍洗手间",
        "address": "凤安路与华南二道交叉口东北140米",
        "type": "公共设施;公共厕所;公共厕所",
        "typecode": "200300",
        "tel": [],
        "_source": "amap",
        "_keyword": "无障碍卫生间",
        "_amap_id": "B0M6A5YM55"
      },
      "geometry": {
        "type": "Point",
        "coordinates": [
          114.131176,
          22.672978
        ]
      }
    },
    {
      "type": "Feature",
      "properties": {
        "name": "公共洗手间",
        "address": "布龙路911号",
        "type": "生活服务;生活服务场所;生活服务场所",
        "typecode": "070000",
        "tel": [],
        "_source": "amap",
        "_keyword": "无障碍卫生间",
        "_amap_id": "B0LUU5Q3HA"
      },
      "geometry": {
        "type": "Point",
        "coordinates": [
          114.020251,
          22.635948
        ]
      }
    },
    {
      "type": "Feature",
      "properties": {
        "name": "无障碍洗手间(深圳湾体育中心)",
        "address": "滨海大道3001号深圳湾体育中心B1层",
        "type": "公共设施;公共厕所;残障洗手间/无障碍洗手间",
        "typecode": "200303",
        "tel": [],
        "_source": "amap",
        "_keyword": "无障碍卫生间",
        "_amap_id": "B0LUMLG4DE"
      },
      "geometry": {
        "type": "Point",
        "coordinates": [
          113.948373,
          22.518297
        ]
      }
    },
    {
      "type": "Feature",
      "properties": {
        "name": "盒马鲜生无障碍卫生间",
        "address": "新洲路与新洲南新街交汇处",
        "type": "公共设施;公共设施;公共设施",
        "typecode": "200000",
        "tel": [],
        "_source": "amap",
        "_keyword": "无障碍卫生间",
        "_amap_id": "B0LRYSVR6R"
      },
      "geometry": {
        "type": "Point",
        "coordinates": [
          114.046691,
          22.521377
        ]
      }
    },
    {
      "type": "Feature",
      "properties": {
        "name": "无障碍洗手间(新沙天虹购物中心)",
        "address": "沙井街道西环路2105号新沙天虹购物中心F6层",
        "type": "公共设施;公共厕所;残障洗手间/无障碍洗手间",
        "typecode": "200303",
        "tel": [],
        "_source": "amap",
        "_keyword": "无障碍卫生间",
        "_amap_id": "B0LRJSHKW0"
      },
      "geometry": {
        "type": "Point",
        "coordinates": [
          113.800179,
          22.728962
        ]
      }
    },
    {
      "type": "Feature",
      "properties": {
        "name": "无障碍洗手间(新沙天虹购物中心)",
        "address": "沙井街道西环路2105号新沙天虹购物中心F1层",
        "type": "公共设施;公共厕所;残障洗手间/无障碍洗手间",
        "typecode": "200303",
        "tel": [],
        "_source": "amap",
        "_keyword": "无障碍卫生间",
        "_amap_id": "B0LRJSHKVX"
      },
      "geometry": {
        "type": "Point",
        "coordinates": [
          113.799965,
          22.730011
        ]
      }
    },
    {
      "type": "Feature",
      "properties": {
        "name": "香蜜湖街道图书馆公共厕所",
        "address": "农林路24号",
        "type": "公共设施;公共厕所;公共厕所",
        "typecode": "200300",
        "tel": [],
        "_source": "amap",
        "_keyword": "无障碍卫生间",
        "_amap_id": "B0L6MCXQ9A"
      },
      "geometry": {
        "type": "Point",
        "coordinates": [
          114.018855,
          22.537355
        ]
      }
    },
    {
      "type": "Feature",
      "properties": {
        "name": "香蜜湖街道东海社区无障碍卫生间",
        "address": "香蜜湖街道农轩路33号天御香山花园6栋首层",
        "type": "公共设施;公共厕所;残障洗手间/无障碍洗手间",
        "typecode": "200303",
        "tel": "0755-83710017",
        "_source": "amap",
        "_keyword": "无障碍卫生间",
        "_amap_id": "B0L6MCXQ8Z"
      },
      "geometry": {
        "type": "Point",
        "coordinates": [
          114.019878,
          22.537978
        ]
      }
    },
    {
      "type": "Feature",
      "properties": {
        "name": "香蜜湖风湿病专科医院无障碍卫生间",
        "address": "农林路24号",
        "type": "公共设施;公共厕所;残障洗手间/无障碍洗手间",
        "typecode": "200303",
        "tel": [],
        "_source": "amap",
        "_keyword": "无障碍卫生间",
        "_amap_id": "B0L6MCXB7K"
      },
      "geometry": {
        "type": "Point",
        "coordinates": [
          114.018872,
          22.537198
        ]
      }
    },
    {
      "type": "Feature",
      "properties": {
        "name": "深圳市文化馆无障碍卫生间",
        "address": "燕南路95号",
        "type": "公共设施;公共厕所;残障洗手间/无障碍洗手间",
        "typecode": "200303",
        "tel": [],
        "_source": "amap",
        "_keyword": "无障碍卫生间",
        "_amap_id": "B0L6MCX0V9"
      },
      "geometry": {
        "type": "Point",
        "coordinates": [
          114.092805,
          22.547352
        ]
      }
    },
    {
      "type": "Feature",
      "properties": {
        "name": "水围社康中心无障碍卫生间",
        "address": "福田街道水围六街122号1层",
        "type": "公共设施;公共厕所;残障洗手间/无障碍洗手间",
        "typecode": "200303",
        "tel": [],
        "_source": "amap",
        "_keyword": "无障碍卫生间",
        "_amap_id": "B0L6MCU218"
      },
      "geometry": {
        "type": "Point",
        "coordinates": [
          114.062834,
          22.519776
        ]
      }
    },
    {
      "type": "Feature",
      "properties": {
        "name": "公共厕所(笔架山公交总站)",
        "address": "笔架山公交总站旁",
        "type": "公共设施;公共厕所;公共厕所",
        "typecode": "200300",
        "tel": [],
        "_source": "amap",
        "_keyword": "无障碍卫生间",
        "_amap_id": "B0L6MCTMLL"
      },
      "geometry": {
        "type": "Point",
        "coordinates": [
          114.079828,
          22.556044
        ]
      }
    },
    {
      "type": "Feature",
      "properties": {
        "name": "上步小学无障碍卫生间",
        "address": "南园街道巴登社区埔新街1号深圳市福田区上步小学",
        "type": "公共设施;公共厕所;残障洗手间/无障碍洗手间",
        "typecode": "200303",
        "tel": "0755-25986536",
        "_source": "amap",
        "_keyword": "无障碍卫生间",
        "_amap_id": "B0L6MCR1ZR"
      },
      "geometry": {
        "type": "Point",
        "coordinates": [
          114.098626,
          22.537827
        ]
      }
    },
    {
      "type": "Feature",
      "properties": {
        "name": "深圳市第二人民医院中西医结合分院无障碍卫生间",
        "address": "振华路2号",
        "type": "公共设施;公共厕所;残障洗手间/无障碍洗手间",
        "typecode": "200303",
        "tel": [],
        "_source": "amap",
        "_keyword": "无障碍卫生间",
        "_amap_id": "B0L6MCP4U9"
      },
      "geometry": {
        "type": "Point",
        "coordinates": [
          114.095619,
          22.544799
        ]
      }
    },
    {
      "type": "Feature",
      "properties": {
        "name": "华富街道图书馆无障碍卫生间",
        "address": "莲花一村3栋",
        "type": "公共设施;公共厕所;残障洗手间/无障碍洗手间",
        "typecode": "200303",
        "tel": [],
        "_source": "amap",
        "_keyword": "无障碍卫生间",
        "_amap_id": "B0L6MCP4TL"
      },
      "geometry": {
        "type": "Point",
        "coordinates": [
          114.071605,
          22.552791
        ]
      }
    },
    {
      "type": "Feature",
      "properties": {
        "name": "笔架山公园天趣谷无障碍卫生间",
        "address": "笔架山公园天趣谷",
        "type": "公共设施;公共厕所;残障洗手间/无障碍洗手间",
        "typecode": "200303",
        "tel": [],
        "_source": "amap",
        "_keyword": "无障碍卫生间",
        "_amap_id": "B0L6MCOP7U"
      },
      "geometry": {
        "type": "Point",
        "coordinates": [
          114.07805,
          22.563017
        ]
      }
    },
    {
      "type": "Feature",
      "properties": {
        "name": "笔架山公园北门无障碍卫生间",
        "address": "笔架山公园北门内",
        "type": "公共设施;公共厕所;残障洗手间/无障碍洗手间",
        "typecode": "200303",
        "tel": [],
        "_source": "amap",
        "_keyword": "无障碍卫生间",
        "_amap_id": "B0L6MCNMI2"
      },
      "geometry": {
        "type": "Point",
        "coordinates": [
          114.085111,
          22.566358
        ]
      }
    },
    {
      "type": "Feature",
      "properties": {
        "name": "巴登村无障碍卫生间",
        "address": "南园街道巴登社区巴登街20-2号",
        "type": "公共设施;公共厕所;残障洗手间/无障碍洗手间",
        "typecode": "200303",
        "tel": "0755-25943749",
        "_source": "amap",
        "_keyword": "无障碍卫生间",
        "_amap_id": "B0L6MCN78S"
      },
      "geometry": {
        "type": "Point",
        "coordinates": [
          114.102351,
          22.539022
        ]
      }
    },
    {
      "type": "Feature",
      "properties": {
        "name": "世纪汇购物中心负一楼无障碍卫生间",
        "address": "华强北街道中航社区深南中路3018号",
        "type": "公共设施;公共设施;公共设施",
        "typecode": "200000",
        "tel": [],
        "_source": "amap",
        "_keyword": "无障碍卫生间",
        "_amap_id": "B0L6M5XHYD"
      },
      "geometry": {
        "type": "Point",
        "coordinates": [
          114.084023,
          22.540935
        ]
      }
    },
    {
      "type": "Feature",
      "properties": {
        "name": "中航城君尚购物中心二楼无障碍厕位",
        "address": "华强北中航路1号中航城君尚购物中心",
        "type": "公共设施;公共厕所;公共厕所",
        "typecode": "200300",
        "tel": [],
        "_source": "amap",
        "_keyword": "无障碍卫生间",
        "_amap_id": "B0L6M5XHXS"
      },
      "geometry": {
        "type": "Point",
        "coordinates": [
          114.08386,
          22.54242
        ]
      }
    },
    {
      "type": "Feature",
      "properties": {
        "name": "石厦时代广场二楼无障碍卫生间",
        "address": "石厦地铁站F口步行260米",
        "type": "公共设施;公共厕所;残障洗手间/无障碍洗手间",
        "typecode": "200303",
        "tel": [],
        "_source": "amap",
        "_keyword": "无障碍卫生间",
        "_amap_id": "B0L6M5XHV7"
      },
      "geometry": {
        "type": "Point",
        "coordinates": [
          114.052938,
          22.521292
        ]
      }
    },
    {
      "type": "Feature",
      "properties": {
        "name": "PA MALL平安金融中心商场三楼无障碍卫生间",
        "address": "益田路5033号(购物公园地铁站D口步行290米)",
        "type": "公共设施;公共厕所;残障洗手间/无障碍洗手间",
        "typecode": "200303",
        "tel": [],
        "_source": "amap",
        "_keyword": "无障碍卫生间",
        "_amap_id": "B0L6M5XA9Q"
      },
      "geometry": {
        "type": "Point",
        "coordinates": [
          114.055789,
          22.532466
        ]
      }
    },
    {
      "type": "Feature",
      "properties": {
        "name": "领展中心城b1层无障碍卫生间",
        "address": "福华一路3号",
        "type": "公共设施;公共设施;公共设施",
        "typecode": "200000",
        "tel": [],
        "_source": "amap",
        "_keyword": "无障碍卫生间",
        "_amap_id": "B0L6M5WL7N"
      },
      "geometry": {
        "type": "Point",
        "coordinates": [
          114.059107,
          22.535685
        ]
      }
    },
    {
      "type": "Feature",
      "properties": {
        "name": "中航城君上购物中心三楼无障碍卫生间",
        "address": "华强北中航路1号中航城君尚购物中心",
        "type": "公共设施;公共设施;公共设施",
        "typecode": "200000",
        "tel": [],
        "_source": "amap",
        "_keyword": "无障碍卫生间",
        "_amap_id": "B0L6M5WDJY"
      },
      "geometry": {
        "type": "Point",
        "coordinates": [
          114.082765,
          22.542981
        ]
      }
    },
    {
      "type": "Feature",
      "properties": {
        "name": "世纪汇购物中心五楼无障碍卫生间",
        "address": "华强北街道中航社区深南中路3018号世纪汇购物中心B1层",
        "type": "公共设施;公共厕所;残障洗手间/无障碍洗手间",
        "typecode": "200303",
        "tel": [],
        "_source": "amap",
        "_keyword": "无障碍卫生间",
        "_amap_id": "B0L6M5WDJQ"
      },
      "geometry": {
        "type": "Point",
        "coordinates": [
          114.084056,
          22.541251
        ]
      }
    },
    {
      "type": "Feature",
      "properties": {
        "name": "世纪汇购物中心二楼无障碍卫生间",
        "address": "华强北街道中航社区深南中路3018号",
        "type": "公共设施;公共厕所;残障洗手间/无障碍洗手间",
        "typecode": "200303",
        "tel": [],
        "_source": "amap",
        "_keyword": "无障碍卫生间",
        "_amap_id": "B0L6M5V4JA"
      },
      "geometry": {
        "type": "Point",
        "coordinates": [
          114.083933,
          22.541529
        ]
      }
    },
    {
      "type": "Feature",
      "properties": {
        "name": "世纪汇购物中心四楼无障碍卫生间",
        "address": "华强北街道中航社区深南中路3018号",
        "type": "公共设施;公共厕所;残障洗手间/无障碍洗手间",
        "typecode": "200303",
        "tel": [],
        "_source": "amap",
        "_keyword": "无障碍卫生间",
        "_amap_id": "B0L6M5UWVH"
      },
      "geometry": {
        "type": "Point",
        "coordinates": [
          114.083904,
          22.541357
        ]
      }
    },
    {
      "type": "Feature",
      "properties": {
        "name": "中航城君尚购物中心四楼无障碍卫生间",
        "address": "华强北中航路1号中航城君尚购物中心",
        "type": "公共设施;公共厕所;公共厕所",
        "typecode": "200300",
        "tel": [],
        "_source": "amap",
        "_keyword": "无障碍卫生间",
        "_amap_id": "B0L6M5TMJQ"
      },
      "geometry": {
        "type": "Point",
        "coordinates": [
          114.082763,
          22.543128
        ]
      }
    },
    {
      "type": "Feature",
      "properties": {
        "name": "东方缤纷天地负二楼无障碍卫生间",
        "address": "深南大道7888号",
        "type": "公共设施;公共厕所;残障洗手间/无障碍洗手间",
        "typecode": "200303",
        "tel": [],
        "_source": "amap",
        "_keyword": "无障碍卫生间",
        "_amap_id": "B0L6M5RWU1"
      },
      "geometry": {
        "type": "Point",
        "coordinates": [
          114.021772,
          22.536879
        ]
      }
    },
    {
      "type": "Feature",
      "properties": {
        "name": "东海缤纷天地二楼无障碍卫生间",
        "address": "深南大道7888号",
        "type": "公共设施;公共设施;公共设施",
        "typecode": "200000",
        "tel": [],
        "_source": "amap",
        "_keyword": "无障碍卫生间",
        "_amap_id": "B0L6M5R1XV"
      },
      "geometry": {
        "type": "Point",
        "coordinates": [
          114.019483,
          22.535562
        ]
      }
    },
    {
      "type": "Feature",
      "properties": {
        "name": "领展中心城M层无障碍卫生间",
        "address": "福华一路3号",
        "type": "公共设施;公共厕所;公共厕所",
        "typecode": "200300",
        "tel": [],
        "_source": "amap",
        "_keyword": "无障碍卫生间",
        "_amap_id": "B0L6M5QEVB"
      },
      "geometry": {
        "type": "Point",
        "coordinates": [
          114.059421,
          22.535049
        ]
      }
    },
    {
      "type": "Feature",
      "properties": {
        "name": "残疾人洗手间(南山智园二期D2栋一层大堂)",
        "address": "留仙大道与学苑大道交货处1001号南山智园二期D2栋",
        "type": "公共设施;公共厕所;残障洗手间/无障碍洗手间",
        "typecode": "200303",
        "tel": [],
        "_source": "amap",
        "_keyword": "残疾人卫生间",
        "_amap_id": "B0K1USBE0P"
      },
      "geometry": {
        "type": "Point",
        "coordinates": [
          114.006797,
          22.595366
        ]
      }
    },
    {
      "type": "Feature",
      "properties": {
        "name": "残疾人洗手间",
        "address": "福和路与福和路西十二巷交叉口东80米",
        "type": "公共设施;公共厕所;残障洗手间/无障碍洗手间",
        "typecode": "200303",
        "tel": [],
        "_source": "amap",
        "_keyword": "残疾人卫生间",
        "_amap_id": "B0J3T7DVOU"
      },
      "geometry": {
        "type": "Point",
        "coordinates": [
          113.803568,
          22.75834
        ]
      }
    },
    {
      "type": "Feature",
      "properties": {
        "name": "残疾人洗手间(中航城君尚购物中心A区)",
        "address": "振中一街与中航一街交叉口南60米",
        "type": "公共设施;公共厕所;残障洗手间/无障碍洗手间",
        "typecode": "200303",
        "tel": [],
        "_source": "amap",
        "_keyword": "残疾人卫生间",
        "_amap_id": "B0FFHJRNSA"
      },
      "geometry": {
        "type": "Point",
        "coordinates": [
          114.082729,
          22.543301
        ]
      }
    },
    {
      "type": "Feature",
      "properties": {
        "name": "残疾人洗手间(大梅沙奥特莱斯)",
        "address": "环梅路1号大梅沙奥特莱斯F1层",
        "type": "公共设施;公共厕所;残障洗手间/无障碍洗手间",
        "typecode": "200303",
        "tel": [],
        "_source": "amap",
        "_keyword": "残疾人卫生间",
        "_amap_id": "B0JK2LZDCK"
      },
      "geometry": {
        "type": "Point",
        "coordinates": [
          114.309573,
          22.598763
        ]
      }
    },
    {
      "type": "Feature",
      "properties": {
        "name": "残疾人洗手间(深圳万象天地)",
        "address": "科发路19号深圳万象天地L2层",
        "type": "公共设施;公共厕所;残障洗手间/无障碍洗手间",
        "typecode": "200303",
        "tel": [],
        "_source": "amap",
        "_keyword": "残疾人卫生间",
        "_amap_id": "B0HDZ94XYJ"
      },
      "geometry": {
        "type": "Point",
        "coordinates": [
          113.955962,
          22.54255
        ]
      }
    },
    {
      "type": "Feature",
      "properties": {
        "name": "残疾人洗手间(深圳北站)",
        "address": "民治街道北站社区致远中路28号深圳北站F1层",
        "type": "公共设施;公共厕所;残障洗手间/无障碍洗手间",
        "typecode": "200303",
        "tel": [],
        "_source": "amap",
        "_keyword": "残疾人卫生间",
        "_amap_id": "B0FFHJZWQR"
      },
      "geometry": {
        "type": "Point",
        "coordinates": [
          114.030607,
          22.609659
        ]
      }
    },
    {
      "type": "Feature",
      "properties": {
        "name": "残疾人洗手间(招商花园城南区)",
        "address": "南海大道1090号招商花园城南区L1层",
        "type": "公共设施;公共厕所;残障洗手间/无障碍洗手间",
        "typecode": "200303",
        "tel": [],
        "_source": "amap",
        "_keyword": "残疾人卫生间",
        "_amap_id": "B0KUX9XHIC"
      },
      "geometry": {
        "type": "Point",
        "coordinates": [
          113.922639,
          22.501002
        ]
      }
    },
    {
      "type": "Feature",
      "properties": {
        "name": "残疾人洗手间(深圳宝安国际机场T3航站楼)",
        "address": "福永街道深圳宝安国际机场T3航站楼2F层",
        "type": "公共设施;公共厕所;残障洗手间/无障碍洗手间",
        "typecode": "200303",
        "tel": [],
        "_source": "amap",
        "_keyword": "残疾人卫生间",
        "_amap_id": "B0J0TUUIX6"
      },
      "geometry": {
        "type": "Point",
        "coordinates": [
          113.812469,
          22.624392
        ]
      }
    },
    {
      "type": "Feature",
      "properties": {
        "name": "残疾人洗手间(深圳宝安国际机场T3航站楼)",
        "address": "福永街道深圳宝安国际机场T3航站楼1F层",
        "type": "公共设施;公共厕所;残障洗手间/无障碍洗手间",
        "typecode": "200303",
        "tel": [],
        "_source": "amap",
        "_keyword": "残疾人卫生间",
        "_amap_id": "B0J0TUQICG"
      },
      "geometry": {
        "type": "Point",
        "coordinates": [
          113.813201,
          22.624696
        ]
      }
    },
    {
      "type": "Feature",
      "properties": {
        "name": "残疾人洗手间(皇庭广场)",
        "address": "福华三路118号皇庭广场G层",
        "type": "公共设施;公共厕所;残障洗手间/无障碍洗手间",
        "typecode": "200303",
        "tel": [],
        "_source": "amap",
        "_keyword": "残疾人卫生间",
        "_amap_id": "B0FFJHY1LR"
      },
      "geometry": {
        "type": "Point",
        "coordinates": [
          114.060509,
          22.532969
        ]
      }
    },
    {
      "type": "Feature",
      "properties": {
        "name": "残疾人洗手间(大梅沙奥特莱斯)",
        "address": "环梅路1号大梅沙奥特莱斯F1层",
        "type": "公共设施;公共厕所;残障洗手间/无障碍洗手间",
        "typecode": "200303",
        "tel": [],
        "_source": "amap",
        "_keyword": "残疾人卫生间",
        "_amap_id": "B0JK2LYXXI"
      },
      "geometry": {
        "type": "Point",
        "coordinates": [
          114.307117,
          22.597499
        ]
      }
    },
    {
      "type": "Feature",
      "properties": {
        "name": "残疾人洗手间(皇庭广场)",
        "address": "福华三路118号皇庭广场G层",
        "type": "公共设施;公共厕所;残障洗手间/无障碍洗手间",
        "typecode": "200303",
        "tel": [],
        "_source": "amap",
        "_keyword": "残疾人卫生间",
        "_amap_id": "B0FFJHY1LT"
      },
      "geometry": {
        "type": "Point",
        "coordinates": [
          114.059694,
          22.53413
        ]
      }
    },
    {
      "type": "Feature",
      "properties": {
        "name": "残疾人洗手间(招商花园城南区)",
        "address": "南海大道1090号招商花园城南区L3层",
        "type": "公共设施;公共厕所;残障洗手间/无障碍洗手间",
        "typecode": "200303",
        "tel": [],
        "_source": "amap",
        "_keyword": "残疾人卫生间",
        "_amap_id": "B0KUX93VML"
      },
      "geometry": {
        "type": "Point",
        "coordinates": [
          113.92321,
          22.500773
        ]
      }
    },
    {
      "type": "Feature",
      "properties": {
        "name": "残疾人洗手间(深圳宝安国际机场T3航站楼)",
        "address": "福永镇深圳宝安国际机场T3航站楼F4层",
        "type": "公共设施;公共厕所;残障洗手间/无障碍洗手间",
        "typecode": "200303",
        "tel": [],
        "_source": "amap",
        "_keyword": "残疾人卫生间",
        "_amap_id": "B0FFHJZZ55"
      },
      "geometry": {
        "type": "Point",
        "coordinates": [
          113.814502,
          22.626018
        ]
      }
    },
    {
      "type": "Feature",
      "properties": {
        "name": "残疾人洗手间(深圳宝安国际机场T3航站楼)",
        "address": "福永镇深圳宝安国际机场T3航站楼F3层",
        "type": "公共设施;公共厕所;残障洗手间/无障碍洗手间",
        "typecode": "200303",
        "tel": [],
        "_source": "amap",
        "_keyword": "残疾人卫生间",
        "_amap_id": "B0FFHJZZ4P"
      },
      "geometry": {
        "type": "Point",
        "coordinates": [
          113.808343,
          22.629116
        ]
      }
    },
    {
      "type": "Feature",
      "properties": {
        "name": "残疾人洗手间(深圳宝安国际机场T3航站楼)",
        "address": "福永镇深圳宝安国际机场T3航站楼F2层",
        "type": "公共设施;公共厕所;残障洗手间/无障碍洗手间",
        "typecode": "200303",
        "tel": [],
        "_source": "amap",
        "_keyword": "残疾人卫生间",
        "_amap_id": "B0FFHJZZ49"
      },
      "geometry": {
        "type": "Point",
        "coordinates": [
          113.809242,
          22.632174
        ]
      }
    },
    {
      "type": "Feature",
      "properties": {
        "name": "残疾人洗手间(深圳宝安国际机场T3航站楼)",
        "address": "福永镇深圳宝安国际机场T3航站楼F3层",
        "type": "公共设施;公共厕所;残障洗手间/无障碍洗手间",
        "typecode": "200303",
        "tel": [],
        "_source": "amap",
        "_keyword": "残疾人卫生间",
        "_amap_id": "B0FFHJZZ4Q"
      },
      "geometry": {
        "type": "Point",
        "coordinates": [
          113.809338,
          22.631845
        ]
      }
    },
    {
      "type": "Feature",
      "properties": {
        "name": "残疾人洗手间(深圳宝安国际机场T3航站楼)",
        "address": "福永镇深圳宝安国际机场T3航站楼F3层",
        "type": "公共设施;公共厕所;残障洗手间/无障碍洗手间",
        "typecode": "200303",
        "tel": [],
        "_source": "amap",
        "_keyword": "残疾人卫生间",
        "_amap_id": "B0FFHJZZ4S"
      },
      "geometry": {
        "type": "Point",
        "coordinates": [
          113.809704,
          22.629734
        ]
      }
    },
    {
      "type": "Feature",
      "properties": {
        "name": "残疾人洗手间(深圳宝安国际机场T3航站楼)",
        "address": "福永镇深圳宝安国际机场T3航站楼F1层",
        "type": "公共设施;公共厕所;残障洗手间/无障碍洗手间",
        "typecode": "200303",
        "tel": [],
        "_source": "amap",
        "_keyword": "残疾人卫生间",
        "_amap_id": "B0FFHJZZ3Z"
      },
      "geometry": {
        "type": "Point",
        "coordinates": [
          113.810205,
          22.630352
        ]
      }
    },
    {
      "type": "Feature",
      "properties": {
        "name": "残疾人洗手间(深圳宝安国际机场T3航站楼)",
        "address": "福永镇深圳宝安国际机场T3航站楼F3层",
        "type": "公共设施;公共厕所;残障洗手间/无障碍洗手间",
        "typecode": "200303",
        "tel": [],
        "_source": "amap",
        "_keyword": "残疾人卫生间",
        "_amap_id": "B0FFHJZZ4Y"
      },
      "geometry": {
        "type": "Point",
        "coordinates": [
          113.810281,
          22.630616
        ]
      }
    },
    {
      "type": "Feature",
      "properties": {
        "name": "残疾人洗手间(深圳宝安国际机场T3航站楼)",
        "address": "福永镇深圳宝安国际机场T3航站楼F1层",
        "type": "公共设施;公共厕所;残障洗手间/无障碍洗手间",
        "typecode": "200303",
        "tel": [],
        "_source": "amap",
        "_keyword": "残疾人卫生间",
        "_amap_id": "B0FFHJZZ3X"
      },
      "geometry": {
        "type": "Point",
        "coordinates": [
          113.810306,
          22.630405
        ]
      }
    },
    {
      "type": "Feature",
      "properties": {
        "name": "残疾人洗手间(深圳宝安国际机场T3航站楼)",
        "address": "福永镇深圳宝安国际机场T3航站楼F3层",
        "type": "公共设施;公共厕所;残障洗手间/无障碍洗手间",
        "typecode": "200303",
        "tel": [],
        "_source": "amap",
        "_keyword": "残疾人卫生间",
        "_amap_id": "B0FFHJZZ4T"
      },
      "geometry": {
        "type": "Point",
        "coordinates": [
          113.810666,
          22.629393
        ]
      }
    },
    {
      "type": "Feature",
      "properties": {
        "name": "残疾人洗手间(深圳宝安国际机场T3航站楼)",
        "address": "福永镇深圳宝安国际机场T3航站楼F3层",
        "type": "公共设施;公共厕所;残障洗手间/无障碍洗手间",
        "typecode": "200303",
        "tel": [],
        "_source": "amap",
        "_keyword": "残疾人卫生间",
        "_amap_id": "B0FFHJZZ4W"
      },
      "geometry": {
        "type": "Point",
        "coordinates": [
          113.811297,
          22.630199
        ]
      }
    },
    {
      "type": "Feature",
      "properties": {
        "name": "残疾人洗手间(深圳宝安国际机场T3航站楼)",
        "address": "福永街道深圳宝安国际机场T3航站楼3F层",
        "type": "公共设施;公共厕所;残障洗手间/无障碍洗手间",
        "typecode": "200303",
        "tel": [],
        "_source": "amap",
        "_keyword": "残疾人卫生间",
        "_amap_id": "B0J0TUUIXI"
      },
      "geometry": {
        "type": "Point",
        "coordinates": [
          113.811334,
          22.628637
        ]
      }
    },
    {
      "type": "Feature",
      "properties": {
        "name": "残疾人洗手间(深圳宝安国际机场T3航站楼)",
        "address": "福永街道深圳宝安国际机场T3航站楼5F层",
        "type": "公共设施;公共厕所;残障洗手间/无障碍洗手间",
        "typecode": "200303",
        "tel": [],
        "_source": "amap",
        "_keyword": "残疾人卫生间",
        "_amap_id": "B0J0TU005K"
      },
      "geometry": {
        "type": "Point",
        "coordinates": [
          113.811257,
          22.624955
        ]
      }
    },
    {
      "type": "Feature",
      "properties": {
        "name": "残疾人洗手间(深圳宝安国际机场T3航站楼)",
        "address": "福永镇深圳宝安国际机场T3航站楼F3层",
        "type": "公共设施;公共厕所;残障洗手间/无障碍洗手间",
        "typecode": "200303",
        "tel": [],
        "_source": "amap",
        "_keyword": "残疾人卫生间",
        "_amap_id": "B0FFHJZZ4L"
      },
      "geometry": {
        "type": "Point",
        "coordinates": [
          113.811336,
          22.624834
        ]
      }
    },
    {
      "type": "Feature",
      "properties": {
        "name": "残疾人洗手间(深圳宝安国际机场T3航站楼)",
        "address": "福永镇深圳宝安国际机场T3航站楼F3层",
        "type": "公共设施;公共厕所;残障洗手间/无障碍洗手间",
        "typecode": "200303",
        "tel": [],
        "_source": "amap",
        "_keyword": "残疾人卫生间",
        "_amap_id": "B0FFHJZZ4V"
      },
      "geometry": {
        "type": "Point",
        "coordinates": [
          113.811393,
          22.624727
        ]
      }
    },
    {
      "type": "Feature",
      "properties": {
        "name": "残疾人洗手间(深圳宝安国际机场T3航站楼)",
        "address": "福永镇深圳宝安国际机场T3航站楼F3层",
        "type": "公共设施;公共厕所;残障洗手间/无障碍洗手间",
        "typecode": "200303",
        "tel": [],
        "_source": "amap",
        "_keyword": "残疾人卫生间",
        "_amap_id": "B0FFHJZZ4U"
      },
      "geometry": {
        "type": "Point",
        "coordinates": [
          113.811904,
          22.627187
        ]
      }
    },
    {
      "type": "Feature",
      "properties": {
        "name": "残疾人洗手间(深圳宝安国际机场T3航站楼)",
        "address": "福永街道深圳宝安国际机场T3航站楼4F层",
        "type": "公共设施;公共厕所;残障洗手间/无障碍洗手间",
        "typecode": "200303",
        "tel": [],
        "_source": "amap",
        "_keyword": "残疾人卫生间",
        "_amap_id": "B0J0TUSESE"
      },
      "geometry": {
        "type": "Point",
        "coordinates": [
          113.811522,
          22.624636
        ]
      }
    },
    {
      "type": "Feature",
      "properties": {
        "name": "残疾人洗手间(深圳宝安国际机场T3航站楼)",
        "address": "福永镇深圳宝安国际机场T3航站楼F3层",
        "type": "公共设施;公共厕所;残障洗手间/无障碍洗手间",
        "typecode": "200303",
        "tel": [],
        "_source": "amap",
        "_keyword": "残疾人卫生间",
        "_amap_id": "B0FFHJZZ4X"
      },
      "geometry": {
        "type": "Point",
        "coordinates": [
          113.812671,
          22.630842
        ]
      }
    },
    {
      "type": "Feature",
      "properties": {
        "name": "残疾人洗手间(深圳宝安国际机场T3航站楼)",
        "address": "福永街道深圳宝安国际机场T3航站楼4F层",
        "type": "公共设施;公共厕所;残障洗手间/无障碍洗手间",
        "typecode": "200303",
        "tel": [],
        "_source": "amap",
        "_keyword": "残疾人卫生间",
        "_amap_id": "B0J0TUYJTZ"
      },
      "geometry": {
        "type": "Point",
        "coordinates": [
          113.811626,
          22.624684
        ]
      }
    },
    {
      "type": "Feature",
      "properties": {
        "name": "残疾人洗手间(深圳宝安国际机场T3航站楼)",
        "address": "福永镇深圳宝安国际机场T3航站楼F4层",
        "type": "公共设施;公共厕所;残障洗手间/无障碍洗手间",
        "typecode": "200303",
        "tel": [],
        "_source": "amap",
        "_keyword": "残疾人卫生间",
        "_amap_id": "B0FFHJZZ5A"
      },
      "geometry": {
        "type": "Point",
        "coordinates": [
          113.812395,
          22.626831
        ]
      }
    },
    {
      "type": "Feature",
      "properties": {
        "name": "残疾人洗手间(深圳宝安国际机场T3航站楼)",
        "address": "福永镇深圳宝安国际机场T3航站楼F4层",
        "type": "公共设施;公共厕所;残障洗手间/无障碍洗手间",
        "typecode": "200303",
        "tel": [],
        "_source": "amap",
        "_keyword": "残疾人卫生间",
        "_amap_id": "B0FFHJZZ56"
      },
      "geometry": {
        "type": "Point",
        "coordinates": [
          113.812311,
          22.625386
        ]
      }
    },
    {
      "type": "Feature",
      "properties": {
        "name": "残疾人洗手间(深圳宝安国际机场T3航站楼)",
        "address": "福永镇深圳宝安国际机场T3航站楼F3层",
        "type": "公共设施;公共厕所;残障洗手间/无障碍洗手间",
        "typecode": "200303",
        "tel": [],
        "_source": "amap",
        "_keyword": "残疾人卫生间",
        "_amap_id": "B0FFHJZZ4R"
      },
      "geometry": {
        "type": "Point",
        "coordinates": [
          113.812445,
          22.625772
        ]
      }
    },
    {
      "type": "Feature",
      "properties": {
        "name": "残疾人洗手间(深圳宝安国际机场T3航站楼)",
        "address": "福永街道深圳宝安国际机场T3航站楼2F层",
        "type": "公共设施;公共厕所;残障洗手间/无障碍洗手间",
        "typecode": "200303",
        "tel": [],
        "_source": "amap",
        "_keyword": "残疾人卫生间",
        "_amap_id": "B0J0TUWV2C"
      },
      "geometry": {
        "type": "Point",
        "coordinates": [
          113.813374,
          22.625835
        ]
      }
    },
    {
      "type": "Feature",
      "properties": {
        "name": "残疾人洗手间(深圳宝安国际机场T3航站楼)",
        "address": "福永街道深圳宝安国际机场T3航站楼4F层",
        "type": "公共设施;公共厕所;残障洗手间/无障碍洗手间",
        "typecode": "200303",
        "tel": [],
        "_source": "amap",
        "_keyword": "残疾人卫生间",
        "_amap_id": "B0J0TUYC7G"
      },
      "geometry": {
        "type": "Point",
        "coordinates": [
          113.813564,
          22.626042
        ]
      }
    },
    {
      "type": "Feature",
      "properties": {
        "name": "残疾人洗手间(深圳宝安国际机场T3航站楼)",
        "address": "福永街道深圳宝安国际机场T3航站楼4F层",
        "type": "公共设施;公共厕所;残障洗手间/无障碍洗手间",
        "typecode": "200303",
        "tel": [],
        "_source": "amap",
        "_keyword": "残疾人卫生间",
        "_amap_id": "B0J0TUYR9J"
      },
      "geometry": {
        "type": "Point",
        "coordinates": [
          113.813605,
          22.625973
        ]
      }
    },
    {
      "type": "Feature",
      "properties": {
        "name": "残疾人洗手间(深圳宝安国际机场T3航站楼)",
        "address": "福永街道深圳宝安国际机场T3航站楼1F层",
        "type": "公共设施;公共厕所;残障洗手间/无障碍洗手间",
        "typecode": "200303",
        "tel": [],
        "_source": "amap",
        "_keyword": "残疾人卫生间",
        "_amap_id": "B0J0TUQICH"
      },
      "geometry": {
        "type": "Point",
        "coordinates": [
          113.81348,
          22.625205
        ]
      }
    },
    {
      "type": "Feature",
      "properties": {
        "name": "残疾人洗手间(深圳宝安国际机场T3航站楼)",
        "address": "福永街道深圳宝安国际机场T3航站楼2F层",
        "type": "公共设施;公共厕所;残障洗手间/无障碍洗手间",
        "typecode": "200303",
        "tel": [],
        "_source": "amap",
        "_keyword": "残疾人卫生间",
        "_amap_id": "B0J0TUUIX9"
      },
      "geometry": {
        "type": "Point",
        "coordinates": [
          113.813993,
          22.626122
        ]
      }
    },
    {
      "type": "Feature",
      "properties": {
        "name": "残疾人洗手间(深圳宝安国际机场T3航站楼)",
        "address": "福永街道深圳宝安国际机场T3航站楼2F层",
        "type": "公共设施;公共厕所;残障洗手间/无障碍洗手间",
        "typecode": "200303",
        "tel": [],
        "_source": "amap",
        "_keyword": "残疾人卫生间",
        "_amap_id": "B0J0TUTVY6"
      },
      "geometry": {
        "type": "Point",
        "coordinates": [
          113.814029,
          22.625126
        ]
      }
    },
    {
      "type": "Feature",
      "properties": {
        "name": "残疾人洗手间(深圳宝安国际机场T3航站楼)",
        "address": "福永街道深圳宝安国际机场T3航站楼5F层",
        "type": "公共设施;公共厕所;残障洗手间/无障碍洗手间",
        "typecode": "200303",
        "tel": [],
        "_source": "amap",
        "_keyword": "残疾人卫生间",
        "_amap_id": "B0J0TUZ5NB"
      },
      "geometry": {
        "type": "Point",
        "coordinates": [
          113.814351,
          22.626397
        ]
      }
    },
    {
      "type": "Feature",
      "properties": {
        "name": "残疾人洗手间(信和购物广场)",
        "address": "南海大道2088号信和购物广场L4层",
        "type": "公共设施;公共厕所;残障洗手间/无障碍洗手间",
        "typecode": "200303",
        "tel": [],
        "_source": "amap",
        "_keyword": "残疾人卫生间",
        "_amap_id": "B0JK2LWT71"
      },
      "geometry": {
        "type": "Point",
        "coordinates": [
          113.924757,
          22.50566
        ]
      }
    },
    {
      "type": "Feature",
      "properties": {
        "name": "残疾人洗手间(领展中心城)",
        "address": "福华一路3号领展中心城G层",
        "type": "公共设施;公共厕所;残障洗手间/无障碍洗手间",
        "typecode": "200303",
        "tel": [],
        "_source": "amap",
        "_keyword": "残疾人卫生间",
        "_amap_id": "B0HG0SX4O9"
      },
      "geometry": {
        "type": "Point",
        "coordinates": [
          114.05928,
          22.535852
        ]
      }
    },
    {
      "type": "Feature",
      "properties": {
        "name": "残疾人洗手间(皇庭广场)",
        "address": "福华三路118号皇庭广场L1层",
        "type": "公共设施;公共厕所;残障洗手间/无障碍洗手间",
        "typecode": "200303",
        "tel": [],
        "_source": "amap",
        "_keyword": "残疾人卫生间",
        "_amap_id": "B0FFJHY1M1"
      },
      "geometry": {
        "type": "Point",
        "coordinates": [
          114.059708,
          22.534135
        ]
      }
    },
    {
      "type": "Feature",
      "properties": {
        "name": "残疾人洗手间(皇庭广场)",
        "address": "福华三路118号皇庭广场L1层",
        "type": "公共设施;公共厕所;残障洗手间/无障碍洗手间",
        "typecode": "200303",
        "tel": [],
        "_source": "amap",
        "_keyword": "残疾人卫生间",
        "_amap_id": "B0FFJHY1M8"
      },
      "geometry": {
        "type": "Point",
        "coordinates": [
          114.060217,
          22.53415
        ]
      }
    },
    {
      "type": "Feature",
      "properties": {
        "name": "残疾人洗手间(皇庭广场)",
        "address": "福华三路118号皇庭广场G层",
        "type": "公共设施;公共厕所;残障洗手间/无障碍洗手间",
        "typecode": "200303",
        "tel": [],
        "_source": "amap",
        "_keyword": "残疾人卫生间",
        "_amap_id": "B0FFJHY1M4"
      },
      "geometry": {
        "type": "Point",
        "coordinates": [
          114.060245,
          22.534119
        ]
      }
    },
    {
      "type": "Feature",
      "properties": {
        "name": "残疾人洗手间(皇庭广场)",
        "address": "福华三路118号皇庭广场B1层",
        "type": "公共设施;公共厕所;残障洗手间/无障碍洗手间",
        "typecode": "200303",
        "tel": [],
        "_source": "amap",
        "_keyword": "残疾人卫生间",
        "_amap_id": "B0FFJHY1KS"
      },
      "geometry": {
        "type": "Point",
        "coordinates": [
          114.060476,
          22.532926
        ]
      }
    },
    {
      "type": "Feature",
      "properties": {
        "name": "领展中心城一楼无障碍卫生间(麦当劳旁)",
        "address": "领展中心城一楼",
        "type": "公共设施;公共厕所;残障洗手间/无障碍洗手间",
        "typecode": "200303",
        "tel": [],
        "_source": "amap",
        "_keyword": "无障碍洗手间",
        "_amap_id": "B0L6M5PCAL"
      },
      "geometry": {
        "type": "Point",
        "coordinates": [
          114.059164,
          22.535765
        ]
      }
    },
    {
      "type": "Feature",
      "properties": {
        "name": "领展中心城一楼无障碍卫生间",
        "address": "福华一路3号",
        "type": "公共设施;公共厕所;残障洗手间/无障碍洗手间",
        "typecode": "200303",
        "tel": [],
        "_source": "amap",
        "_keyword": "无障碍洗手间",
        "_amap_id": "B0L6M5NEQJ"
      },
      "geometry": {
        "type": "Point",
        "coordinates": [
          114.05924,
          22.536258
        ]
      }
    },
    {
      "type": "Feature",
      "properties": {
        "name": "无障碍卫生间(中心书城)",
        "address": "福中一路2014号",
        "type": "公共设施;公共厕所;残障洗手间/无障碍洗手间",
        "typecode": "200303",
        "tel": [],
        "_source": "amap",
        "_keyword": "无障碍洗手间",
        "_amap_id": "B0L2NCI3M4"
      },
      "geometry": {
        "type": "Point",
        "coordinates": [
          114.059623,
          22.54708
        ]
      }
    },
    {
      "type": "Feature",
      "properties": {
        "name": "深圳市儿童医院无障碍卫生间",
        "address": "莲花街道益田路7019号",
        "type": "公共设施;公共厕所;残障洗手间/无障碍洗手间",
        "typecode": "200303",
        "tel": [],
        "_source": "amap",
        "_keyword": "无障碍洗手间",
        "_amap_id": "B0K3XR0CMQ"
      },
      "geometry": {
        "type": "Point",
        "coordinates": [
          114.055039,
          22.547627
        ]
      }
    },
    {
      "type": "Feature",
      "properties": {
        "name": "好日子皇冠酒店无障碍卫生间",
        "address": "福田中心区福华一路28号",
        "type": "公共设施;公共厕所;残障洗手间/无障碍洗手间",
        "typecode": "200303",
        "tel": [],
        "_source": "amap",
        "_keyword": "无障碍洗手间",
        "_amap_id": "B0K3V7PZY7"
      },
      "geometry": {
        "type": "Point",
        "coordinates": [
          114.053583,
          22.537247
        ]
      }
    },
    {
      "type": "Feature",
      "properties": {
        "name": "深圳市当代艺术馆与城市规划馆无障碍卫生间",
        "address": "福中路184号福中一路与鹏程四路交汇处",
        "type": "公共设施;公共厕所;残障洗手间/无障碍洗手间",
        "typecode": "200303",
        "tel": "0755-82760159",
        "_source": "amap",
        "_keyword": "无障碍洗手间",
        "_amap_id": "B0K3U9PFX6"
      },
      "geometry": {
        "type": "Point",
        "coordinates": [
          114.06114,
          22.546245
        ]
      }
    },
    {
      "type": "Feature",
      "properties": {
        "name": "深圳书城无障碍卫生间",
        "address": "福中一路2014号(少年宫地铁站D口步行120米)",
        "type": "公共设施;公共厕所;残障洗手间/无障碍洗手间",
        "typecode": "200303",
        "tel": [],
        "_source": "amap",
        "_keyword": "无障碍洗手间",
        "_amap_id": "B0K395GCAI"
      },
      "geometry": {
        "type": "Point",
        "coordinates": [
          114.059582,
          22.546537
        ]
      }
    },
    {
      "type": "Feature",
      "properties": {
        "name": "深圳音乐厅无障碍卫生间",
        "address": "福中路2016号",
        "type": "公共设施;公共厕所;残障洗手间/无障碍洗手间",
        "typecode": "200303",
        "tel": [],
        "_source": "amap",
        "_keyword": "无障碍洗手间",
        "_amap_id": "B0K395G3AJ"
      },
      "geometry": {
        "type": "Point",
        "coordinates": [
          114.057215,
          22.54716
        ]
      }
    },
    {
      "type": "Feature",
      "properties": {
        "name": "深圳图书馆二楼无障碍卫生间",
        "address": "福中路2001号",
        "type": "公共设施;公共厕所;残障洗手间/无障碍洗手间",
        "typecode": "200303",
        "tel": [],
        "_source": "amap",
        "_keyword": "无障碍洗手间",
        "_amap_id": "B0K395EP1E"
      },
      "geometry": {
        "type": "Point",
        "coordinates": [
          114.057044,
          22.546484
        ]
      }
    },
    {
      "type": "Feature",
      "properties": {
        "name": "深圳图书馆无障碍卫生间",
        "address": "福中路2001号",
        "type": "公共设施;公共厕所;残障洗手间/无障碍洗手间",
        "typecode": "200303",
        "tel": [],
        "_source": "amap",
        "_keyword": "无障碍洗手间",
        "_amap_id": "B0K395EOYK"
      },
      "geometry": {
        "type": "Point",
        "coordinates": [
          114.056842,
          22.546275
        ]
      }
    },
    {
      "type": "Feature",
      "properties": {
        "name": "关山月美术馆无障碍卫生间",
        "address": "红荔路6026号(莲花村地铁站D口步行340米)",
        "type": "公共设施;公共厕所;残障洗手间/无障碍洗手间",
        "typecode": "200303",
        "tel": [],
        "_source": "amap",
        "_keyword": "无障碍洗手间",
        "_amap_id": "B0K395BUHJ"
      },
      "geometry": {
        "type": "Point",
        "coordinates": [
          114.064291,
          22.549232
        ]
      }
    },
    {
      "type": "Feature",
      "properties": {
        "name": "大中华喜来登酒店无障碍卫生间",
        "address": "福华路大中华国际交易广场",
        "type": "公共设施;公共厕所;残障洗手间/无障碍洗手间",
        "typecode": "200303",
        "tel": [],
        "_source": "amap",
        "_keyword": "无障碍洗手间",
        "_amap_id": "B0K30R2SPN"
      },
      "geometry": {
        "type": "Point",
        "coordinates": [
          114.061799,
          22.535582
        ]
      }
    },
    {
      "type": "Feature",
      "properties": {
        "name": "福田地铁站16出口第三卫生间",
        "address": "福田地铁站16出口",
        "type": "公共设施;公共厕所;公共厕所",
        "typecode": "200300",
        "tel": [],
        "_source": "amap",
        "_keyword": "无障碍洗手间",
        "_amap_id": "B0K0ZURK38"
      },
      "geometry": {
        "type": "Point",
        "coordinates": [
          114.05567,
          22.540049
        ]
      }
    },
    {
      "type": "Feature",
      "properties": {
        "name": "福田地铁站无障碍卫生间",
        "address": "福田地铁站站厅",
        "type": "公共设施;公共厕所;公共厕所",
        "typecode": "200300",
        "tel": [],
        "_source": "amap",
        "_keyword": "无障碍洗手间",
        "_amap_id": "B0K0Z5YX39"
      },
      "geometry": {
        "type": "Point",
        "coordinates": [
          114.055622,
          22.539545
        ]
      }
    },
    {
      "type": "Feature",
      "properties": {
        "name": "福田地铁站31口第三卫生间",
        "address": "福田地铁站31号口右边",
        "type": "公共设施;公共厕所;公共厕所",
        "typecode": "200300",
        "tel": [],
        "_source": "amap",
        "_keyword": "无障碍洗手间",
        "_amap_id": "B0K0Z5UQ8C"
      },
      "geometry": {
        "type": "Point",
        "coordinates": [
          114.054186,
          22.540201
        ]
      }
    },
    {
      "type": "Feature",
      "properties": {
        "name": "洪浪北地铁站C口",
        "address": "5号线/环中线",
        "type": "交通设施服务;地铁站;出入口",
        "typecode": "150501",
        "tel": [],
        "_source": "amap",
        "_keyword": "无障碍洗手间",
        "_amap_id": "BX10018593"
      },
      "geometry": {
        "type": "Point",
        "coordinates": [
          113.910455,
          22.575113
        ]
      }
    },
    {
      "type": "Feature",
      "properties": {
        "name": "公共厕所(锦绣中华马场)",
        "address": "马战表演场西南侧",
        "type": "公共设施;公共厕所;残障洗手间/无障碍洗手间",
        "typecode": "200303",
        "tel": [],
        "_source": "amap",
        "_keyword": "无障碍洗手间",
        "_amap_id": "B0M6BAGS3E"
      },
      "geometry": {
        "type": "Point",
        "coordinates": [
          113.986647,
          22.529268
        ]
      }
    },
    {
      "type": "Feature",
      "properties": {
        "name": "公共厕所(锦绣中华十三陵模型旁)",
        "address": "深南大道辅路与恩平街交叉口南260米",
        "type": "公共设施;公共厕所;残障洗手间/无障碍洗手间",
        "typecode": "200303",
        "tel": [],
        "_source": "amap",
        "_keyword": "无障碍洗手间",
        "_amap_id": "B0M6BAGKHB"
      },
      "geometry": {
        "type": "Point",
        "coordinates": [
          113.993325,
          22.530959
        ]
      }
    },
    {
      "type": "Feature",
      "properties": {
        "name": "公共厕所",
        "address": "林景路与景轩路交叉口南320米",
        "type": "公共设施;公共厕所;公共厕所",
        "typecode": "200300",
        "tel": [],
        "_source": "amap",
        "_keyword": "无障碍洗手间",
        "_amap_id": "B0LRXU1JVP"
      },
      "geometry": {
        "type": "Point",
        "coordinates": [
          114.234854,
          22.715351
        ]
      }
    },
    {
      "type": "Feature",
      "properties": {
        "name": "深圳市福田区深大附中创新中学公厕",
        "address": "北环中学",
        "type": "商务住宅;住宅区;宿舍",
        "typecode": "120303",
        "tel": "0755-83061273",
        "_source": "amap",
        "_keyword": "无障碍洗手间",
        "_amap_id": "B0LRBZNSSI"
      },
      "geometry": {
        "type": "Point",
        "coordinates": [
          114.052101,
          22.561288
        ]
      }
    },
    {
      "type": "Feature",
      "properties": {
        "name": "深圳市福田区梅华小学(保安室)",
        "address": "梅林街道上梅林凯丰路20号",
        "type": "公共设施;公共设施;公共设施",
        "typecode": "200000",
        "tel": [],
        "_source": "amap",
        "_keyword": "无障碍洗手间",
        "_amap_id": "B0LRBZN83F"
      },
      "geometry": {
        "type": "Point",
        "coordinates": [
          114.063805,
          22.572362
        ]
      }
    },
    {
      "type": "Feature",
      "properties": {
        "name": "深圳市第三高级中学初中部无障碍卫生间",
        "address": "福保街道益田路1001号",
        "type": "公共设施;公共设施;公共设施",
        "typecode": "200000",
        "tel": [],
        "_source": "amap",
        "_keyword": "无障碍洗手间",
        "_amap_id": "B0LRBZLEQH"
      },
      "geometry": {
        "type": "Point",
        "coordinates": [
          114.05415,
          22.512845
        ]
      }
    },
    {
      "type": "Feature",
      "properties": {
        "name": "儿童乐园王子船边3号无障碍卫生间",
        "address": "儿童乐园内王子船边",
        "type": "公共设施;公共厕所;婴儿换洗间/哺乳室/母婴室",
        "typecode": "200304",
        "tel": [],
        "_source": "amap",
        "_keyword": "无障碍洗手间",
        "_amap_id": "B0LRBSNT3C"
      },
      "geometry": {
        "type": "Point",
        "coordinates": [
          114.010579,
          22.543729
        ]
      }
    },
    {
      "type": "Feature",
      "properties": {
        "name": "儿童乐园交通城旁2号无障碍卫生间",
        "address": "儿童乐园内交通城旁",
        "type": "公共设施;公共厕所;残障洗手间/无障碍洗手间",
        "typecode": "200303",
        "tel": [],
        "_source": "amap",
        "_keyword": "无障碍洗手间",
        "_amap_id": "B0LRBSNLJ5"
      },
      "geometry": {
        "type": "Point",
        "coordinates": [
          114.012881,
          22.543407
        ]
      }
    },
    {
      "type": "Feature",
      "properties": {
        "name": "竹园转运站无障碍卫生间",
        "address": "农林路59号",
        "type": "公共设施;公共厕所;残障洗手间/无障碍洗手间",
        "typecode": "200303",
        "tel": [],
        "_source": "amap",
        "_keyword": "无障碍洗手间",
        "_amap_id": "B0LRBSNEAP"
      },
      "geometry": {
        "type": "Point",
        "coordinates": [
          114.012081,
          22.5426
        ]
      }
    },
    {
      "type": "Feature",
      "properties": {
        "name": "儿童乐园后山F区(5号)无障碍卫生间",
        "address": "儿童乐园后山F区",
        "type": "公共设施;公共厕所;残障洗手间/无障碍洗手间",
        "typecode": "200303",
        "tel": [],
        "_source": "amap",
        "_keyword": "无障碍洗手间",
        "_amap_id": "B0LRBSN8VA"
      },
      "geometry": {
        "type": "Point",
        "coordinates": [
          114.008461,
          22.542693
        ]
      }
    },
    {
      "type": "Feature",
      "properties": {
        "name": "儿童乐园东大门(1号)无障碍卫生间",
        "address": "儿童乐园东大门",
        "type": "公共设施;公共厕所;婴儿换洗间/哺乳室/母婴室",
        "typecode": "200304",
        "tel": [],
        "_source": "amap",
        "_keyword": "无障碍洗手间",
        "_amap_id": "B0LRBSM1NN"
      },
      "geometry": {
        "type": "Point",
        "coordinates": [
          114.014499,
          22.543643
        ]
      }
    },
    {
      "type": "Feature",
      "properties": {
        "name": "儿童乐园科普馆(4号)无障碍卫生间",
        "address": "儿童乐园科普馆",
        "type": "公共设施;公共厕所;婴儿换洗间/哺乳室/母婴室",
        "typecode": "200304",
        "tel": [],
        "_source": "amap",
        "_keyword": "无障碍洗手间",
        "_amap_id": "B0LRBSLF1N"
      },
      "geometry": {
        "type": "Point",
        "coordinates": [
          114.010416,
          22.541356
        ]
      }
    },
    {
      "type": "Feature",
      "properties": {
        "name": "深圳丽资供油有限公司无障碍卫生间",
        "address": "香梅路1017号",
        "type": "公共设施;公共厕所;残障洗手间/无障碍洗手间",
        "typecode": "200303",
        "tel": [],
        "_source": "amap",
        "_keyword": "无障碍洗手间",
        "_amap_id": "B0LRBAN4KH"
      },
      "geometry": {
        "type": "Point",
        "coordinates": [
          114.03019,
          22.557312
        ]
      }
    },
    {
      "type": "Feature",
      "properties": {
        "name": "公共厕所(坪山区区人民医院石井社区健康服务中心)",
        "address": "坪山金田路与荔景南路交叉口北60米",
        "type": "公共设施;公共厕所;公共厕所",
        "typecode": "200300",
        "tel": [],
        "_source": "amap",
        "_keyword": "无障碍洗手间",
        "_amap_id": "B0LKZUEWL3"
      },
      "geometry": {
        "type": "Point",
        "coordinates": [
          114.3788,
          22.690384
        ]
      }
    },
    {
      "type": "Feature",
      "properties": {
        "name": "公共厕所(清湖文化公园西侧)",
        "address": "清湖新村东六巷与清湖东一巷交叉口北200米",
        "type": "公共设施;公共厕所;残障洗手间/无障碍洗手间",
        "typecode": "200303",
        "tel": [],
        "_source": "amap",
        "_keyword": "无障碍洗手间",
        "_amap_id": "B0LKZ7FBP9"
      },
      "geometry": {
        "type": "Point",
        "coordinates": [
          114.049907,
          22.668694
        ]
      }
    },
    {
      "type": "Feature",
      "properties": {
        "name": "公共厕所(清湖文化公园)",
        "address": "大和路与清华东路交叉口南180米",
        "type": "公共设施;公共厕所;公共厕所",
        "typecode": "200300",
        "tel": [],
        "_source": "amap",
        "_keyword": "无障碍洗手间",
        "_amap_id": "B0LKZ7FBP7"
      },
      "geometry": {
        "type": "Point",
        "coordinates": [
          114.050063,
          22.669653
        ]
      }
    },
    {
      "type": "Feature",
      "properties": {
        "name": "公共厕所(丘屋居民小组党群活动中心)",
        "address": "银株路与上进一巷交叉口东北100米",
        "type": "公共设施;公共厕所;残障洗手间/无障碍洗手间",
        "typecode": "200303",
        "tel": [],
        "_source": "amap",
        "_keyword": "无障碍洗手间",
        "_amap_id": "B0LKZ7EYOC"
      },
      "geometry": {
        "type": "Point",
        "coordinates": [
          114.261807,
          22.713078
        ]
      }
    },
    {
      "type": "Feature",
      "properties": {
        "name": "公共厕所(清水河街道社区健康服务中心)",
        "address": "金碧路与泥岗东路辅路交叉口西北40米",
        "type": "公共设施;公共厕所;残障洗手间/无障碍洗手间",
        "typecode": "200303",
        "tel": [],
        "_source": "amap",
        "_keyword": "无障碍洗手间",
        "_amap_id": "B0LKZ7EYOB"
      },
      "geometry": {
        "type": "Point",
        "coordinates": [
          114.099827,
          22.56635
        ]
      }
    },
    {
      "type": "Feature",
      "properties": {
        "name": "公共厕所(前海万科国际会议中心)",
        "address": "前海大道与鲤鱼门街交叉口南100米",
        "type": "公共设施;公共厕所;公共厕所",
        "typecode": "200300",
        "tel": [],
        "_source": "amap",
        "_keyword": "无障碍洗手间",
        "_amap_id": "B0LKZ7EYO7"
      },
      "geometry": {
        "type": "Point",
        "coordinates": [
          113.90268,
          22.517811
        ]
      }
    },
    {
      "type": "Feature",
      "properties": {
        "name": "公共厕所(企龙山公园山坡)",
        "address": "铁岗路与劬劳路交叉口东南280米",
        "type": "公共设施;公共厕所;公共厕所",
        "typecode": "200300",
        "tel": [],
        "_source": "amap",
        "_keyword": "无障碍洗手间",
        "_amap_id": "B0LKZ5F8XB"
      },
      "geometry": {
        "type": "Point",
        "coordinates": [
          113.88891,
          22.595499
        ]
      }
    },
    {
      "type": "Feature",
      "properties": {
        "name": "公共厕所(坪山新区人民医院碧岭社区健康服务中心)",
        "address": "鹿鸣街与锦华路交叉口西60米",
        "type": "公共设施;公共厕所;公共厕所",
        "typecode": "200300",
        "tel": [],
        "_source": "amap",
        "_keyword": "无障碍洗手间",
        "_amap_id": "B0LKZ5F8X9"
      },
      "geometry": {
        "type": "Point",
        "coordinates": [
          114.290704,
          22.668372
        ]
      }
    },
    {
      "type": "Feature",
      "properties": {
        "name": "公共厕所(坪山文创体验馆)",
        "address": "汇德路与和政路交叉口东北20米",
        "type": "公共设施;公共厕所;公共厕所",
        "typecode": "200300",
        "tel": [],
        "_source": "amap",
        "_keyword": "无障碍洗手间",
        "_amap_id": "B0LKZ5F8X8"
      },
      "geometry": {
        "type": "Point",
        "coordinates": [
          114.345902,
          22.707869
        ]
      }
    },
    {
      "type": "Feature",
      "properties": {
        "name": "公共厕所(坪山体育中心)",
        "address": "体育一路与体育四路交叉口北120米",
        "type": "公共设施;公共厕所;公共厕所",
        "typecode": "200300",
        "tel": [],
        "_source": "amap",
        "_keyword": "无障碍洗手间",
        "_amap_id": "B0LKZ5F8X6"
      },
      "geometry": {
        "type": "Point",
        "coordinates": [
          114.342916,
          22.674057
        ]
      }
    },
    {
      "type": "Feature",
      "properties": {
        "name": "公共厕所(坪山区区人民医院田心社区健康服务中心)",
        "address": "新屋路与龙兴北路交叉口北80米",
        "type": "公共设施;公共厕所;公共厕所",
        "typecode": "200300",
        "tel": [],
        "_source": "amap",
        "_keyword": "无障碍洗手间",
        "_amap_id": "B0LKZ5F8WX"
      },
      "geometry": {
        "type": "Point",
        "coordinates": [
          114.360034,
          22.756108
        ]
      }
    },
    {
      "type": "Feature",
      "properties": {
        "name": "公共厕所(前海党群服务中心)",
        "address": "梦海大道与桂湾四路交叉口西南60米",
        "type": "公共设施;公共厕所;公共厕所",
        "typecode": "200300",
        "tel": [],
        "_source": "amap",
        "_keyword": "无障碍洗手间",
        "_amap_id": "B0LKZ5EVV5"
      },
      "geometry": {
        "type": "Point",
        "coordinates": [
          113.90112,
          22.531271
        ]
      }
    },
    {
      "type": "Feature",
      "properties": {
        "name": "公共厕所(明仇思忠家族墓群)",
        "address": "水库路与公园路交叉口东南280米",
        "type": "公共设施;公共厕所;公共厕所",
        "typecode": "200300",
        "tel": [],
        "_source": "amap",
        "_keyword": "无障碍洗手间",
        "_amap_id": "B0LKZ5EVV4"
      },
      "geometry": {
        "type": "Point",
        "coordinates": [
          113.891738,
          22.597097
        ]
      }
    },
    {
      "type": "Feature",
      "properties": {
        "name": "公共厕所(坪山区区人民医院石井社区健康服务中心)",
        "address": "沙新路与东纵路交叉口东40米",
        "type": "公共设施;公共厕所;公共厕所",
        "typecode": "200300",
        "tel": [],
        "_source": "amap",
        "_keyword": "无障碍洗手间",
        "_amap_id": "B0LKZ5EVUX"
      },
      "geometry": {
        "type": "Point",
        "coordinates": [
          114.365599,
          22.685984
        ]
      }
    },
    {
      "type": "Feature",
      "properties": {
        "name": "公共厕所(坪山区区人民医院老围社区健康服务中心)",
        "address": "金牛东路与翠景路交叉口西140米",
        "type": "公共设施;公共厕所;公共厕所",
        "typecode": "200300",
        "tel": [],
        "_source": "amap",
        "_keyword": "无障碍洗手间",
        "_amap_id": "B0LKZ5EVUW"
      },
      "geometry": {
        "type": "Point",
        "coordinates": [
          114.389794,
          22.708289
        ]
      }
    },
    {
      "type": "Feature",
      "properties": {
        "name": "公共厕所(坪山区区人民医院高思特社区健康服务中心)",
        "address": "建业路与深汕路交叉口西南100米",
        "type": "公共设施;公共厕所;公共厕所",
        "typecode": "200300",
        "tel": [],
        "_source": "amap",
        "_keyword": "无障碍洗手间",
        "_amap_id": "B0LKZ5EVUV"
      },
      "geometry": {
        "type": "Point",
        "coordinates": [
          114.324561,
          22.700208
        ]
      }
    },
    {
      "type": "Feature",
      "properties": {
        "name": "公共厕所(天虹商场西乡站4楼)",
        "address": "西乡大道与新湖路交叉口西北80米",
        "type": "公共设施;公共厕所;残障洗手间/无障碍洗手间",
        "typecode": "200303",
        "tel": [],
        "_source": "amap",
        "_keyword": "无障碍洗手间",
        "_amap_id": "B0LKXUNVLC"
      },
      "geometry": {
        "type": "Point",
        "coordinates": [
          113.864503,
          22.574684
        ]
      }
    },
    {
      "type": "Feature",
      "properties": {
        "name": "公共厕所(天虹商场2楼)",
        "address": "松柏路与松茂路交叉口西100米",
        "type": "公共设施;公共厕所;残障洗手间/无障碍洗手间",
        "typecode": "200303",
        "tel": [],
        "_source": "amap",
        "_keyword": "无障碍洗手间",
        "_amap_id": "B0LKXUNVLB"
      },
      "geometry": {
        "type": "Point",
        "coordinates": [
          114.211212,
          22.648986
        ]
      }
    },
    {
      "type": "Feature",
      "properties": {
        "name": "公共厕所(深圳宝安外国语学校)",
        "address": "宝中路与洪文路交叉口西北180米",
        "type": "公共设施;公共厕所;残障洗手间/无障碍洗手间",
        "typecode": "200303",
        "tel": [],
        "_source": "amap",
        "_keyword": "无障碍洗手间",
        "_amap_id": "B0LKUZX9E1"
      },
      "geometry": {
        "type": "Point",
        "coordinates": [
          113.915715,
          22.572629
        ]
      }
    },
    {
      "type": "Feature",
      "properties": {
        "name": "公共厕所(源盛社区公园)",
        "address": "源盛路与爱南路交叉口西北260米",
        "type": "公共设施;公共厕所;残障洗手间/无障碍洗手间",
        "typecode": "200303",
        "tel": [],
        "_source": "amap",
        "_keyword": "无障碍洗手间",
        "_amap_id": "B0LKJZ1JTU"
      },
      "geometry": {
        "type": "Point",
        "coordinates": [
          114.28843,
          22.713057
        ]
      }
    },
    {
      "type": "Feature",
      "properties": {
        "name": "公共厕所(依山郡小学)",
        "address": "盐龙大道辅路与愉龙路交叉口西南80米",
        "type": "公共设施;公共厕所;残障洗手间/无障碍洗手间",
        "typecode": "200303",
        "tel": [],
        "_source": "amap",
        "_keyword": "无障碍洗手间",
        "_amap_id": "B0LKJZ1JTP"
      },
      "geometry": {
        "type": "Point",
        "coordinates": [
          114.222701,
          22.731307
        ]
      }
    },
    {
      "type": "Feature",
      "properties": {
        "name": "公共厕所(中国工商银行深圳坪山区支行)",
        "address": "坪山大道与环兴一路交叉口北60米",
        "type": "公共设施;公共厕所;残障洗手间/无障碍洗手间",
        "typecode": "200303",
        "tel": [],
        "_source": "amap",
        "_keyword": "无障碍洗手间",
        "_amap_id": "B0LKJ521E4"
      },
      "geometry": {
        "type": "Point",
        "coordinates": [
          114.336185,
          22.682151
        ]
      }
    },
    {
      "type": "Feature",
      "properties": {
        "name": "公共厕所(浙商银行深圳分行)",
        "address": "高新南十道与海淮路交叉口南60米",
        "type": "公共设施;公共厕所;残障洗手间/无障碍洗手间",
        "typecode": "200303",
        "tel": [],
        "_source": "amap",
        "_keyword": "无障碍洗手间",
        "_amap_id": "B0LKJ51N7U"
      },
      "geometry": {
        "type": "Point",
        "coordinates": [
          113.94308,
          22.525325
        ]
      }
    },
    {
      "type": "Feature",
      "properties": {
        "name": "公共厕所(长丰花园酒店)",
        "address": "洲石路与松白路交叉口西北200米",
        "type": "公共设施;公共厕所;残障洗手间/无障碍洗手间",
        "typecode": "200303",
        "tel": [],
        "_source": "amap",
        "_keyword": "无障碍洗手间",
        "_amap_id": "B0LKJ51N7P"
      },
      "geometry": {
        "type": "Point",
        "coordinates": [
          113.921331,
          22.672523
        ]
      }
    },
    {
      "type": "Feature",
      "properties": {
        "name": "公共厕所(樟树布公园)",
        "address": "樟富路与樟树布新村六巷交叉口东160米",
        "type": "公共设施;公共厕所;残障洗手间/无障碍洗手间",
        "typecode": "200303",
        "tel": [],
        "_source": "amap",
        "_keyword": "无障碍洗手间",
        "_amap_id": "B0LKJ51N7O"
      },
      "geometry": {
        "type": "Point",
        "coordinates": [
          114.156859,
          22.606745
        ]
      }
    },
    {
      "type": "Feature",
      "properties": {
        "name": "公共厕所(深圳市宝安区石岩人民医院罗租社区健康服务中心)",
        "address": "崇文路与如意路交叉口东40米",
        "type": "公共设施;公共厕所;残障洗手间/无障碍洗手间",
        "typecode": "200303",
        "tel": [],
        "_source": "amap",
        "_keyword": "无障碍洗手间",
        "_amap_id": "B0LKCZ0QJV"
      },
      "geometry": {
        "type": "Point",
        "coordinates": [
          113.938551,
          22.67461
        ]
      }
    },
    {
      "type": "Feature",
      "properties": {
        "name": "公共厕所(深圳市宝安区石岩人民医院官田社区健康服务中心)",
        "address": "新风路与宝石东路交叉口东南60米",
        "type": "公共设施;公共厕所;残障洗手间/无障碍洗手间",
        "typecode": "200303",
        "tel": [],
        "_source": "amap",
        "_keyword": "无障碍洗手间",
        "_amap_id": "B0LKCZ0QJU"
      },
      "geometry": {
        "type": "Point",
        "coordinates": [
          113.944852,
          22.679931
        ]
      }
    },
    {
      "type": "Feature",
      "properties": {
        "name": "公共厕所(深圳市宝安区人民医院海乐社区健康服务中心)",
        "address": "乐平路与翻身路交叉口西南120米",
        "type": "公共设施;公共厕所;残障洗手间/无障碍洗手间",
        "typecode": "200303",
        "tel": [],
        "_source": "amap",
        "_keyword": "无障碍洗手间",
        "_amap_id": "B0LKCZ0QJT"
      },
      "geometry": {
        "type": "Point",
        "coordinates": [
          113.898484,
          22.555469
        ]
      }
    },
    {
      "type": "Feature",
      "properties": {
        "name": "公共厕所(葵涌人民医院葵涌社区健康服务中心)",
        "address": "石榴巷与三溪西路交叉口南140米",
        "type": "公共设施;公共厕所;残障洗手间/无障碍洗手间",
        "typecode": "200303",
        "tel": [],
        "_source": "amap",
        "_keyword": "无障碍洗手间",
        "_amap_id": "B0LKC71W8O"
      },
      "geometry": {
        "type": "Point",
        "coordinates": [
          114.425144,
          22.632364
        ]
      }
    },
    {
      "type": "Feature",
      "properties": {
        "name": "公共厕所(深圳市第二人民医院大鹏新区中心医院)",
        "address": "葵新北路与葵政东路交叉口东北20米",
        "type": "公共设施;公共厕所;残障洗手间/无障碍洗手间",
        "typecode": "200303",
        "tel": [],
        "_source": "amap",
        "_keyword": "无障碍洗手间",
        "_amap_id": "B0LKC71W8N"
      },
      "geometry": {
        "type": "Point",
        "coordinates": [
          114.422238,
          22.632122
        ]
      }
    },
    {
      "type": "Feature",
      "properties": {
        "name": "公共厕所(残疾人综合服务中心1楼)",
        "address": "梅东三路与梅林路交叉口东北40米",
        "type": "公共设施;公共厕所;残障洗手间/无障碍洗手间",
        "typecode": "200303",
        "tel": [],
        "_source": "amap",
        "_keyword": "无障碍洗手间",
        "_amap_id": "B0LKC51EMY"
      },
      "geometry": {
        "type": "Point",
        "coordinates": [
          114.071908,
          22.568848
        ]
      }
    },
    {
      "type": "Feature",
      "properties": {
        "name": "公共厕所(坪地社区党群服务中心(崇德北街))",
        "address": "日兴街与崇德北街交叉口西20米",
        "type": "公共设施;公共厕所;公共厕所",
        "typecode": "200300",
        "tel": [],
        "_source": "amap",
        "_keyword": "无障碍洗手间",
        "_amap_id": "B0LKA59IY0"
      },
      "geometry": {
        "type": "Point",
        "coordinates": [
          114.311562,
          22.770972
        ]
      }
    },
    {
      "type": "Feature",
      "properties": {
        "name": "公共厕所(南山文体中心体育馆)",
        "address": "南头红花路与常兴路交叉口东南100米",
        "type": "公共设施;公共厕所;公共厕所",
        "typecode": "200300",
        "tel": [],
        "_source": "amap",
        "_keyword": "无障碍洗手间",
        "_amap_id": "B0LKA59406"
      },
      "geometry": {
        "type": "Point",
        "coordinates": [
          113.922762,
          22.537083
        ]
      }
    },
    {
      "type": "Feature",
      "properties": {
        "name": "公共厕所(红桂中学)",
        "address": "果园东路与果园路交叉口东南100米",
        "type": "公共设施;公共厕所;残障洗手间/无障碍洗手间",
        "typecode": "200303",
        "tel": [],
        "_source": "amap",
        "_keyword": "无障碍洗手间",
        "_amap_id": "B0LK7Z2RV8"
      },
      "geometry": {
        "type": "Point",
        "coordinates": [
          114.11418,
          22.547676
        ]
      }
    },
    {
      "type": "Feature",
      "properties": {
        "name": "公共厕所(嶂背社区健康服务中心)",
        "address": "嶂背路与园湖路交叉口东140米",
        "type": "公共设施;公共厕所;残障洗手间/无障碍洗手间",
        "typecode": "200303",
        "tel": [],
        "_source": "amap",
        "_keyword": "无障碍洗手间",
        "_amap_id": "B0LK7U477V"
      },
      "geometry": {
        "type": "Point",
        "coordinates": [
          114.243717,
          22.685416
        ]
      }
    },
    {
      "type": "Feature",
      "properties": {
        "name": "公共厕所(深圳正康骨科医院)",
        "address": "前进二路与流塘路交叉口东60米",
        "type": "公共设施;公共厕所;残障洗手间/无障碍洗手间",
        "typecode": "200303",
        "tel": [],
        "_source": "amap",
        "_keyword": "无障碍洗手间",
        "_amap_id": "B0LKOHFU0Y"
      },
      "geometry": {
        "type": "Point",
        "coordinates": [
          113.889791,
          22.583714
        ]
      }
    },
    {
      "type": "Feature",
      "properties": {
        "name": "洗手间(松和小学教学楼后)",
        "address": "民清路与民清一路交叉口东120米",
        "type": "公共设施;公共厕所;残障洗手间/无障碍洗手间",
        "typecode": "200303",
        "tel": [],
        "_source": "amap",
        "_keyword": "无障碍洗手间",
        "_amap_id": "B0LKOCHDT3"
      },
      "geometry": {
        "type": "Point",
        "coordinates": [
          114.041049,
          22.642864
        ]
      }
    },
    {
      "type": "Feature",
      "properties": {
        "name": "公共厕所(水田社区党群服务中心)",
        "address": "石观路与四新路交叉口西120米",
        "type": "公共设施;公共厕所;残障洗手间/无障碍洗手间",
        "typecode": "200303",
        "tel": [],
        "_source": "amap",
        "_keyword": "无障碍洗手间",
        "_amap_id": "B0LKOCHDSZ"
      },
      "geometry": {
        "type": "Point",
        "coordinates": [
          113.959868,
          22.683344
        ]
      }
    },
    {
      "type": "Feature",
      "properties": {
        "name": "公共厕所(世界之窗)",
        "address": "深南大道与侨城西街交叉口西南100米",
        "type": "公共设施;公共厕所;残障洗手间/无障碍洗手间",
        "typecode": "200303",
        "tel": [],
        "_source": "amap",
        "_keyword": "无障碍洗手间",
        "_amap_id": "B0LKOCHDSW"
      },
      "geometry": {
        "type": "Point",
        "coordinates": [
          113.975734,
          22.535594
        ]
      }
    },
    {
      "type": "Feature",
      "properties": {
        "name": "公共厕所(深圳湾木棉花酒店)",
        "address": "创新大道与海德三道交叉口东北180米",
        "type": "公共设施;公共厕所;残障洗手间/无障碍洗手间",
        "typecode": "200303",
        "tel": [],
        "_source": "amap",
        "_keyword": "无障碍洗手间",
        "_amap_id": "B0LKOAGKUN"
      },
      "geometry": {
        "type": "Point",
        "coordinates": [
          113.947117,
          22.518955
        ]
      }
    },
    {
      "type": "Feature",
      "properties": {
        "name": "公共厕所(深圳湾公园)",
        "address": "深湾公园路与白石四道交叉口南440米",
        "type": "公共设施;公共厕所;残障洗手间/无障碍洗手间",
        "typecode": "200303",
        "tel": [],
        "_source": "amap",
        "_keyword": "无障碍洗手间",
        "_amap_id": "B0LKOAG5MW"
      },
      "geometry": {
        "type": "Point",
        "coordinates": [
          113.973221,
          22.519065
        ]
      }
    },
    {
      "type": "Feature",
      "properties": {
        "name": "公共厕所(珠光小学)",
        "address": "光前路与龙珠三路交叉口西240米",
        "type": "公共设施;公共厕所;残障洗手间/无障碍洗手间",
        "typecode": "200303",
        "tel": [],
        "_source": "amap",
        "_keyword": "无障碍洗手间",
        "_amap_id": "B0LKOAG5MU"
      },
      "geometry": {
        "type": "Point",
        "coordinates": [
          113.962972,
          22.565862
        ]
      }
    },
    {
      "type": "Feature",
      "properties": {
        "name": "公共厕所(深圳雅邦朗悦国际酒店)",
        "address": "龙潭路与吉潭路交叉口西北140米",
        "type": "公共设施;公共厕所;残障洗手间/无障碍洗手间",
        "typecode": "200303",
        "tel": [],
        "_source": "amap",
        "_keyword": "无障碍洗手间",
        "_amap_id": "B0LKOAFQL3"
      },
      "geometry": {
        "type": "Point",
        "coordinates": [
          114.239626,
          22.724413
        ]
      }
    },
    {
      "type": "Feature",
      "properties": {
        "name": "公共厕所(深圳湾创新科技中心)",
        "address": "高新南十道与科苑南路交叉口东北100米",
        "type": "公共设施;公共厕所;残障洗手间/无障碍洗手间",
        "typecode": "200303",
        "tel": [],
        "_source": "amap",
        "_keyword": "无障碍洗手间",
        "_amap_id": "B0LKOAFQKZ"
      },
      "geometry": {
        "type": "Point",
        "coordinates": [
          113.946574,
          22.527818
        ]
      }
    },
    {
      "type": "Feature",
      "properties": {
        "name": "公共厕所(世界之窗峡谷漂流)",
        "address": "红树街与白石街交叉口北280米",
        "type": "公共设施;公共厕所;公共厕所",
        "typecode": "200300",
        "tel": [],
        "_source": "amap",
        "_keyword": "无障碍洗手间",
        "_amap_id": "B0LKM562OX"
      },
      "geometry": {
        "type": "Point",
        "coordinates": [
          113.96969,
          22.534177
        ]
      }
    },
    {
      "type": "Feature",
      "properties": {
        "name": "公共厕所(世界之窗老挝将东寺)",
        "address": "深南大道与侨城西街交叉口南240米",
        "type": "公共设施;公共厕所;公共厕所",
        "typecode": "200300",
        "tel": [],
        "_source": "amap",
        "_keyword": "无障碍洗手间",
        "_amap_id": "B0LKM562OW"
      },
      "geometry": {
        "type": "Point",
        "coordinates": [
          113.975988,
          22.534088
        ]
      }
    },
    {
      "type": "Feature",
      "properties": {
        "name": "公共厕所(盛德石油)",
        "address": "田寮路与田恒路交叉口东南80米",
        "type": "公共设施;公共厕所;公共厕所",
        "typecode": "200300",
        "tel": [],
        "_source": "amap",
        "_keyword": "无障碍洗手间",
        "_amap_id": "B0LKM562OV"
      },
      "geometry": {
        "type": "Point",
        "coordinates": [
          113.906722,
          22.726765
        ]
      }
    },
    {
      "type": "Feature",
      "properties": {
        "name": "公共厕所(五马峰公园)",
        "address": "禾田路与荣寿路交叉口西南180米",
        "type": "公共设施;公共厕所;公共厕所",
        "typecode": "200300",
        "tel": [],
        "_source": "amap",
        "_keyword": "无障碍洗手间",
        "_amap_id": "B0LKM55V2D"
      },
      "geometry": {
        "type": "Point",
        "coordinates": [
          114.409101,
          22.751618
        ]
      }
    },
    {
      "type": "Feature",
      "properties": {
        "name": "公共厕所(乌冲垃圾转运站)",
        "address": "鹏飞路与鹏城路交叉口西120米",
        "type": "公共设施;公共厕所;公共厕所",
        "typecode": "200300",
        "tel": [],
        "_source": "amap",
        "_keyword": "无障碍洗手间",
        "_amap_id": "B0LKM55V2C"
      },
      "geometry": {
        "type": "Point",
        "coordinates": [
          114.506765,
          22.594133
        ]
      }
    },
    {
      "type": "Feature",
      "properties": {
        "name": "公共厕所(太子路)",
        "address": "工业二路与一号路交叉口东北80米",
        "type": "公共设施;公共厕所;公共厕所",
        "typecode": "200300",
        "tel": [],
        "_source": "amap",
        "_keyword": "无障碍洗手间",
        "_amap_id": "B0LKM55V2B"
      },
      "geometry": {
        "type": "Point",
        "coordinates": [
          113.91544,
          22.482858
        ]
      }
    },
    {
      "type": "Feature",
      "properties": {
        "name": "公共厕所(上围路104号附近)",
        "address": "上围路与宝业路交叉口东260米",
        "type": "公共设施;公共厕所;公共厕所",
        "typecode": "200300",
        "tel": [],
        "_source": "amap",
        "_keyword": "无障碍洗手间",
        "_amap_id": "B0LKM55V29"
      },
      "geometry": {
        "type": "Point",
        "coordinates": [
          114.082188,
          22.680115
        ]
      }
    },
    {
      "type": "Feature",
      "properties": {
        "name": "公共厕所(沙头角公园入口)",
        "address": "梧桐路与园墩东街交叉口西北60米",
        "type": "公共设施;公共厕所;公共厕所",
        "typecode": "200300",
        "tel": [],
        "_source": "amap",
        "_keyword": "无障碍洗手间",
        "_amap_id": "B0LKM55V27"
      },
      "geometry": {
        "type": "Point",
        "coordinates": [
          114.228214,
          22.555553
        ]
      }
    },
    {
      "type": "Feature",
      "properties": {
        "name": "公共厕所(南山汽车站)",
        "address": "深南大道辅路与前海路辅路交叉口西北220米",
        "type": "公共设施;公共厕所;公共厕所",
        "typecode": "200300",
        "tel": [],
        "_source": "amap",
        "_keyword": "无障碍洗手间",
        "_amap_id": "B0LKM55V26"
      },
      "geometry": {
        "type": "Point",
        "coordinates": [
          113.912099,
          22.54283
        ]
      }
    },
    {
      "type": "Feature",
      "properties": {
        "name": "公共厕所(力能加电站)",
        "address": "创新大道辅路与高新南十一道交叉口东南60米",
        "type": "公共设施;公共厕所;公共厕所",
        "typecode": "200300",
        "tel": [],
        "_source": "amap",
        "_keyword": "无障碍洗手间",
        "_amap_id": "B0LKM55V23"
      },
      "geometry": {
        "type": "Point",
        "coordinates": [
          113.946333,
          22.523974
        ]
      }
    },
    {
      "type": "Feature",
      "properties": {
        "name": "公共厕所(GD-SZ-0113)",
        "address": "东门中路辅路与东升街交叉口西160米",
        "type": "公共设施;公共厕所;公共厕所",
        "typecode": "200300",
        "tel": [],
        "_source": "amap",
        "_keyword": "无障碍洗手间",
        "_amap_id": "B0LKM55NOE"
      },
      "geometry": {
        "type": "Point",
        "coordinates": [
          114.123501,
          22.5531
        ]
      }
    },
    {
      "type": "Feature",
      "properties": {
        "name": "公共厕所(月亮湾)",
        "address": "海滨南路与海港路交叉口西200米",
        "type": "公共设施;公共厕所;公共厕所",
        "typecode": "200300",
        "tel": [],
        "_source": "amap",
        "_keyword": "无障碍洗手间",
        "_amap_id": "B0LKM55NOD"
      },
      "geometry": {
        "type": "Point",
        "coordinates": [
          114.488445,
          22.534418
        ]
      }
    },
    {
      "type": "Feature",
      "properties": {
        "name": "公共厕所(艺园路)",
        "address": "艺园路与北环大道辅路交叉口西南20米",
        "type": "公共设施;公共厕所;公共厕所",
        "typecode": "200300",
        "tel": [],
        "_source": "amap",
        "_keyword": "无障碍洗手间",
        "_amap_id": "B0LKM55NOC"
      },
      "geometry": {
        "type": "Point",
        "coordinates": [
          113.927702,
          22.551844
        ]
      }
    },
    {
      "type": "Feature",
      "properties": {
        "name": "钟屋荔枝公园公共厕所",
        "address": "大夫天路与广深公路辅路交叉口西180米",
        "type": "公共设施;公共厕所;残障洗手间/无障碍洗手间",
        "typecode": "200303",
        "tel": [],
        "_source": "amap",
        "_keyword": "无障碍洗手间",
        "_amap_id": "B0LK0C83KE"
      },
      "geometry": {
        "type": "Point",
        "coordinates": [
          113.847534,
          22.624424
        ]
      }
    },
    {
      "type": "Feature",
      "properties": {
        "name": "公共厕所(无障碍)",
        "address": "沙井街道壆岗社区岗头路中亚会展中心2号馆",
        "type": "公共设施;公共厕所;公共厕所",
        "typecode": "200300",
        "tel": [],
        "_source": "amap",
        "_keyword": "无障碍洗手间",
        "_amap_id": "B0LGJANQF4"
      },
      "geometry": {
        "type": "Point",
        "coordinates": [
          113.82231,
          22.736582
        ]
      }
    },
    {
      "type": "Feature",
      "properties": {
        "name": "欢乐海岸旅游信息中心公厕",
        "address": "广东省深圳市南山区滨海大道辅路在欢乐海岸附近",
        "type": "公共设施;公共厕所;公共厕所",
        "typecode": "200300",
        "tel": [],
        "_source": "amap",
        "_keyword": "无障碍洗手间",
        "_amap_id": "B0LGGYUVFR"
      },
      "geometry": {
        "type": "Point",
        "coordinates": [
          113.991634,
          22.521992
        ]
      }
    },
    {
      "type": "Feature",
      "properties": {
        "name": "公共厕所",
        "address": "花果山小区(花果山街七巷)东北侧130米",
        "type": "公共设施;公共厕所;公共厕所",
        "typecode": "200300",
        "tel": [],
        "_source": "amap",
        "_keyword": "无障碍洗手间",
        "_amap_id": "B0LGDPF8KN"
      },
      "geometry": {
        "type": "Point",
        "coordinates": [
          113.843285,
          22.773498
        ]
      }
    },
    {
      "type": "Feature",
      "properties": {
        "name": "公共洗手间",
        "address": "仙塘路与凤岭路交叉口西200米",
        "type": "公共设施;公共厕所;公共厕所",
        "typecode": "200300",
        "tel": [],
        "_source": "amap",
        "_keyword": "无障碍洗手间",
        "_amap_id": "B0LBXAHSSJ"
      },
      "geometry": {
        "type": "Point",
        "coordinates": [
          114.274445,
          22.742847
        ]
      }
    },
    {
      "type": "Feature",
      "properties": {
        "name": "南山市场转运站公厕",
        "address": "广东省深圳市南山区丁头南巷在南山市场附近",
        "type": "公共设施;公共厕所;公共厕所",
        "typecode": "200300",
        "tel": [],
        "_source": "amap",
        "_keyword": "无障碍洗手间",
        "_amap_id": "B0LBLAKE3V"
      },
      "geometry": {
        "type": "Point",
        "coordinates": [
          113.919652,
          22.526072
        ]
      }
    },
    {
      "type": "Feature",
      "properties": {
        "name": "One Avenue卓悦中心四楼无障碍卫生间",
        "address": "福华路348号One Avenue卓悦中心",
        "type": "公共设施;公共厕所;残障洗手间/无障碍洗手间",
        "typecode": "200303",
        "tel": [],
        "_source": "amap",
        "_keyword": "无障碍洗手间",
        "_amap_id": "B0LAYCZ7PZ"
      },
      "geometry": {
        "type": "Point",
        "coordinates": [
          114.064766,
          22.536181
        ]
      }
    },
    {
      "type": "Feature",
      "properties": {
        "name": "深圳市福田区外国语高级中学无障碍卫生间",
        "address": "益田村西",
        "type": "公共设施;公共厕所;残障洗手间/无障碍洗手间",
        "typecode": "200303",
        "tel": [],
        "_source": "amap",
        "_keyword": "无障碍洗手间",
        "_amap_id": "B0LAYCZ02W"
      },
      "geometry": {
        "type": "Point",
        "coordinates": [
          114.046508,
          22.513078
        ]
      }
    },
    {
      "type": "Feature",
      "properties": {
        "name": "One Avenue卓悦中心三楼无障碍卫生间",
        "address": "福华路348号One Avenue卓悦中心",
        "type": "公共设施;公共厕所;残障洗手间/无障碍洗手间",
        "typecode": "200303",
        "tel": [],
        "_source": "amap",
        "_keyword": "无障碍洗手间",
        "_amap_id": "B0LAYCYKHA"
      },
      "geometry": {
        "type": "Point",
        "coordinates": [
          114.065004,
          22.536264
        ]
      }
    },
    {
      "type": "Feature",
      "properties": {
        "name": "公共厕所(林港石油福民路加油站)",
        "address": "林港石油福民路加油站公厕",
        "type": "公共设施;公共厕所;公共厕所",
        "typecode": "200300",
        "tel": [],
        "_source": "amap",
        "_keyword": "无障碍洗手间",
        "_amap_id": "B0LAYCWFK3"
      },
      "geometry": {
        "type": "Point",
        "coordinates": [
          114.054647,
          22.523918
        ]
      }
    },
    {
      "type": "Feature",
      "properties": {
        "name": "公共厕所(下沙地铁)",
        "address": "下沙东涌二路与滨河大道辅道交叉口东南20米",
        "type": "公共设施;公共厕所;公共厕所",
        "typecode": "200300",
        "tel": [],
        "_source": "amap",
        "_keyword": "无障碍洗手间",
        "_amap_id": "B0LAYC0FJD"
      },
      "geometry": {
        "type": "Point",
        "coordinates": [
          114.02488,
          22.528691
        ]
      }
    },
    {
      "type": "Feature",
      "properties": {
        "name": "One Avenue卓悦中心二楼无障碍卫生间",
        "address": "福华路348号One Avenue卓悦中心",
        "type": "公共设施;公共厕所;残障洗手间/无障碍洗手间",
        "typecode": "200303",
        "tel": [],
        "_source": "amap",
        "_keyword": "无障碍洗手间",
        "_amap_id": "B0LAYC0FIB"
      },
      "geometry": {
        "type": "Point",
        "coordinates": [
          114.065064,
          22.535789
        ]
      }
    },
    {
      "type": "Feature",
      "properties": {
        "name": "深圳市福田区益田小学无障碍卫生间",
        "address": "福荣路4号",
        "type": "公共设施;公共厕所;残障洗手间/无障碍洗手间",
        "typecode": "200303",
        "tel": [],
        "_source": "amap",
        "_keyword": "无障碍洗手间",
        "_amap_id": "B0LAYC08FN"
      },
      "geometry": {
        "type": "Point",
        "coordinates": [
          114.052362,
          22.51231
        ]
      }
    },
    {
      "type": "Feature",
      "properties": {
        "name": "华强北博物馆无障碍卫生间",
        "address": "华强北博物馆5楼",
        "type": "公共设施;公共厕所;残障洗手间/无障碍洗手间",
        "typecode": "200303",
        "tel": [],
        "_source": "amap",
        "_keyword": "无障碍洗手间",
        "_amap_id": "B0LAYC05NJ"
      },
      "geometry": {
        "type": "Point",
        "coordinates": [
          114.087182,
          22.543938
        ]
      }
    },
    {
      "type": "Feature",
      "properties": {
        "name": "公共厕所",
        "address": "深湾二路与白石四道交叉口南440米",
        "type": "公共设施;公共厕所;公共厕所",
        "typecode": "200300",
        "tel": [],
        "_source": "amap",
        "_keyword": "无障碍洗手间",
        "_amap_id": "B0LAT1LSGT"
      },
      "geometry": {
        "type": "Point",
        "coordinates": [
          113.972031,
          22.519047
        ]
      }
    },
    {
      "type": "Feature",
      "properties": {
        "name": "德兴社区公园-公共厕所",
        "address": "粤宝路17号",
        "type": "公共设施;公共厕所;公共厕所",
        "typecode": "200300",
        "tel": [],
        "_source": "amap",
        "_keyword": "无障碍洗手间",
        "_amap_id": "B0LAMCDAKC"
      },
      "geometry": {
        "type": "Point",
        "coordinates": [
          114.113802,
          22.593834
        ]
      }
    },
    {
      "type": "Feature",
      "properties": {
        "name": "绿景佐阾红树林购物中心二楼无障碍卫生间",
        "address": "沙头街道沙嘴社区沙咀路8号红树华府101",
        "type": "公共设施;公共厕所;残障洗手间/无障碍洗手间",
        "typecode": "200303",
        "tel": [],
        "_source": "amap",
        "_keyword": "无障碍洗手间",
        "_amap_id": "B0L6O5CNUF"
      },
      "geometry": {
        "type": "Point",
        "coordinates": [
          114.037432,
          22.520213
        ]
      }
    },
    {
      "type": "Feature",
      "properties": {
        "name": "公共厕所(新世界广场1楼)",
        "address": "龙岗大道与茂盛路交叉口东北180米",
        "type": "公共设施;公共厕所;残障洗手间/无障碍洗手间",
        "typecode": "200303",
        "tel": [],
        "_source": "amap",
        "_keyword": "无障碍洗手间",
        "_amap_id": "B0LKFUU3R5"
      },
      "geometry": {
        "type": "Point",
        "coordinates": [
          114.207454,
          22.648286
        ]
      }
    },
    {
      "type": "Feature",
      "properties": {
        "name": "公共厕所(新生学校)",
        "address": "沿河北路与白门前桥交叉口东北60米",
        "type": "公共设施;公共厕所;残障洗手间/无障碍洗手间",
        "typecode": "200303",
        "tel": [],
        "_source": "amap",
        "_keyword": "无障碍洗手间",
        "_amap_id": "B0LKFUU3R3"
      },
      "geometry": {
        "type": "Point",
        "coordinates": [
          114.27811,
          22.738991
        ]
      }
    },
    {
      "type": "Feature",
      "properties": {
        "name": "公共厕所(盐田区东海岸运动公园)",
        "address": "环碧路与海岸路交叉口南140米",
        "type": "公共设施;公共厕所;残障洗手间/无障碍洗手间",
        "typecode": "200303",
        "tel": [],
        "_source": "amap",
        "_keyword": "无障碍洗手间",
        "_amap_id": "B0LKFUTW03"
      },
      "geometry": {
        "type": "Point",
        "coordinates": [
          114.300379,
          22.599935
        ]
      }
    },
    {
      "type": "Feature",
      "properties": {
        "name": "公共厕所(星河COCO Park1楼)",
        "address": "龙岗大道辅路与爱南路辅路交叉口北220米",
        "type": "公共设施;公共厕所;残障洗手间/无障碍洗手间",
        "typecode": "200303",
        "tel": [],
        "_source": "amap",
        "_keyword": "无障碍洗手间",
        "_amap_id": "B0LKFUTW00"
      },
      "geometry": {
        "type": "Point",
        "coordinates": [
          114.22917,
          22.691308
        ]
      }
    },
    {
      "type": "Feature",
      "properties": {
        "name": "公共厕所(星河COCO Park2楼)",
        "address": "爱南路666号星河COCO Park龙岗店二楼",
        "type": "公共设施;公共厕所;残障洗手间/无障碍洗手间",
        "typecode": "200303",
        "tel": [],
        "_source": "amap",
        "_keyword": "无障碍洗手间",
        "_amap_id": "B0LKFUTVZZ"
      },
      "geometry": {
        "type": "Point",
        "coordinates": [
          114.229134,
          22.691526
        ]
      }
    },
    {
      "type": "Feature",
      "properties": {
        "name": "公共厕所(星河COCO Park4楼)",
        "address": "龙岗大道辅路与爱南路辅路交叉口北240米",
        "type": "公共设施;公共厕所;残障洗手间/无障碍洗手间",
        "typecode": "200303",
        "tel": [],
        "_source": "amap",
        "_keyword": "无障碍洗手间",
        "_amap_id": "B0LKFUTVZY"
      },
      "geometry": {
        "type": "Point",
        "coordinates": [
          114.228976,
          22.691442
        ]
      }
    },
    {
      "type": "Feature",
      "properties": {
        "name": "公共厕所(新生公园篮球场旁)",
        "address": "新生路与牛桥一路交叉口北160米",
        "type": "公共设施;公共厕所;残障洗手间/无障碍洗手间",
        "typecode": "200303",
        "tel": [],
        "_source": "amap",
        "_keyword": "无障碍洗手间",
        "_amap_id": "B0LKFUTVZT"
      },
      "geometry": {
        "type": "Point",
        "coordinates": [
          114.274622,
          22.742093
        ]
      }
    },
    {
      "type": "Feature",
      "properties": {
        "name": "公共厕所(盐田区区图书馆)",
        "address": "香径南街与井福巷交叉口东20米",
        "type": "公共设施;公共厕所;残障洗手间/无障碍洗手间",
        "typecode": "200303",
        "tel": [],
        "_source": "amap",
        "_keyword": "无障碍洗手间",
        "_amap_id": "B0LKFUTOOI"
      },
      "geometry": {
        "type": "Point",
        "coordinates": [
          114.236693,
          22.555379
        ]
      }
    },
    {
      "type": "Feature",
      "properties": {
        "name": "公共厕所(新田居民委员会)",
        "address": "新樟路与环观南路交叉口北180米",
        "type": "公共设施;公共厕所;残障洗手间/无障碍洗手间",
        "typecode": "200303",
        "tel": [],
        "_source": "amap",
        "_keyword": "无障碍洗手间",
        "_amap_id": "B0LKFUTOOE"
      },
      "geometry": {
        "type": "Point",
        "coordinates": [
          114.090778,
          22.697893
        ]
      }
    },
    {
      "type": "Feature",
      "properties": {
        "name": "公共厕所(深圳市宝安区福永人民医院稔田社区健康服务中心)",
        "address": "稔田工业北路与广深公路辅路交叉口西北40米",
        "type": "公共设施;公共厕所;残障洗手间/无障碍洗手间",
        "typecode": "200303",
        "tel": [],
        "_source": "amap",
        "_keyword": "无障碍洗手间",
        "_amap_id": "B0LKCZ15Q9"
      },
      "geometry": {
        "type": "Point",
        "coordinates": [
          113.832396,
          22.702835
        ]
      }
    },
    {
      "type": "Feature",
      "properties": {
        "name": "公共厕所(深圳仁和医院)",
        "address": "上塘路与隔圳农贸路交叉口东南40米",
        "type": "公共设施;公共厕所;残障洗手间/无障碍洗手间",
        "typecode": "200303",
        "tel": [],
        "_source": "amap",
        "_keyword": "无障碍洗手间",
        "_amap_id": "B0LKCZ0YAL"
      },
      "geometry": {
        "type": "Point",
        "coordinates": [
          114.021621,
          22.63505
        ]
      }
    },
    {
      "type": "Feature",
      "properties": {
        "name": "公共厕所(深圳市宝安区福永人民医院急诊)",
        "address": "德丰路与芳华路交叉口北100米",
        "type": "公共设施;公共厕所;残障洗手间/无障碍洗手间",
        "typecode": "200303",
        "tel": [],
        "_source": "amap",
        "_keyword": "无障碍洗手间",
        "_amap_id": "B0LKCZ0QJR"
      },
      "geometry": {
        "type": "Point",
        "coordinates": [
          113.818597,
          22.671109
        ]
      }
    },
    {
      "type": "Feature",
      "properties": {
        "name": "公共厕所(深圳市宝安区福永人民医院1号楼)",
        "address": "德丰路与芳华路交叉口东北80米",
        "type": "公共设施;公共厕所;残障洗手间/无障碍洗手间",
        "typecode": "200303",
        "tel": [],
        "_source": "amap",
        "_keyword": "无障碍洗手间",
        "_amap_id": "B0LKCZ0QJQ"
      },
      "geometry": {
        "type": "Point",
        "coordinates": [
          113.818828,
          22.670784
        ]
      }
    },
    {
      "type": "Feature",
      "properties": {
        "name": "公共厕所(深圳市公安局宝安分局办证大厅)",
        "address": "宝安大道辅路与罗田路交叉口西60米",
        "type": "公共设施;公共厕所;残障洗手间/无障碍洗手间",
        "typecode": "200303",
        "tel": [],
        "_source": "amap",
        "_keyword": "无障碍洗手间",
        "_amap_id": "B0LKC71W8T"
      },
      "geometry": {
        "type": "Point",
        "coordinates": [
          113.88478,
          22.563895
        ]
      }
    },
    {
      "type": "Feature",
      "properties": {
        "name": "公共厕所(深圳市第二实验学校)",
        "address": "爱国路与翠芳街交叉口南200米",
        "type": "公共设施;公共厕所;残障洗手间/无障碍洗手间",
        "typecode": "200303",
        "tel": [],
        "_source": "amap",
        "_keyword": "无障碍洗手间",
        "_amap_id": "B0LKC71W8Q"
      },
      "geometry": {
        "type": "Point",
        "coordinates": [
          114.139168,
          22.559759
        ]
      }
    },
    {
      "type": "Feature",
      "properties": {
        "name": "公共厕所(光明新区英才学校)",
        "address": "马山头二路与横坑工业路交叉口东北100米",
        "type": "公共设施;公共厕所;残障洗手间/无障碍洗手间",
        "typecode": "200303",
        "tel": [],
        "_source": "amap",
        "_keyword": "无障碍洗手间",
        "_amap_id": "B0LKC71OUL"
      },
      "geometry": {
        "type": "Point",
        "coordinates": [
          113.877998,
          22.76686
        ]
      }
    },
    {
      "type": "Feature",
      "properties": {
        "name": "公共厕所(深圳市官田学校)",
        "address": "石岩北环路与官学路交叉口西220米",
        "type": "公共设施;公共厕所;残障洗手间/无障碍洗手间",
        "typecode": "200303",
        "tel": [],
        "_source": "amap",
        "_keyword": "无障碍洗手间",
        "_amap_id": "B0LKC71H2Q"
      },
      "geometry": {
        "type": "Point",
        "coordinates": [
          113.941582,
          22.684257
        ]
      }
    },
    {
      "type": "Feature",
      "properties": {
        "name": "公共厕所(深圳市大鹏新区新惠民购物中心)",
        "address": "新屋仔路与锦新路交叉口西140米",
        "type": "公共设施;公共厕所;残障洗手间/无障碍洗手间",
        "typecode": "200303",
        "tel": [],
        "_source": "amap",
        "_keyword": "无障碍洗手间",
        "_amap_id": "B0LKC71H2L"
      },
      "geometry": {
        "type": "Point",
        "coordinates": [
          114.420485,
          22.634313
        ]
      }
    },
    {
      "type": "Feature",
      "properties": {
        "name": "公共厕所(深圳市宝安中学(高中部))",
        "address": "宝中路与洪文路交叉口东北60米",
        "type": "公共设施;公共厕所;残障洗手间/无障碍洗手间",
        "typecode": "200303",
        "tel": [],
        "_source": "amap",
        "_keyword": "无障碍洗手间",
        "_amap_id": "B0LKC51TPY"
      },
      "geometry": {
        "type": "Point",
        "coordinates": [
          113.918104,
          22.570594
        ]
      }
    },
    {
      "type": "Feature",
      "properties": {
        "name": "公共厕所(深圳市布心小学)",
        "address": "东乐路与太白路交叉口东南40米",
        "type": "公共设施;公共厕所;公共厕所",
        "typecode": "200300",
        "tel": [],
        "_source": "amap",
        "_keyword": "无障碍洗手间",
        "_amap_id": "B0LKC51MAD"
      },
      "geometry": {
        "type": "Point",
        "coordinates": [
          114.141219,
          22.576295
        ]
      }
    },
    {
      "type": "Feature",
      "properties": {
        "name": "公共厕所(深圳市滨河小学)",
        "address": "红岭南路与滨河红岭立交桥交叉口北80米",
        "type": "公共设施;公共厕所;公共厕所",
        "typecode": "200300",
        "tel": [],
        "_source": "amap",
        "_keyword": "无障碍洗手间",
        "_amap_id": "B0LKC51MAC"
      },
      "geometry": {
        "type": "Point",
        "coordinates": [
          114.105211,
          22.536491
        ]
      }
    },
    {
      "type": "Feature",
      "properties": {
        "name": "公共厕所(深圳市北斗小学)",
        "address": "春风路与北斗路交叉口西北60米",
        "type": "公共设施;公共厕所;残障洗手间/无障碍洗手间",
        "typecode": "200303",
        "tel": [],
        "_source": "amap",
        "_keyword": "无障碍洗手间",
        "_amap_id": "B0LKC51MAB"
      },
      "geometry": {
        "type": "Point",
        "coordinates": [
          114.134156,
          22.543349
        ]
      }
    },
    {
      "type": "Feature",
      "properties": {
        "name": "公共厕所(残疾人综合服务中心12楼)",
        "address": "梅东三路与梅林路交叉口东北80米",
        "type": "公共设施;公共厕所;残障洗手间/无障碍洗手间",
        "typecode": "200303",
        "tel": [],
        "_source": "amap",
        "_keyword": "无障碍洗手间",
        "_amap_id": "B0LKC51EN0"
      },
      "geometry": {
        "type": "Point",
        "coordinates": [
          114.072025,
          22.569048
        ]
      }
    },
    {
      "type": "Feature",
      "properties": {
        "name": "公共厕所(残疾人综合服务中心3-13楼)",
        "address": "梅东三路与梅林路交叉口东北80米",
        "type": "公共设施;公共厕所;残障洗手间/无障碍洗手间",
        "typecode": "200303",
        "tel": [],
        "_source": "amap",
        "_keyword": "无障碍洗手间",
        "_amap_id": "B0LKC51EMZ"
      },
      "geometry": {
        "type": "Point",
        "coordinates": [
          114.072084,
          22.569162
        ]
      }
    },
    {
      "type": "Feature",
      "properties": {
        "name": "公共厕所(深圳市宝安中学(集团)塘头学校)",
        "address": "塘头立交与G15沈海高速交叉口北120米",
        "type": "公共设施;公共厕所;残障洗手间/无障碍洗手间",
        "typecode": "200303",
        "tel": [],
        "_source": "amap",
        "_keyword": "无障碍洗手间",
        "_amap_id": "B0LKC51EMT"
      },
      "geometry": {
        "type": "Point",
        "coordinates": [
          113.914432,
          22.657181
        ]
      }
    },
    {
      "type": "Feature",
      "properties": {
        "name": "公共厕所(深圳市宝安区行政服务大厅)",
        "address": "罗田路与明玉路交叉口东120米",
        "type": "公共设施;公共厕所;残障洗手间/无障碍洗手间",
        "typecode": "200303",
        "tel": [],
        "_source": "amap",
        "_keyword": "无障碍洗手间",
        "_amap_id": "B0LKC51EMQ"
      },
      "geometry": {
        "type": "Point",
        "coordinates": [
          113.885287,
          22.562978
        ]
      }
    },
    {
      "type": "Feature",
      "properties": {
        "name": "公共厕所(深圳市宝安区文汇学校)",
        "address": "前进一路与同盛路交叉口西南140米",
        "type": "公共设施;公共厕所;残障洗手间/无障碍洗手间",
        "typecode": "200303",
        "tel": [],
        "_source": "amap",
        "_keyword": "无障碍洗手间",
        "_amap_id": "B0LKC51EMP"
      },
      "geometry": {
        "type": "Point",
        "coordinates": [
          113.895227,
          22.576243
        ]
      }
    },
    {
      "type": "Feature",
      "properties": {
        "name": "公共厕所(南头中学)",
        "address": "中山西街与南头文化街交叉口西160米",
        "type": "公共设施;公共厕所;公共厕所",
        "typecode": "200300",
        "tel": [],
        "_source": "amap",
        "_keyword": "无障碍洗手间",
        "_amap_id": "B0LKA59IY7"
      },
      "geometry": {
        "type": "Point",
        "coordinates": [
          113.916824,
          22.543587
        ]
      }
    },
    {
      "type": "Feature",
      "properties": {
        "name": "公共厕所(南园社区党群服务中心)",
        "address": "南园新园路与南新路交叉口西北100米",
        "type": "公共设施;公共厕所;公共厕所",
        "typecode": "200300",
        "tel": [],
        "_source": "amap",
        "_keyword": "无障碍洗手间",
        "_amap_id": "B0LKA59IY6"
      },
      "geometry": {
        "type": "Point",
        "coordinates": [
          113.917185,
          22.518324
        ]
      }
    },
    {
      "type": "Feature",
      "properties": {
        "name": "公共厕所(南山区医疗集团总部东角头社区健康服务中心)",
        "address": "海月路与工业七路交叉口东南80米",
        "type": "公共设施;公共厕所;公共厕所",
        "typecode": "200300",
        "tel": [],
        "_source": "amap",
        "_keyword": "无障碍洗手间",
        "_amap_id": "B0LKA59B54"
      },
      "geometry": {
        "type": "Point",
        "coordinates": [
          113.935331,
          22.494533
        ]
      }
    },
    {
      "type": "Feature",
      "properties": {
        "name": "公共厕所(平湖站)",
        "address": "上大街与述昌街交叉口西北120米",
        "type": "公共设施;公共厕所;公共厕所",
        "typecode": "200300",
        "tel": [],
        "_source": "amap",
        "_keyword": "无障碍洗手间",
        "_amap_id": "B0LKA59403"
      },
      "geometry": {
        "type": "Point",
        "coordinates": [
          114.124869,
          22.692638
        ]
      }
    },
    {
      "type": "Feature",
      "properties": {
        "name": "第三公共厕所",
        "address": "沙四路1号",
        "type": "公共设施;公共厕所;公共厕所",
        "typecode": "200300",
        "tel": [],
        "_source": "amap",
        "_keyword": "第三卫生间",
        "_amap_id": "B0J27OH0OR"
      },
      "geometry": {
        "type": "Point",
        "coordinates": [
          113.803117,
          22.748321
        ]
      }
    },
    {
      "type": "Feature",
      "properties": {
        "name": "第三公共厕所",
        "address": "展景路83号",
        "type": "公共设施;公共厕所;公共厕所",
        "typecode": "200300",
        "tel": [],
        "_source": "amap",
        "_keyword": "第三卫生间",
        "_amap_id": "B0KUD1AP3N"
      },
      "geometry": {
        "type": "Point",
        "coordinates": [
          113.779599,
          22.704562
        ]
      }
    },
    {
      "type": "Feature",
      "properties": {
        "name": "第三卫生间公共厕所",
        "address": "行政八路大工业区中心广场",
        "type": "公共设施;公共厕所;公共厕所",
        "typecode": "200300",
        "tel": [],
        "_source": "amap",
        "_keyword": "第三卫生间",
        "_amap_id": "B0FFMFEPAW"
      },
      "geometry": {
        "type": "Point",
        "coordinates": [
          114.34817,
          22.702434
        ]
      }
    },
    {
      "type": "Feature",
      "properties": {
        "name": "kkone 一楼第三卫生间",
        "address": "滨河大道9289号(下沙地铁站B口步行320米)",
        "type": "公共设施;公共厕所;公共厕所",
        "typecode": "200300",
        "tel": [],
        "_source": "amap",
        "_keyword": "第三卫生间",
        "_amap_id": "B0K30R2SOA"
      },
      "geometry": {
        "type": "Point",
        "coordinates": [
          114.027363,
          22.526864
        ]
      }
    },
    {
      "type": "Feature",
      "properties": {
        "name": "kkone三楼第三卫生间",
        "address": "滨河大道9289号(下沙地铁站B口步行320米)三楼辣可可小炒黄牛肉店旁边",
        "type": "公共设施;公共厕所;公共厕所",
        "typecode": "200300",
        "tel": [],
        "_source": "amap",
        "_keyword": "第三卫生间",
        "_amap_id": "B0K30R2KYX"
      },
      "geometry": {
        "type": "Point",
        "coordinates": [
          114.026757,
          22.527838
        ]
      }
    },
    {
      "type": "Feature",
      "properties": {
        "name": "kkone四楼第三卫生间",
        "address": "滨河大道9289号(下沙地铁站B口步行320米)四楼水果嫩肉韩式烤肉旁边",
        "type": "公共设施;公共厕所;公共厕所",
        "typecode": "200300",
        "tel": [],
        "_source": "amap",
        "_keyword": "第三卫生间",
        "_amap_id": "B0K30R2SO1"
      },
      "geometry": {
        "type": "Point",
        "coordinates": [
          114.026752,
          22.527857
        ]
      }
    },
    {
      "type": "Feature",
      "properties": {
        "name": "潭头第三工业区公共厕所",
        "address": "中国潭头小学旁",
        "type": "公共设施;公共厕所;公共厕所",
        "typecode": "200300",
        "tel": [],
        "_source": "amap",
        "_keyword": "第三卫生间",
        "_amap_id": "B0IRHLUQWO"
      },
      "geometry": {
        "type": "Point",
        "coordinates": [
          113.843292,
          22.751287
        ]
      }
    },
    {
      "type": "Feature",
      "properties": {
        "name": "车公庙B口第三卫生间",
        "address": "车公庙B(第三方厕所)",
        "type": "公共设施;公共厕所;公共厕所",
        "typecode": "200300",
        "tel": [],
        "_source": "amap",
        "_keyword": "第三卫生间",
        "_amap_id": "B0KKZZRP3Z"
      },
      "geometry": {
        "type": "Point",
        "coordinates": [
          114.025214,
          22.536449
        ]
      }
    },
    {
      "type": "Feature",
      "properties": {
        "name": "欢乐海岸第三卫生间",
        "address": "白石路8号欢乐海岸购物中心F2",
        "type": "公共设施;公共厕所;公共厕所",
        "typecode": "200300",
        "tel": [],
        "_source": "amap",
        "_keyword": "第三卫生间",
        "_amap_id": "B0FFFDO1AX"
      },
      "geometry": {
        "type": "Point",
        "coordinates": [
          113.988834,
          22.525713
        ]
      }
    },
    {
      "type": "Feature",
      "properties": {
        "name": "下沙社区健康服务中心二楼第三卫生间",
        "address": "京基滨河时代3号楼1层(下沙地铁站B口步行450米)",
        "type": "公共设施;公共厕所;公共厕所",
        "typecode": "200300",
        "tel": [],
        "_source": "amap",
        "_keyword": "第三卫生间",
        "_amap_id": "B0K30L2SS4"
      },
      "geometry": {
        "type": "Point",
        "coordinates": [
          114.02816,
          22.526735
        ]
      }
    },
    {
      "type": "Feature",
      "properties": {
        "name": "光明农场大观园-奶香吧第三卫生间",
        "address": "体育公园路51号GD-SZ0590",
        "type": "公共设施;公共厕所;公共厕所",
        "typecode": "200300",
        "tel": [],
        "_source": "amap",
        "_keyword": "第三卫生间",
        "_amap_id": "B0I14UBVVQ"
      },
      "geometry": {
        "type": "Point",
        "coordinates": [
          113.963792,
          22.759471
        ]
      }
    },
    {
      "type": "Feature",
      "properties": {
        "name": "绿景佐阾红树林购物中心三楼无障碍卫生间",
        "address": "沙头街道沙嘴社区沙咀路8号红树华府101",
        "type": "公共设施;公共厕所;残障洗手间/无障碍洗手间",
        "typecode": "200303",
        "tel": [],
        "_source": "amap",
        "_keyword": "第三卫生间",
        "_amap_id": "B0L6O5CVLK"
      },
      "geometry": {
        "type": "Point",
        "coordinates": [
          114.037424,
          22.520246
        ]
      }
    },
    {
      "type": "Feature",
      "properties": {
        "name": "香梅北地铁站D口无障碍第三卫生间",
        "address": "香梅路与侨香路口交叉处",
        "type": "公共设施;公共厕所;公共厕所",
        "typecode": "200300",
        "tel": [],
        "_source": "amap",
        "_keyword": "第三卫生间",
        "_amap_id": "B0KKZZTHHI"
      },
      "geometry": {
        "type": "Point",
        "coordinates": [
          114.031879,
          22.553719
        ]
      }
    },
    {
      "type": "Feature",
      "properties": {
        "name": "中洲湾C Future City三楼无障碍卫生间",
        "address": "滨河大道9283号(下沙地铁站B口步行330米)",
        "type": "公共设施;公共厕所;残障洗手间/无障碍洗手间",
        "typecode": "200303",
        "tel": [],
        "_source": "amap",
        "_keyword": "第三卫生间",
        "_amap_id": "B0K30L2L3H"
      },
      "geometry": {
        "type": "Point",
        "coordinates": [
          114.02866,
          22.526904
        ]
      }
    },
    {
      "type": "Feature",
      "properties": {
        "name": "世纪汇购物中心三楼无障碍卫生间",
        "address": "华强北街道中航社区深南中路3018号",
        "type": "公共设施;公共厕所;残障洗手间/无障碍洗手间",
        "typecode": "200303",
        "tel": [],
        "_source": "amap",
        "_keyword": "第三卫生间",
        "_amap_id": "B0L6M5OP41"
      },
      "geometry": {
        "type": "Point",
        "coordinates": [
          114.08395,
          22.541557
        ]
      }
    },
    {
      "type": "Feature",
      "properties": {
        "name": "深长实业第三加油站公厕",
        "address": "广东省深圳市福田区北环大道3085号",
        "type": "公共设施;公共厕所;公共厕所",
        "typecode": "200300",
        "tel": [],
        "_source": "amap",
        "_keyword": "第三卫生间",
        "_amap_id": "B0IRHLWENT"
      },
      "geometry": {
        "type": "Point",
        "coordinates": [
          114.061008,
          22.561939
        ]
      }
    },
    {
      "type": "Feature",
      "properties": {
        "name": "深圳市南方科技大学第三附属医院公厕",
        "address": "广东省深圳市南山区留仙大道6019号",
        "type": "公共设施;公共厕所;公共厕所",
        "typecode": "200300",
        "tel": [],
        "_source": "amap",
        "_keyword": "第三卫生间",
        "_amap_id": "B0I1DZPLMC"
      },
      "geometry": {
        "type": "Point",
        "coordinates": [
          113.949013,
          22.579721
        ]
      }
    },
    {
      "type": "Feature",
      "properties": {
        "name": "母婴室(京基百纳广场沙井店)",
        "address": "沙井路168号京基百纳广场(沙井店)L1层",
        "type": "公共设施;公共厕所;婴儿换洗间/哺乳室/母婴室",
        "typecode": "200304",
        "tel": [],
        "_source": "amap",
        "_keyword": "母婴室",
        "_amap_id": "B0M6JUDXIB"
      },
      "geometry": {
        "type": "Point",
        "coordinates": [
          113.8056,
          22.728313
        ]
      }
    },
    {
      "type": "Feature",
      "properties": {
        "name": "母婴室(京基百纳广场沙井店)",
        "address": "沙井路168号京基百纳广场(沙井店)L4层",
        "type": "公共设施;公共厕所;婴儿换洗间/哺乳室/母婴室",
        "typecode": "200304",
        "tel": [],
        "_source": "amap",
        "_keyword": "母婴室",
        "_amap_id": "B0M6JUEARX"
      },
      "geometry": {
        "type": "Point",
        "coordinates": [
          113.806026,
          22.727231
        ]
      }
    },
    {
      "type": "Feature",
      "properties": {
        "name": "沙井行政服务大厅-母婴室",
        "address": "银图路与新沙路交叉口西南40米",
        "type": "生活服务;生活服务场所;生活服务场所",
        "typecode": "070000",
        "tel": [],
        "_source": "amap",
        "_keyword": "母婴室",
        "_amap_id": "B0MBNOUNKU"
      },
      "geometry": {
        "type": "Point",
        "coordinates": [
          113.815625,
          22.732175
        ]
      }
    },
    {
      "type": "Feature",
      "properties": {
        "name": "新桥街道办事处行政服务大厅-母婴室",
        "address": "新桥街道企安路3号行政服务大厅1层",
        "type": "政府机构及社会团体;政府机关;政府机关相关",
        "typecode": "130100",
        "tel": [],
        "_source": "amap",
        "_keyword": "母婴室",
        "_amap_id": "B0LGBMYIUT"
      },
      "geometry": {
        "type": "Point",
        "coordinates": [
          113.836161,
          22.717809
        ]
      }
    },
    {
      "type": "Feature",
      "properties": {
        "name": "深圳市百佳华百货有限公司(松岗店)-母婴室",
        "address": "松岗街道松涛社区广深路(松岗段)293号百佳华·佳漾邻(松岗店)",
        "type": "生活服务;生活服务场所;生活服务场所",
        "typecode": "070000",
        "tel": [],
        "_source": "amap",
        "_keyword": "母婴室",
        "_amap_id": "B0LKPBYKEA"
      },
      "geometry": {
        "type": "Point",
        "coordinates": [
          113.847465,
          22.767734
        ]
      }
    },
    {
      "type": "Feature",
      "properties": {
        "name": "兴围社康服务中心-母婴室",
        "address": "兴围一路与兴业一路交叉口东北60米",
        "type": "生活服务;生活服务场所;生活服务场所",
        "typecode": "070000",
        "tel": [],
        "_source": "amap",
        "_keyword": "母婴室",
        "_amap_id": "B0LKMO7QM1"
      },
      "geometry": {
        "type": "Point",
        "coordinates": [
          113.831054,
          22.638452
        ]
      }
    },
    {
      "type": "Feature",
      "properties": {
        "name": "中国科学院大学深圳医院(光明)西院区门诊二部-母婴室",
        "address": "上石家路与松白路辅路交叉口西南80米",
        "type": "生活服务;生活服务场所;生活服务场所",
        "typecode": "070000",
        "tel": [],
        "_source": "amap",
        "_keyword": "母婴室",
        "_amap_id": "B0LKMO7SGX"
      },
      "geometry": {
        "type": "Point",
        "coordinates": [
          113.902626,
          22.762916
        ]
      }
    },
    {
      "type": "Feature",
      "properties": {
        "name": "母婴室(万象前海)",
        "address": "桂湾四路169号(地铁5号线桂湾站A出口直达)万象前海L3层",
        "type": "公共设施;公共厕所;婴儿换洗间/哺乳室/母婴室",
        "typecode": "200304",
        "tel": [],
        "_source": "amap",
        "_keyword": "母婴室",
        "_amap_id": "B0LA61DAFO"
      },
      "geometry": {
        "type": "Point",
        "coordinates": [
          113.898395,
          22.531506
        ]
      }
    },
    {
      "type": "Feature",
      "properties": {
        "name": "母婴室(万象前海)",
        "address": "桂湾四路169号(地铁5号线桂湾站A出口直达)万象前海L1层",
        "type": "公共设施;公共厕所;婴儿换洗间/哺乳室/母婴室",
        "typecode": "200304",
        "tel": [],
        "_source": "amap",
        "_keyword": "母婴室",
        "_amap_id": "B0LA61CM7M"
      },
      "geometry": {
        "type": "Point",
        "coordinates": [
          113.898399,
          22.531443
        ]
      }
    },
    {
      "type": "Feature",
      "properties": {
        "name": "母婴室(万象前海)",
        "address": "桂湾四路169号(地铁5号线桂湾站A出口直达)万象前海L2层",
        "type": "公共设施;公共厕所;婴儿换洗间/哺乳室/母婴室",
        "typecode": "200304",
        "tel": [],
        "_source": "amap",
        "_keyword": "母婴室",
        "_amap_id": "B0LA61CM7N"
      },
      "geometry": {
        "type": "Point",
        "coordinates": [
          113.90033,
          22.531591
        ]
      }
    },
    {
      "type": "Feature",
      "properties": {
        "name": "母婴室(万象前海)",
        "address": "桂湾四路169号(地铁5号线桂湾站A出口直达)万象前海B1层",
        "type": "公共设施;公共厕所;婴儿换洗间/哺乳室/母婴室",
        "typecode": "200304",
        "tel": [],
        "_source": "amap",
        "_keyword": "母婴室",
        "_amap_id": "B0LA61CM7L"
      },
      "geometry": {
        "type": "Point",
        "coordinates": [
          113.900653,
          22.53166
        ]
      }
    },
    {
      "type": "Feature",
      "properties": {
        "name": "南头街道便民服务中心-母婴室",
        "address": "金桃园大厦西北1门旁(大新地铁站D口步行250米)",
        "type": "生活服务;生活服务场所;生活服务场所",
        "typecode": "070000",
        "tel": [],
        "_source": "amap",
        "_keyword": "母婴室",
        "_amap_id": "B0M6UHPR1N"
      },
      "geometry": {
        "type": "Point",
        "coordinates": [
          113.91794,
          22.532037
        ]
      }
    },
    {
      "type": "Feature",
      "properties": {
        "name": "母婴室(欢乐颂购物中心)",
        "address": "南新路3030号欢乐颂购物中心L3层",
        "type": "公共设施;公共厕所;婴儿换洗间/哺乳室/母婴室",
        "typecode": "200304",
        "tel": [],
        "_source": "amap",
        "_keyword": "母婴室",
        "_amap_id": "B0M6FL0HVP"
      },
      "geometry": {
        "type": "Point",
        "coordinates": [
          113.920084,
          22.535457
        ]
      }
    },
    {
      "type": "Feature",
      "properties": {
        "name": "西丽生态公园垃圾分类馆-母婴室",
        "address": "留仙大道辅路与同乐路交叉口东340米",
        "type": "生活服务;生活服务场所;生活服务场所",
        "typecode": "070000",
        "tel": [],
        "_source": "amap",
        "_keyword": "母婴室",
        "_amap_id": "B0LR1XUE0L"
      },
      "geometry": {
        "type": "Point",
        "coordinates": [
          113.933331,
          22.582615
        ]
      }
    },
    {
      "type": "Feature",
      "properties": {
        "name": "母婴室(太子湾花园城VILLA)",
        "address": "海运路1号太子湾花园城VILLAL1层",
        "type": "公共设施;公共厕所;婴儿换洗间/哺乳室/母婴室",
        "typecode": "200304",
        "tel": [],
        "_source": "amap",
        "_keyword": "母婴室",
        "_amap_id": "B0LD1RK6RR"
      },
      "geometry": {
        "type": "Point",
        "coordinates": [
          113.913758,
          22.470406
        ]
      }
    },
    {
      "type": "Feature",
      "properties": {
        "name": "母婴室(太子湾花园城VILLA)",
        "address": "海运路1号太子湾花园城VILLAL3层",
        "type": "公共设施;公共厕所;婴儿换洗间/哺乳室/母婴室",
        "typecode": "200304",
        "tel": [],
        "_source": "amap",
        "_keyword": "母婴室",
        "_amap_id": "B0LD1RGRLO"
      },
      "geometry": {
        "type": "Point",
        "coordinates": [
          113.9143,
          22.469965
        ]
      }
    },
    {
      "type": "Feature",
      "properties": {
        "name": "母婴室(太子湾花园城VILLA)",
        "address": "海运路1号太子湾花园城VILLAL2层",
        "type": "公共设施;公共厕所;婴儿换洗间/哺乳室/母婴室",
        "typecode": "200304",
        "tel": [],
        "_source": "amap",
        "_keyword": "母婴室",
        "_amap_id": "B0LD1RMR4D"
      },
      "geometry": {
        "type": "Point",
        "coordinates": [
          113.914297,
          22.469961
        ]
      }
    },
    {
      "type": "Feature",
      "properties": {
        "name": "深圳湾口岸U站-母婴室",
        "address": "金湾东四路与金湾东一路交叉口南200米",
        "type": "公共设施;公共厕所;婴儿换洗间/哺乳室/母婴室",
        "typecode": "200304",
        "tel": [],
        "_source": "amap",
        "_keyword": "母婴室",
        "_amap_id": "B0LGFOSQFC"
      },
      "geometry": {
        "type": "Point",
        "coordinates": [
          113.949993,
          22.501948
        ]
      }
    },
    {
      "type": "Feature",
      "properties": {
        "name": "深圳北站中心公园-母婴室",
        "address": "北站中心公园(东北角)",
        "type": "生活服务;生活服务场所;生活服务场所",
        "typecode": "070000",
        "tel": [],
        "_source": "amap",
        "_keyword": "母婴室",
        "_amap_id": "B0MB4KXZ4I"
      },
      "geometry": {
        "type": "Point",
        "coordinates": [
          114.025575,
          22.607125
        ]
      }
    },
    {
      "type": "Feature",
      "properties": {
        "name": "9号母婴室(深圳北站)",
        "address": "民治街道北站社区致远中路28号深圳北站B1层",
        "type": "公共设施;公共厕所;残障洗手间/无障碍洗手间",
        "typecode": "200303",
        "tel": [],
        "_source": "amap",
        "_keyword": "母婴室",
        "_amap_id": "B0LDUCFOOU"
      },
      "geometry": {
        "type": "Point",
        "coordinates": [
          114.027349,
          22.608761
        ]
      }
    },
    {
      "type": "Feature",
      "properties": {
        "name": "10号母婴室(深圳北站)",
        "address": "民治街道北站社区致远中路28号深圳北站B1层",
        "type": "公共设施;公共厕所;残障洗手间/无障碍洗手间",
        "typecode": "200303",
        "tel": [],
        "_source": "amap",
        "_keyword": "母婴室",
        "_amap_id": "B0LDUCC9DB"
      },
      "geometry": {
        "type": "Point",
        "coordinates": [
          114.028369,
          22.607728
        ]
      }
    },
    {
      "type": "Feature",
      "properties": {
        "name": "优城商业广场-母婴室",
        "address": "深圳市·优城购物中心优城南区",
        "type": "生活服务;生活服务场所;生活服务场所",
        "typecode": "070000",
        "tel": [],
        "_source": "amap",
        "_keyword": "母婴室",
        "_amap_id": "B0L3H7A4ZI"
      },
      "geometry": {
        "type": "Point",
        "coordinates": [
          114.036347,
          22.62774
        ]
      }
    },
    {
      "type": "Feature",
      "properties": {
        "name": "东海缤纷天地二楼母婴室",
        "address": "深南大道7888号",
        "type": "公共设施;公共设施;公共设施",
        "typecode": "200000",
        "tel": [],
        "_source": "amap",
        "_keyword": "母婴室",
        "_amap_id": "B0L6M5X0S1"
      },
      "geometry": {
        "type": "Point",
        "coordinates": [
          114.020625,
          22.536669
        ]
      }
    },
    {
      "type": "Feature",
      "properties": {
        "name": "天虹商场(坂田店)3层-母婴室",
        "address": "吉华路696号天虹商场坂田店F3层",
        "type": "生活服务;生活服务场所;生活服务场所",
        "typecode": "070000",
        "tel": [],
        "_source": "amap",
        "_keyword": "母婴室",
        "_amap_id": "B0L3R1OEOO"
      },
      "geometry": {
        "type": "Point",
        "coordinates": [
          114.059628,
          22.634583
        ]
      }
    },
    {
      "type": "Feature",
      "properties": {
        "name": "坂田天安云谷一期-3栋D座图书馆母婴室",
        "address": "天安云谷3栋D座",
        "type": "生活服务;生活服务场所;生活服务场所",
        "typecode": "070000",
        "tel": [],
        "_source": "amap",
        "_keyword": "母婴室",
        "_amap_id": "B0L3CNIVKW"
      },
      "geometry": {
        "type": "Point",
        "coordinates": [
          114.068286,
          22.66014
        ]
      }
    },
    {
      "type": "Feature",
      "properties": {
        "name": "福田红树林生态公园母婴室",
        "address": "新洲路与福荣路交叉口",
        "type": "公共设施;公共设施;公共设施",
        "typecode": "200000",
        "tel": [],
        "_source": "amap",
        "_keyword": "母婴室",
        "_amap_id": "B0L6MUUP5U"
      },
      "geometry": {
        "type": "Point",
        "coordinates": [
          114.040881,
          22.508125
        ]
      }
    },
    {
      "type": "Feature",
      "properties": {
        "name": "PA MALL平安金融中心商场G层母婴室",
        "address": "益田路5033号(购物公园地铁站D口步行290米)",
        "type": "公共设施;公共厕所;婴儿换洗间/哺乳室/母婴室",
        "typecode": "200304",
        "tel": [],
        "_source": "amap",
        "_keyword": "母婴室",
        "_amap_id": "B0L6M5XPH0"
      },
      "geometry": {
        "type": "Point",
        "coordinates": [
          114.054466,
          22.533083
        ]
      }
    },
    {
      "type": "Feature",
      "properties": {
        "name": "深圳图书馆-母婴室",
        "address": "福中一路与鹏程三路交叉口西南120米",
        "type": "公共设施;公共厕所;婴儿换洗间/哺乳室/母婴室",
        "typecode": "200304",
        "tel": [],
        "_source": "amap",
        "_keyword": "母婴室",
        "_amap_id": "B0M6SY2M7M"
      },
      "geometry": {
        "type": "Point",
        "coordinates": [
          114.057274,
          22.546016
        ]
      }
    },
    {
      "type": "Feature",
      "properties": {
        "name": "石厦时代广场二楼母婴室",
        "address": "石厦地铁站F口步行260米",
        "type": "公共设施;公共设施;公共设施",
        "typecode": "200000",
        "tel": [],
        "_source": "amap",
        "_keyword": "母婴室",
        "_amap_id": "B0L6M5RP2B"
      },
      "geometry": {
        "type": "Point",
        "coordinates": [
          114.053208,
          22.520941
        ]
      }
    },
    {
      "type": "Feature",
      "properties": {
        "name": "PAFC MALL平安金融中心商场三楼母婴室",
        "address": "益田路5033号(购物公园地铁站D口步行290米)",
        "type": "公共设施;公共厕所;婴儿换洗间/哺乳室/母婴室",
        "typecode": "200304",
        "tel": [],
        "_source": "amap",
        "_keyword": "母婴室",
        "_amap_id": "B0L6M5Q73E"
      },
      "geometry": {
        "type": "Point",
        "coordinates": [
          114.055803,
          22.532347
        ]
      }
    },
    {
      "type": "Feature",
      "properties": {
        "name": "PA MALL平安金融中心商场母婴室",
        "address": "益田路5033号3层(购物公园地铁站D口步行290米)",
        "type": "公共设施;公共厕所;婴儿换洗间/哺乳室/母婴室",
        "typecode": "200304",
        "tel": [],
        "_source": "amap",
        "_keyword": "母婴室",
        "_amap_id": "B0LKLR9NCH"
      },
      "geometry": {
        "type": "Point",
        "coordinates": [
          114.055803,
          22.532347
        ]
      }
    },
    {
      "type": "Feature",
      "properties": {
        "name": "母婴室(PA MALL平安金融中心商场)",
        "address": "益田路5033号(购物公园地铁站D口步行290米)PA MALL平安金融中心商场L1层",
        "type": "公共设施;公共厕所;婴儿换洗间/哺乳室/母婴室",
        "typecode": "200304",
        "tel": [],
        "_source": "amap",
        "_keyword": "母婴室",
        "_amap_id": "B0LAM9CCBH"
      },
      "geometry": {
        "type": "Point",
        "coordinates": [
          114.055988,
          22.532977
        ]
      }
    },
    {
      "type": "Feature",
      "properties": {
        "name": "母婴室(PA MALL平安金融中心商场)",
        "address": "益田路5033号(购物公园地铁站D口步行290米)PA MALL平安金融中心商场L2层",
        "type": "公共设施;公共厕所;婴儿换洗间/哺乳室/母婴室",
        "typecode": "200304",
        "tel": [],
        "_source": "amap",
        "_keyword": "母婴室",
        "_amap_id": "B0LAM9F81S"
      },
      "geometry": {
        "type": "Point",
        "coordinates": [
          114.055987,
          22.532992
        ]
      }
    },
    {
      "type": "Feature",
      "properties": {
        "name": "母婴室(PA MALL平安金融中心商场)",
        "address": "益田路5033号(购物公园地铁站D口步行290米)PA MALL平安金融中心商场L3层",
        "type": "公共设施;公共厕所;婴儿换洗间/哺乳室/母婴室",
        "typecode": "200304",
        "tel": [],
        "_source": "amap",
        "_keyword": "母婴室",
        "_amap_id": "B0LAM9ETUG"
      },
      "geometry": {
        "type": "Point",
        "coordinates": [
          114.056007,
          22.533001
        ]
      }
    },
    {
      "type": "Feature",
      "properties": {
        "name": "领展中心城b1层母婴室",
        "address": "福华一路3号",
        "type": "公共设施;公共设施;公共设施",
        "typecode": "200000",
        "tel": [],
        "_source": "amap",
        "_keyword": "母婴室",
        "_amap_id": "B0L6M5XACR"
      },
      "geometry": {
        "type": "Point",
        "coordinates": [
          114.059788,
          22.536155
        ]
      }
    },
    {
      "type": "Feature",
      "properties": {
        "name": "母婴室(卓悦中心西区)",
        "address": "福华一路348号卓悦中心西区L4层",
        "type": "公共设施;公共厕所;婴儿换洗间/哺乳室/母婴室",
        "typecode": "200304",
        "tel": [],
        "_source": "amap",
        "_keyword": "母婴室",
        "_amap_id": "B0LBZZKYFY"
      },
      "geometry": {
        "type": "Point",
        "coordinates": [
          114.064647,
          22.535905
        ]
      }
    },
    {
      "type": "Feature",
      "properties": {
        "name": "母婴室(卓悦中心东区)",
        "address": "福华一路348号卓悦中心东区B2层",
        "type": "公共设施;公共厕所;婴儿换洗间/哺乳室/母婴室",
        "typecode": "200304",
        "tel": [],
        "_source": "amap",
        "_keyword": "母婴室",
        "_amap_id": "B0LBZZL0NH"
      },
      "geometry": {
        "type": "Point",
        "coordinates": [
          114.065937,
          22.536192
        ]
      }
    },
    {
      "type": "Feature",
      "properties": {
        "name": "母婴室(卓悦中心东区)",
        "address": "福华一路348号卓悦中心东区L2层",
        "type": "公共设施;公共厕所;婴儿换洗间/哺乳室/母婴室",
        "typecode": "200304",
        "tel": [],
        "_source": "amap",
        "_keyword": "母婴室",
        "_amap_id": "B0LBZZLG43"
      },
      "geometry": {
        "type": "Point",
        "coordinates": [
          114.066438,
          22.536686
        ]
      }
    },
    {
      "type": "Feature",
      "properties": {
        "name": "莲花一村社区党群服务中心-母婴室",
        "address": "莲心路与皇岗路交叉口西北140米",
        "type": "生活服务;生活服务场所;生活服务场所",
        "typecode": "070000",
        "tel": [],
        "_source": "amap",
        "_keyword": "母婴室",
        "_amap_id": "B0MBMY6WE6"
      },
      "geometry": {
        "type": "Point",
        "coordinates": [
          114.071612,
          22.552833
        ]
      }
    },
    {
      "type": "Feature",
      "properties": {
        "name": "中航城君尚购物中心二楼母婴室",
        "address": "华强北中航路1号中航城君尚购物中心",
        "type": "公共设施;公共设施;公共设施",
        "typecode": "200000",
        "tel": [],
        "_source": "amap",
        "_keyword": "母婴室",
        "_amap_id": "B0L6MUSCDH"
      },
      "geometry": {
        "type": "Point",
        "coordinates": [
          114.082706,
          22.543107
        ]
      }
    },
    {
      "type": "Feature",
      "properties": {
        "name": "中航城君尚购物中心四楼母婴室",
        "address": "华强北中航路1号中航城君尚购物中心",
        "type": "公共设施;公共设施;公共设施",
        "typecode": "200000",
        "tel": [],
        "_source": "amap",
        "_keyword": "母婴室",
        "_amap_id": "B0L6MUXAER"
      },
      "geometry": {
        "type": "Point",
        "coordinates": [
          114.08281,
          22.543353
        ]
      }
    },
    {
      "type": "Feature",
      "properties": {
        "name": "中航城君尚五楼母婴室",
        "address": "华强北中航路1号中航城君尚购物中心",
        "type": "公共设施;公共设施;公共设施",
        "typecode": "200000",
        "tel": [],
        "_source": "amap",
        "_keyword": "母婴室",
        "_amap_id": "B0L6M5QEV9"
      },
      "geometry": {
        "type": "Point",
        "coordinates": [
          114.082749,
          22.542914
        ]
      }
    },
    {
      "type": "Feature",
      "properties": {
        "name": "市二医院门诊楼-母婴室",
        "address": "市二医院内",
        "type": "公共设施;公共厕所;残障洗手间/无障碍洗手间",
        "typecode": "200303",
        "tel": [],
        "_source": "amap",
        "_keyword": "母婴室",
        "_amap_id": "B0L6MUXAS5"
      },
      "geometry": {
        "type": "Point",
        "coordinates": [
          114.08543,
          22.556748
        ]
      }
    },
    {
      "type": "Feature",
      "properties": {
        "name": "中航城君尚购物中心负一楼母婴室",
        "address": "华强北中航路1号中航城君尚购物中心负一楼",
        "type": "公共设施;公共设施;公共设施",
        "typecode": "200000",
        "tel": [],
        "_source": "amap",
        "_keyword": "母婴室",
        "_amap_id": "B0L6M5WL7L"
      },
      "geometry": {
        "type": "Point",
        "coordinates": [
          114.083017,
          22.542416
        ]
      }
    },
    {
      "type": "Feature",
      "properties": {
        "name": "世纪汇购物中心三楼母婴室",
        "address": "华强北街道中航社区深南中路3018号",
        "type": "公共设施;公共厕所;婴儿换洗间/哺乳室/母婴室",
        "typecode": "200304",
        "tel": [],
        "_source": "amap",
        "_keyword": "母婴室",
        "_amap_id": "B0L6M5XHXQ"
      },
      "geometry": {
        "type": "Point",
        "coordinates": [
          114.08391,
          22.541463
        ]
      }
    },
    {
      "type": "Feature",
      "properties": {
        "name": "倍儿行母婴室(深南中路世纪汇广场店)",
        "address": "振中二街与中航路交叉口西40米",
        "type": "公共设施;公共厕所;婴儿换洗间/哺乳室/母婴室",
        "typecode": "200304",
        "tel": [],
        "_source": "amap",
        "_keyword": "母婴室",
        "_amap_id": "B0LGJLN0S0"
      },
      "geometry": {
        "type": "Point",
        "coordinates": [
          114.083994,
          22.541874
        ]
      }
    },
    {
      "type": "Feature",
      "properties": {
        "name": "世纪汇购物中心四楼母婴室",
        "address": "华强北街道中航社区深南中路3018号",
        "type": "公共设施;公共设施;公共设施",
        "typecode": "200000",
        "tel": [],
        "_source": "amap",
        "_keyword": "母婴室",
        "_amap_id": "B0L6M5NMEC"
      },
      "geometry": {
        "type": "Point",
        "coordinates": [
          114.084097,
          22.541493
        ]
      }
    },
    {
      "type": "Feature",
      "properties": {
        "name": "世纪汇购物中心二楼母婴室",
        "address": "华强北街道中航社区深南中路3018号",
        "type": "公共设施;公共厕所;婴儿换洗间/哺乳室/母婴室",
        "typecode": "200304",
        "tel": [],
        "_source": "amap",
        "_keyword": "母婴室",
        "_amap_id": "B0L6M5XPHB"
      },
      "geometry": {
        "type": "Point",
        "coordinates": [
          114.084192,
          22.541567
        ]
      }
    },
    {
      "type": "Feature",
      "properties": {
        "name": "世纪汇购物中心五楼母婴室",
        "address": "华强北街道中航社区深南中路3018号",
        "type": "公共设施;公共设施;公共设施",
        "typecode": "200000",
        "tel": [],
        "_source": "amap",
        "_keyword": "母婴室",
        "_amap_id": "B0L6M5T740"
      },
      "geometry": {
        "type": "Point",
        "coordinates": [
          114.084189,
          22.541378
        ]
      }
    },
    {
      "type": "Feature",
      "properties": {
        "name": "世纪汇购物中心六楼母婴室",
        "address": "华强北街道中航社区深南中路3018号",
        "type": "公共设施;公共设施;公共设施",
        "typecode": "200000",
        "tel": [],
        "_source": "amap",
        "_keyword": "母婴室",
        "_amap_id": "B0L6M5OP40"
      },
      "geometry": {
        "type": "Point",
        "coordinates": [
          114.084439,
          22.54141
        ]
      }
    },
    {
      "type": "Feature",
      "properties": {
        "name": "荔枝公园-母婴室",
        "address": "红岭中路1001号荔枝公园(西北角)",
        "type": "生活服务;生活服务场所;生活服务场所",
        "typecode": "070000",
        "tel": [],
        "_source": "amap",
        "_keyword": "母婴室",
        "_amap_id": "B0LRLKL6K2"
      },
      "geometry": {
        "type": "Point",
        "coordinates": [
          114.101406,
          22.546843
        ]
      }
    },
    {
      "type": "Feature",
      "properties": {
        "name": "母婴室(深圳万象食家)",
        "address": "宝安北路与展艺路交叉口东80米",
        "type": "公共设施;公共厕所;婴儿换洗间/哺乳室/母婴室",
        "typecode": "200304",
        "tel": [],
        "_source": "amap",
        "_keyword": "母婴室",
        "_amap_id": "B0LBTC0KUT"
      },
      "geometry": {
        "type": "Point",
        "coordinates": [
          114.109903,
          22.560434
        ]
      }
    },
    {
      "type": "Feature",
      "properties": {
        "name": "渔邨社区-母婴室",
        "address": "渔民村路38号幸福万象大厦",
        "type": "生活服务;生活服务场所;生活服务场所",
        "typecode": "070000",
        "tel": [],
        "_source": "amap",
        "_keyword": "母婴室",
        "_amap_id": "B0MBNOUBNJ"
      },
      "geometry": {
        "type": "Point",
        "coordinates": [
          114.11104,
          22.532936
        ]
      }
    },
    {
      "type": "Feature",
      "properties": {
        "name": "母婴室(KK TIME)",
        "address": "水贝二路81号(洪湖地铁站D口步行350米)KK TIMEB1层",
        "type": "公共设施;公共厕所;婴儿换洗间/哺乳室/母婴室",
        "typecode": "200304",
        "tel": [],
        "_source": "amap",
        "_keyword": "母婴室",
        "_amap_id": "B0MBNCSW1K"
      },
      "geometry": {
        "type": "Point",
        "coordinates": [
          114.123721,
          22.570121
        ]
      }
    },
    {
      "type": "Feature",
      "properties": {
        "name": "母婴室(KK TIME)",
        "address": "水贝二路81号(洪湖地铁站D口步行350米)KK TIMEB1层",
        "type": "公共设施;公共厕所;婴儿换洗间/哺乳室/母婴室",
        "typecode": "200304",
        "tel": [],
        "_source": "amap",
        "_keyword": "母婴室",
        "_amap_id": "B0MBNCSZ10"
      },
      "geometry": {
        "type": "Point",
        "coordinates": [
          114.124463,
          22.56938
        ]
      }
    },
    {
      "type": "Feature",
      "properties": {
        "name": "母婴室(KK TIME)",
        "address": "水贝二路81号(洪湖地铁站D口步行350米)KK TIMEL4层",
        "type": "公共设施;公共厕所;婴儿换洗间/哺乳室/母婴室",
        "typecode": "200304",
        "tel": [],
        "_source": "amap",
        "_keyword": "母婴室",
        "_amap_id": "B0MBNCSO3J"
      },
      "geometry": {
        "type": "Point",
        "coordinates": [
          114.12449,
          22.569221
        ]
      }
    },
    {
      "type": "Feature",
      "properties": {
        "name": "母婴室(KK TIME)",
        "address": "水贝二路81号(洪湖地铁站D口步行350米)KK TIMEL2层",
        "type": "公共设施;公共厕所;婴儿换洗间/哺乳室/母婴室",
        "typecode": "200304",
        "tel": [],
        "_source": "amap",
        "_keyword": "母婴室",
        "_amap_id": "B0MBNCT6MM"
      },
      "geometry": {
        "type": "Point",
        "coordinates": [
          114.124492,
          22.569218
        ]
      }
    },
    {
      "type": "Feature",
      "properties": {
        "name": "母婴室(KK TIME)",
        "address": "水贝二路81号(洪湖地铁站D口步行350米)KK TIMEL3层",
        "type": "公共设施;公共厕所;婴儿换洗间/哺乳室/母婴室",
        "typecode": "200304",
        "tel": [],
        "_source": "amap",
        "_keyword": "母婴室",
        "_amap_id": "B0MBNCT6MP"
      },
      "geometry": {
        "type": "Point",
        "coordinates": [
          114.124494,
          22.569215
        ]
      }
    },
    {
      "type": "Feature",
      "properties": {
        "name": "母婴室(茂业百货东门店)",
        "address": "东门中路与城东街交叉口西40米",
        "type": "公共设施;公共厕所;婴儿换洗间/哺乳室/母婴室",
        "typecode": "200304",
        "tel": [],
        "_source": "amap",
        "_keyword": "母婴室",
        "_amap_id": "B0LGMLFHJD"
      },
      "geometry": {
        "type": "Point",
        "coordinates": [
          114.121206,
          22.546863
        ]
      }
    },
    {
      "type": "Feature",
      "properties": {
        "name": "婴儿换洗间/哺乳室/母婴室(深圳布吉万象汇)",
        "address": "翔鸽路2号深圳布吉万象汇B1层",
        "type": "生活服务;生活服务场所;生活服务场所",
        "typecode": "070000",
        "tel": [],
        "_source": "amap",
        "_keyword": "母婴室",
        "_amap_id": "B0LKFMSO9G"
      },
      "geometry": {
        "type": "Point",
        "coordinates": [
          114.131246,
          22.593729
        ]
      }
    },
    {
      "type": "Feature",
      "properties": {
        "name": "南湾街道行政服务大厅-母婴室",
        "address": "南湾路与南湾南新路交叉口西南160米",
        "type": "生活服务;生活服务场所;生活服务场所",
        "typecode": "070000",
        "tel": [],
        "_source": "amap",
        "_keyword": "母婴室",
        "_amap_id": "B0L3MXQ699"
      },
      "geometry": {
        "type": "Point",
        "coordinates": [
          114.145141,
          22.604413
        ]
      }
    },
    {
      "type": "Feature",
      "properties": {
        "name": "吉厦社区简竹路垃圾转运站-母婴室",
        "address": "简竹路与工业区一路交叉口西北40米",
        "type": "生活服务;生活服务场所;生活服务场所",
        "typecode": "070000",
        "tel": [],
        "_source": "amap",
        "_keyword": "母婴室",
        "_amap_id": "B0LKDLOBLZ"
      },
      "geometry": {
        "type": "Point",
        "coordinates": [
          114.163525,
          22.624875
        ]
      }
    },
    {
      "type": "Feature",
      "properties": {
        "name": "简竹社康-母婴室",
        "address": "简竹路与简竹支路交叉口西180米",
        "type": "生活服务;生活服务场所;生活服务场所",
        "typecode": "070000",
        "tel": [],
        "_source": "amap",
        "_keyword": "母婴室",
        "_amap_id": "B0L3S94DK6"
      },
      "geometry": {
        "type": "Point",
        "coordinates": [
          114.16504,
          22.626071
        ]
      }
    },
    {
      "type": "Feature",
      "properties": {
        "name": "龙城公园-母婴室",
        "address": "悟亭观景台西北侧",
        "type": "公共设施;公共厕所;婴儿换洗间/哺乳室/母婴室",
        "typecode": "200304",
        "tel": [],
        "_source": "amap",
        "_keyword": "母婴室",
        "_amap_id": "B0M6DM5THE"
      },
      "geometry": {
        "type": "Point",
        "coordinates": [
          114.224525,
          22.712275
        ]
      }
    },
    {
      "type": "Feature",
      "properties": {
        "name": "龙城公园-母婴室",
        "address": "清林路与爱心路交叉口南100米",
        "type": "生活服务;生活服务场所;生活服务场所",
        "typecode": "070000",
        "tel": [],
        "_source": "amap",
        "_keyword": "母婴室",
        "_amap_id": "B0L3HLBAPH"
      },
      "geometry": {
        "type": "Point",
        "coordinates": [
          114.228863,
          22.718526
        ]
      }
    },
    {
      "type": "Feature",
      "properties": {
        "name": "龙城公园-母婴室",
        "address": "龙城公园-观景台西侧",
        "type": "公共设施;公共厕所;婴儿换洗间/哺乳室/母婴室",
        "typecode": "200304",
        "tel": [],
        "_source": "amap",
        "_keyword": "母婴室",
        "_amap_id": "B0LKU6VRV6"
      },
      "geometry": {
        "type": "Point",
        "coordinates": [
          114.228125,
          22.712625
        ]
      }
    },
    {
      "type": "Feature",
      "properties": {
        "name": "龙城公园-母婴室",
        "address": "余石岭路与景轩路交叉口南460米",
        "type": "公共设施;公共厕所;婴儿换洗间/哺乳室/母婴室",
        "typecode": "200304",
        "tel": [],
        "_source": "amap",
        "_keyword": "母婴室",
        "_amap_id": "B0LUHXJ9AO"
      },
      "geometry": {
        "type": "Point",
        "coordinates": [
          114.23224,
          22.7144
        ]
      }
    },
    {
      "type": "Feature",
      "properties": {
        "name": "宝能all city购物中心-母婴室",
        "address": "沃尔玛",
        "type": "生活服务;生活服务场所;生活服务场所",
        "typecode": "070000",
        "tel": [],
        "_source": "amap",
        "_keyword": "母婴室",
        "_amap_id": "B0M6O7MKAQ"
      },
      "geometry": {
        "type": "Point",
        "coordinates": [
          114.248396,
          22.724721
        ]
      }
    },
    {
      "type": "Feature",
      "properties": {
        "name": "智能母婴室",
        "address": "海景二路与海山路交叉口西120米",
        "type": "生活服务;生活服务场所;生活服务场所",
        "typecode": "070000",
        "tel": [],
        "_source": "amap",
        "_keyword": "母婴室",
        "_amap_id": "B0LD3DIXLL"
      },
      "geometry": {
        "type": "Point",
        "coordinates": [
          114.23937,
          22.554298
        ]
      }
    },
    {
      "type": "Feature",
      "properties": {
        "name": "新生社康-母婴室",
        "address": "深圳丽湾酒店南门西90米",
        "type": "生活服务;生活服务场所;生活服务场所",
        "typecode": "070000",
        "tel": [],
        "_source": "amap",
        "_keyword": "母婴室",
        "_amap_id": "B0L39RSZ9U"
      },
      "geometry": {
        "type": "Point",
        "coordinates": [
          114.280714,
          22.739642
        ]
      }
    },
    {
      "type": "Feature",
      "properties": {
        "name": "康宁医院(坪山院区)-母婴室",
        "address": "振碧路与汤坑路南路交叉口东160米",
        "type": "生活服务;生活服务场所;生活服务场所",
        "typecode": "070000",
        "tel": [],
        "_source": "amap",
        "_keyword": "母婴室",
        "_amap_id": "B0L3H78WY1"
      },
      "geometry": {
        "type": "Point",
        "coordinates": [
          114.304839,
          22.663006
        ]
      }
    },
    {
      "type": "Feature",
      "properties": {
        "name": "坪山区龙田街道行政服务大厅-母婴室",
        "address": "宝横路与盘龙路交叉口东南20米",
        "type": "生活服务;生活服务场所;生活服务场所",
        "typecode": "070000",
        "tel": [],
        "_source": "amap",
        "_keyword": "母婴室",
        "_amap_id": "B0LKV75412"
      },
      "geometry": {
        "type": "Point",
        "coordinates": [
          114.360575,
          22.727175
        ]
      }
    },
    {
      "type": "Feature",
      "properties": {
        "name": "燕子岭生态公园-母婴室",
        "address": "金牛西路与四号路交叉口西南60米",
        "type": "公共设施;公共厕所;婴儿换洗间/哺乳室/母婴室",
        "typecode": "200304",
        "tel": [],
        "_source": "amap",
        "_keyword": "母婴室",
        "_amap_id": "B0LKLG8EA5"
      },
      "geometry": {
        "type": "Point",
        "coordinates": [
          114.360875,
          22.702425
        ]
      }
    },
    {
      "type": "Feature",
      "properties": {
        "name": "星星精密科技(深圳)有限公司-母婴室",
        "address": "江岭路与协利街交叉口西北140米",
        "type": "生活服务;生活服务场所;生活服务场所",
        "typecode": "070000",
        "tel": [],
        "_source": "amap",
        "_keyword": "母婴室",
        "_amap_id": "B0LRLKLIWZ"
      },
      "geometry": {
        "type": "Point",
        "coordinates": [
          114.356684,
          22.676294
        ]
      }
    },
    {
      "type": "Feature",
      "properties": {
        "name": "坑梓街道办事处行政服务大厅-母婴室",
        "address": "坑梓人民西路与梓祥路交叉口西40米",
        "type": "生活服务;生活服务场所;生活服务场所",
        "typecode": "070000",
        "tel": [],
        "_source": "amap",
        "_keyword": "母婴室",
        "_amap_id": "B0LR1XUZ9D"
      },
      "geometry": {
        "type": "Point",
        "coordinates": [
          114.370839,
          22.743858
        ]
      }
    },
    {
      "type": "Feature",
      "properties": {
        "name": "聚龙山湿地公园-母婴室",
        "address": "聚青路与丹青路交叉口南80米",
        "type": "公共设施;公共厕所;婴儿换洗间/哺乳室/母婴室",
        "typecode": "200304",
        "tel": [],
        "_source": "amap",
        "_keyword": "母婴室",
        "_amap_id": "B0LKL47Z9N"
      },
      "geometry": {
        "type": "Point",
        "coordinates": [
          114.410135,
          22.74863
        ]
      }
    },
    {
      "type": "Feature",
      "properties": {
        "name": "母婴室",
        "address": "龙华街道松和社区龙华大道3734号(油和路66号)共和商业广场",
        "type": "生活服务;生活服务场所;生活服务场所",
        "typecode": "070000",
        "tel": [],
        "_source": "amap",
        "_keyword": "母婴室",
        "_amap_id": "B0L37XNDJN"
      },
      "geometry": {
        "type": "Point",
        "coordinates": [
          114.03959,
          22.647701
        ]
      }
    },
    {
      "type": "Feature",
      "properties": {
        "name": "燕子岭生态公园-母婴室",
        "address": "大潮路与燕子岭五路交叉口南380米",
        "type": "生活服务;生活服务场所;生活服务场所",
        "typecode": "070000",
        "tel": [],
        "_source": "amap",
        "_keyword": "母婴室",
        "_amap_id": "B0L37KKTF9"
      },
      "geometry": {
        "type": "Point",
        "coordinates": [
          114.362066,
          22.697299
        ]
      }
    },
    {
      "type": "Feature",
      "properties": {
        "name": "海雅缤纷广场-母婴室",
        "address": "南海大道2746号海雅缤纷广场4F层",
        "type": "生活服务;生活服务场所;生活服务场所",
        "typecode": "070000",
        "tel": [],
        "_source": "amap",
        "_keyword": "母婴室",
        "_amap_id": "B0L359FQFE"
      },
      "geometry": {
        "type": "Point",
        "coordinates": [
          113.929381,
          22.518457
        ]
      }
    },
    {
      "type": "Feature",
      "properties": {
        "name": "葵丰社区-母婴室",
        "address": "葵丰社区丰树山东路北葵丰社区服务楼",
        "type": "生活服务;生活服务场所;生活服务场所",
        "typecode": "070000",
        "tel": [],
        "_source": "amap",
        "_keyword": "母婴室",
        "_amap_id": "B0L33RC1NU"
      },
      "geometry": {
        "type": "Point",
        "coordinates": [
          114.412366,
          22.636191
        ]
      }
    },
    {
      "type": "Feature",
      "properties": {
        "name": "天猫母婴室",
        "address": "华南大道1号华盛奥特莱斯购物中心",
        "type": "生活服务;生活服务场所;生活服务场所",
        "typecode": "070000",
        "tel": [],
        "_source": "amap",
        "_keyword": "母婴室",
        "_amap_id": "B0L2URFJ0P"
      },
      "geometry": {
        "type": "Point",
        "coordinates": [
          114.124133,
          22.678807
        ]
      }
    },
    {
      "type": "Feature",
      "properties": {
        "name": "体育中心地铁站B口母婴室",
        "address": "体育中心地铁站B口",
        "type": "公共设施;公共厕所;婴儿换洗间/哺乳室/母婴室",
        "typecode": "200304",
        "tel": [],
        "_source": "amap",
        "_keyword": "母婴室",
        "_amap_id": "B0L2NUHQKQ"
      },
      "geometry": {
        "type": "Point",
        "coordinates": [
          114.096275,
          22.554655
        ]
      }
    },
    {
      "type": "Feature",
      "properties": {
        "name": "深圳人才公园-母婴室",
        "address": "海德一道与望湖路辅路交叉口南100米",
        "type": "公共设施;公共厕所;婴儿换洗间/哺乳室/母婴室",
        "typecode": "200304",
        "tel": [],
        "_source": "amap",
        "_keyword": "母婴室",
        "_amap_id": "B0L2HOBGJK"
      },
      "geometry": {
        "type": "Point",
        "coordinates": [
          113.946679,
          22.512502
        ]
      }
    },
    {
      "type": "Feature",
      "properties": {
        "name": "香蜜公园小荔枝游戏场-母婴室",
        "address": "农园路与春田路交叉口东180米",
        "type": "公共设施;公共厕所;婴儿换洗间/哺乳室/母婴室",
        "typecode": "200304",
        "tel": [],
        "_source": "amap",
        "_keyword": "母婴室",
        "_amap_id": "B0L2HNA3YO"
      },
      "geometry": {
        "type": "Point",
        "coordinates": [
          114.021639,
          22.545977
        ]
      }
    },
    {
      "type": "Feature",
      "properties": {
        "name": "CICCIMall购物中心-母婴室",
        "address": "振华路与兰光路交叉口东南100米",
        "type": "生活服务;生活服务场所;生活服务场所",
        "typecode": "070000",
        "tel": [],
        "_source": "amap",
        "_keyword": "母婴室",
        "_amap_id": "B0L2COIRJJ"
      },
      "geometry": {
        "type": "Point",
        "coordinates": [
          114.092353,
          22.543631
        ]
      }
    },
    {
      "type": "Feature",
      "properties": {
        "name": "莲花山公园A区-母婴室",
        "address": "莲花山公园-山顶展厅南侧70米",
        "type": "公共设施;公共厕所;婴儿换洗间/哺乳室/母婴室",
        "typecode": "200304",
        "tel": [],
        "_source": "amap",
        "_keyword": "母婴室",
        "_amap_id": "B0L2BLLTOI"
      },
      "geometry": {
        "type": "Point",
        "coordinates": [
          114.059947,
          22.554046
        ]
      }
    },
    {
      "type": "Feature",
      "properties": {
        "name": "倍儿行固定母婴室",
        "address": "7-ELEVEn(深圳宝安国际机场卫星厅店)南侧80米",
        "type": "公共设施;公共厕所;婴儿换洗间/哺乳室/母婴室",
        "typecode": "200304",
        "tel": [],
        "_source": "amap",
        "_keyword": "母婴室",
        "_amap_id": "B0L2B5KBCC"
      },
      "geometry": {
        "type": "Point",
        "coordinates": [
          113.8047,
          22.639758
        ]
      }
    },
    {
      "type": "Feature",
      "properties": {
        "name": "深圳市儿童乐园-母婴室",
        "address": "农林路71号深圳市儿童乐园",
        "type": "生活服务;生活服务场所;生活服务场所",
        "typecode": "070000",
        "tel": [],
        "_source": "amap",
        "_keyword": "母婴室",
        "_amap_id": "B0L2B5K9ZZ"
      },
      "geometry": {
        "type": "Point",
        "coordinates": [
          114.010599,
          22.543756
        ]
      }
    },
    {
      "type": "Feature",
      "properties": {
        "name": "顺丰速运有限公司B座9楼-母婴室(深投控创智天地大厦B座店)",
        "address": "荔湾街道科技南一路深投控创智天地大厦B座9楼",
        "type": "生活服务;生活服务场所;生活服务场所",
        "typecode": "070000",
        "tel": [],
        "_source": "amap",
        "_keyword": "母婴室",
        "_amap_id": "B0L1K4U1R5"
      },
      "geometry": {
        "type": "Point",
        "coordinates": [
          113.944184,
          22.538162
        ]
      }
    },
    {
      "type": "Feature",
      "properties": {
        "name": "立新湖两岸文创梦想公园-母婴室",
        "address": "福海街道桥头社区稔山二路8号立新湖公园",
        "type": "生活服务;生活服务场所;生活服务场所",
        "typecode": "070000",
        "tel": [],
        "_source": "amap",
        "_keyword": "母婴室",
        "_amap_id": "B0L1F7ZEZO"
      },
      "geometry": {
        "type": "Point",
        "coordinates": [
          113.815875,
          22.684825
        ]
      }
    },
    {
      "type": "Feature",
      "properties": {
        "name": "母婴室(万象城1期)",
        "address": "宝安南路1881号万象城1期L3层",
        "type": "公共设施;公共厕所;婴儿换洗间/哺乳室/母婴室",
        "typecode": "200304",
        "tel": [],
        "_source": "amap",
        "_keyword": "母婴室",
        "_amap_id": "B0L0ZOG1PW"
      },
      "geometry": {
        "type": "Point",
        "coordinates": [
          114.111227,
          22.539635
        ]
      }
    },
    {
      "type": "Feature",
      "properties": {
        "name": "深圳市儿童乐园-母婴室",
        "address": "竹香一路与竹香二路交叉口北140米",
        "type": "公共设施;公共厕所;婴儿换洗间/哺乳室/母婴室",
        "typecode": "200304",
        "tel": [],
        "_source": "amap",
        "_keyword": "母婴室",
        "_amap_id": "B0L0YN4NUP"
      },
      "geometry": {
        "type": "Point",
        "coordinates": [
          114.014806,
          22.543536
        ]
      }
    },
    {
      "type": "Feature",
      "properties": {
        "name": "南山区便民服务中心-母婴室",
        "address": "海德三道与环北沙河西立交桥交叉口东北120米",
        "type": "公共设施;公共厕所;婴儿换洗间/哺乳室/母婴室",
        "typecode": "200304",
        "tel": [],
        "_source": "amap",
        "_keyword": "母婴室",
        "_amap_id": "B0L0V9IUS6"
      },
      "geometry": {
        "type": "Point",
        "coordinates": [
          113.951875,
          22.516375
        ]
      }
    },
    {
      "type": "Feature",
      "properties": {
        "name": "北站党群服务中心-母婴室",
        "address": "龙汇路与民丰路交叉口西北160米",
        "type": "公共设施;公共厕所;婴儿换洗间/哺乳室/母婴室",
        "typecode": "200304",
        "tel": [],
        "_source": "amap",
        "_keyword": "母婴室",
        "_amap_id": "B0L0SGIW6R"
      },
      "geometry": {
        "type": "Point",
        "coordinates": [
          114.031425,
          22.604075
        ]
      }
    },
    {
      "type": "Feature",
      "properties": {
        "name": "龙海文体中心",
        "address": "桂湾四路与时代大街交叉口东南200米",
        "type": "公共设施;公共厕所;婴儿换洗间/哺乳室/母婴室",
        "typecode": "200304",
        "tel": [],
        "_source": "amap",
        "_keyword": "母婴室",
        "_amap_id": "B0L0MN8MXF"
      },
      "geometry": {
        "type": "Point",
        "coordinates": [
          113.906025,
          22.530425
        ]
      }
    },
    {
      "type": "Feature",
      "properties": {
        "name": "壹方天地B区L2-母婴室",
        "address": "龙华街道人民路4022号壹方天地B区L2层",
        "type": "公共设施;公共厕所;婴儿换洗间/哺乳室/母婴室",
        "typecode": "200304",
        "tel": [],
        "_source": "amap",
        "_keyword": "母婴室",
        "_amap_id": "B0L0MN8L1I"
      },
      "geometry": {
        "type": "Point",
        "coordinates": [
          114.029225,
          22.647425
        ]
      }
    },
    {
      "type": "Feature",
      "properties": {
        "name": "深圳湾万象城-母婴室",
        "address": "科苑南路2888号深圳湾万象城C区B1层",
        "type": "公共设施;公共厕所;婴儿换洗间/哺乳室/母婴室",
        "typecode": "200304",
        "tel": [],
        "_source": "amap",
        "_keyword": "母婴室",
        "_amap_id": "B0L0JXGP95"
      },
      "geometry": {
        "type": "Point",
        "coordinates": [
          113.944525,
          22.514625
        ]
      }
    },
    {
      "type": "Feature",
      "properties": {
        "name": "母婴室(海雅缤纷城)",
        "address": "宝民一路99号海雅缤纷城L5层",
        "type": "公共设施;公共厕所;婴儿换洗间/哺乳室/母婴室",
        "typecode": "200304",
        "tel": [],
        "_source": "amap",
        "_keyword": "母婴室",
        "_amap_id": "B0L0G74JU4"
      },
      "geometry": {
        "type": "Point",
        "coordinates": [
          113.905703,
          22.559715
        ]
      }
    },
    {
      "type": "Feature",
      "properties": {
        "name": "母婴室(海雅缤纷城)",
        "address": "宝民一路99号海雅缤纷城L4层",
        "type": "公共设施;公共厕所;婴儿换洗间/哺乳室/母婴室",
        "typecode": "200304",
        "tel": [],
        "_source": "amap",
        "_keyword": "母婴室",
        "_amap_id": "B0L0G74JU3"
      },
      "geometry": {
        "type": "Point",
        "coordinates": [
          113.9057,
          22.559706
        ]
      }
    },
    {
      "type": "Feature",
      "properties": {
        "name": "母婴室(海雅缤纷城)",
        "address": "宝民一路99号海雅缤纷城B1层",
        "type": "公共设施;公共厕所;婴儿换洗间/哺乳室/母婴室",
        "typecode": "200304",
        "tel": [],
        "_source": "amap",
        "_keyword": "母婴室",
        "_amap_id": "B0L0G74F9G"
      },
      "geometry": {
        "type": "Point",
        "coordinates": [
          113.906623,
          22.560412
        ]
      }
    },
    {
      "type": "Feature",
      "properties": {
        "name": "母婴室(海雅缤纷城)",
        "address": "宝民一路99号海雅缤纷城L3层",
        "type": "公共设施;公共厕所;婴儿换洗间/哺乳室/母婴室",
        "typecode": "200304",
        "tel": [],
        "_source": "amap",
        "_keyword": "母婴室",
        "_amap_id": "B0L0G740DA"
      },
      "geometry": {
        "type": "Point",
        "coordinates": [
          113.906211,
          22.559609
        ]
      }
    },
    {
      "type": "Feature",
      "properties": {
        "name": "深圳湾万象城-母婴室",
        "address": "海德二道与逸景一路交叉口东南80米",
        "type": "公共设施;公共厕所;婴儿换洗间/哺乳室/母婴室",
        "typecode": "200304",
        "tel": [],
        "_source": "amap",
        "_keyword": "母婴室",
        "_amap_id": "B0L0DNM81B"
      },
      "geometry": {
        "type": "Point",
        "coordinates": [
          113.941895,
          22.517136
        ]
      }
    },
    {
      "type": "Feature",
      "properties": {
        "name": "深圳书城龙岗城-母婴室",
        "address": "龙城街道龙翔大道8028-4号深圳书城龙岗城南区3层",
        "type": "购物服务;购物相关场所;购物相关场所",
        "typecode": "060000",
        "tel": [],
        "_source": "amap",
        "_keyword": "母婴室",
        "_amap_id": "B0L09UCF6T"
      },
      "geometry": {
        "type": "Point",
        "coordinates": [
          114.24945,
          22.716155
        ]
      }
    },
    {
      "type": "Feature",
      "properties": {
        "name": "君尚百货-母婴室",
        "address": "民田路与福华四路交叉口东北120米",
        "type": "公共设施;公共厕所;婴儿换洗间/哺乳室/母婴室",
        "typecode": "200304",
        "tel": [],
        "_source": "amap",
        "_keyword": "母婴室",
        "_amap_id": "B0L07144KO"
      },
      "geometry": {
        "type": "Point",
        "coordinates": [
          114.053575,
          22.531575
        ]
      }
    },
    {
      "type": "Feature",
      "properties": {
        "name": "同胜社康中心-母婴室",
        "address": "华繁路与同胜二路交叉口南60米",
        "type": "公共设施;公共厕所;婴儿换洗间/哺乳室/母婴室",
        "typecode": "200304",
        "tel": [],
        "_source": "amap",
        "_keyword": "母婴室",
        "_amap_id": "B0L05NSLOW"
      },
      "geometry": {
        "type": "Point",
        "coordinates": [
          113.991715,
          22.67602
        ]
      }
    },
    {
      "type": "Feature",
      "properties": {
        "name": "婴儿换洗间/哺乳室/母婴室(招商花园城南区)",
        "address": "南海大道1090号招商花园城南区L2层",
        "type": "公共设施;公共厕所;婴儿换洗间/哺乳室/母婴室",
        "typecode": "200304",
        "tel": [],
        "_source": "amap",
        "_keyword": "母婴室",
        "_amap_id": "B0KUX9VGYS"
      },
      "geometry": {
        "type": "Point",
        "coordinates": [
          113.923212,
          22.500764
        ]
      }
    },
    {
      "type": "Feature",
      "properties": {
        "name": "婴儿换洗间/哺乳室/母婴室(招商花园城北区)",
        "address": "南海大道1090号招商花园城北区L3层",
        "type": "公共设施;公共厕所;婴儿换洗间/哺乳室/母婴室",
        "typecode": "200304",
        "tel": [],
        "_source": "amap",
        "_keyword": "母婴室",
        "_amap_id": "B0KUX9M19V"
      },
      "geometry": {
        "type": "Point",
        "coordinates": [
          113.92312,
          22.501947
        ]
      }
    },
    {
      "type": "Feature",
      "properties": {
        "name": "婴儿换洗间/哺乳室/母婴室(招商花园城南区)",
        "address": "南海大道1090号招商花园城南区L3层",
        "type": "公共设施;公共厕所;婴儿换洗间/哺乳室/母婴室",
        "typecode": "200304",
        "tel": [],
        "_source": "amap",
        "_keyword": "母婴室",
        "_amap_id": "B0KUX9IE5P"
      },
      "geometry": {
        "type": "Point",
        "coordinates": [
          113.923263,
          22.500752
        ]
      }
    },
    {
      "type": "Feature",
      "properties": {
        "name": "母婴室",
        "address": "4栋1楼嘉旺旁洗手间",
        "type": "公共设施;公共厕所;婴儿换洗间/哺乳室/母婴室",
        "typecode": "200304",
        "tel": [],
        "_source": "amap",
        "_keyword": "母婴室",
        "_amap_id": "B0KUX5YC2U"
      },
      "geometry": {
        "type": "Point",
        "coordinates": [
          114.070295,
          22.660671
        ]
      }
    },
    {
      "type": "Feature",
      "properties": {
        "name": "婴儿换洗间/哺乳室/母婴室(南岭购物广场)",
        "address": "南岭东路28号南岭购物广场L3层",
        "type": "公共设施;公共厕所;婴儿换洗间/哺乳室/母婴室",
        "typecode": "200304",
        "tel": [],
        "_source": "amap",
        "_keyword": "母婴室",
        "_amap_id": "B0KUC1TH64"
      },
      "geometry": {
        "type": "Point",
        "coordinates": [
          114.151176,
          22.612198
        ]
      }
    },
    {
      "type": "Feature",
      "properties": {
        "name": "母婴室(深圳大运天地南区)",
        "address": "龙翔大道3001号深圳大运中心深圳大运天地南区LG层",
        "type": "公共设施;公共厕所;婴儿换洗间/哺乳室/母婴室",
        "typecode": "200304",
        "tel": [],
        "_source": "amap",
        "_keyword": "母婴室",
        "_amap_id": "B0KRC1HD4L"
      },
      "geometry": {
        "type": "Point",
        "coordinates": [
          114.220092,
          22.695018
        ]
      }
    },
    {
      "type": "Feature",
      "properties": {
        "name": "母婴室(深圳大运天地北区)",
        "address": "龙翔大道3001号深圳大运中心深圳大运天地北区L1层",
        "type": "公共设施;公共厕所;婴儿换洗间/哺乳室/母婴室",
        "typecode": "200304",
        "tel": [],
        "_source": "amap",
        "_keyword": "母婴室",
        "_amap_id": "B0KRC1FOGG"
      },
      "geometry": {
        "type": "Point",
        "coordinates": [
          114.216023,
          22.697876
        ]
      }
    },
    {
      "type": "Feature",
      "properties": {
        "name": "母婴室(深圳大运天地中区)",
        "address": "龙翔大道3001号深圳大运中心深圳大运天地中区L2层",
        "type": "公共设施;公共厕所;婴儿换洗间/哺乳室/母婴室",
        "typecode": "200304",
        "tel": [],
        "_source": "amap",
        "_keyword": "母婴室",
        "_amap_id": "B0KRC1837K"
      },
      "geometry": {
        "type": "Point",
        "coordinates": [
          114.218678,
          22.696341
        ]
      }
    },
    {
      "type": "Feature",
      "properties": {
        "name": "母婴室",
        "address": "坂田天安云谷二期-11栋B1层外街",
        "type": "公共设施;公共设施;公共设施",
        "typecode": "200000",
        "tel": [],
        "_source": "amap",
        "_keyword": "母婴室",
        "_amap_id": "B0KRB5VJCM"
      },
      "geometry": {
        "type": "Point",
        "coordinates": [
          114.066021,
          22.65937
        ]
      }
    },
    {
      "type": "Feature",
      "properties": {
        "name": "图书馆母婴室",
        "address": "坂田天安云谷一期-3栋D座3层图书馆旁",
        "type": "公共设施;公共厕所;婴儿换洗间/哺乳室/母婴室",
        "typecode": "200304",
        "tel": [],
        "_source": "amap",
        "_keyword": "母婴室",
        "_amap_id": "B0KRB5RL24"
      },
      "geometry": {
        "type": "Point",
        "coordinates": [
          114.068303,
          22.659957
        ]
      }
    },
    {
      "type": "Feature",
      "properties": {
        "name": "母婴室",
        "address": "坂田天安云谷二期-11栋B1层内街",
        "type": "公共设施;公共设施;公共设施",
        "typecode": "200000",
        "tel": [],
        "_source": "amap",
        "_keyword": "母婴室",
        "_amap_id": "B0KRB5RE2B"
      },
      "geometry": {
        "type": "Point",
        "coordinates": [
          114.065407,
          22.659283
        ]
      }
    },
    {
      "type": "Feature",
      "properties": {
        "name": "母婴关爱室",
        "address": "坂田天安云谷二期5栋2层",
        "type": "公共设施;公共厕所;婴儿换洗间/哺乳室/母婴室",
        "typecode": "200304",
        "tel": [],
        "_source": "amap",
        "_keyword": "母婴室",
        "_amap_id": "B0KRB5RE0H"
      },
      "geometry": {
        "type": "Point",
        "coordinates": [
          114.069632,
          22.661625
        ]
      }
    },
    {
      "type": "Feature",
      "properties": {
        "name": "母婴室",
        "address": "坂田天安云谷二期-7栋M1层科技艺术展览馆",
        "type": "公共设施;公共设施;公共设施",
        "typecode": "200000",
        "tel": [],
        "_source": "amap",
        "_keyword": "母婴室",
        "_amap_id": "B0KRB5QB50"
      },
      "geometry": {
        "type": "Point",
        "coordinates": [
          114.068589,
          22.66099
        ]
      }
    },
    {
      "type": "Feature",
      "properties": {
        "name": "母婴室(深圳深业上城)",
        "address": "华富街道莲花一村社区皇岗路5001号深圳深业上城L2层",
        "type": "公共设施;公共厕所;婴儿换洗间/哺乳室/母婴室",
        "typecode": "200304",
        "tel": [],
        "_source": "amap",
        "_keyword": "母婴室",
        "_amap_id": "B0KR6LW0R1"
      },
      "geometry": {
        "type": "Point",
        "coordinates": [
          114.068982,
          22.556196
        ]
      }
    },
    {
      "type": "Feature",
      "properties": {
        "name": "母婴室(深圳BREWTOWN啤酒小镇东区)",
        "address": "创业二路与扬田路交叉口东40米深圳BREWTOWN啤酒小镇东区L2层",
        "type": "公共设施;公共厕所;婴儿换洗间/哺乳室/母婴室",
        "typecode": "200304",
        "tel": [],
        "_source": "amap",
        "_keyword": "母婴室",
        "_amap_id": "B0KKM9YPUR"
      },
      "geometry": {
        "type": "Point",
        "coordinates": [
          113.922162,
          22.583636
        ]
      }
    },
    {
      "type": "Feature",
      "properties": {
        "name": "母婴室(深圳BREWTOWN啤酒小镇西区)",
        "address": "创业二路与扬田路交叉口东40米深圳BREWTOWN啤酒小镇西区L1层",
        "type": "公共设施;公共厕所;婴儿换洗间/哺乳室/母婴室",
        "typecode": "200304",
        "tel": [],
        "_source": "amap",
        "_keyword": "母婴室",
        "_amap_id": "B0KKM9959T"
      },
      "geometry": {
        "type": "Point",
        "coordinates": [
          113.920762,
          22.582596
        ]
      }
    },
    {
      "type": "Feature",
      "properties": {
        "name": "母婴室(深圳BREWTOWN啤酒小镇东区)",
        "address": "创业二路与扬田路交叉口东40米深圳BREWTOWN啤酒小镇东区L1层",
        "type": "公共设施;公共厕所;婴儿换洗间/哺乳室/母婴室",
        "typecode": "200304",
        "tel": [],
        "_source": "amap",
        "_keyword": "母婴室",
        "_amap_id": "B0KKM97OVD"
      },
      "geometry": {
        "type": "Point",
        "coordinates": [
          113.921472,
          22.583108
        ]
      }
    },
    {
      "type": "Feature",
      "properties": {
        "name": "母婴室(8号仓奥特莱斯)",
        "address": "民康路1号8号仓奥特莱斯L2层",
        "type": "公共设施;公共厕所;婴儿换洗间/哺乳室/母婴室",
        "typecode": "200304",
        "tel": [],
        "_source": "amap",
        "_keyword": "母婴室",
        "_amap_id": "B0KGSHI16Z"
      },
      "geometry": {
        "type": "Point",
        "coordinates": [
          114.05469,
          22.61864
        ]
      }
    },
    {
      "type": "Feature",
      "properties": {
        "name": "母婴室(8号仓奥特莱斯)",
        "address": "民康路1号8号仓奥特莱斯L3层",
        "type": "公共设施;公共厕所;婴儿换洗间/哺乳室/母婴室",
        "typecode": "200304",
        "tel": [],
        "_source": "amap",
        "_keyword": "母婴室",
        "_amap_id": "B0KGSHAYKN"
      },
      "geometry": {
        "type": "Point",
        "coordinates": [
          114.054736,
          22.618588
        ]
      }
    },
    {
      "type": "Feature",
      "properties": {
        "name": "母婴室(深圳深业上城)",
        "address": "华富街道莲花一村社区皇岗路5001号深圳深业上城L1层",
        "type": "公共设施;公共厕所;婴儿换洗间/哺乳室/母婴室",
        "typecode": "200304",
        "tel": [],
        "_source": "amap",
        "_keyword": "母婴室",
        "_amap_id": "B0KDXDQ8X6"
      },
      "geometry": {
        "type": "Point",
        "coordinates": [
          114.070857,
          22.556976
        ]
      }
    },
    {
      "type": "Feature",
      "properties": {
        "name": "母婴室(百佳华·佳漾汇新桥店)",
        "address": "新桥街道沙企社区沙井中心路百佳华·佳漾汇(新桥店)4F层",
        "type": "公共设施;公共厕所;婴儿换洗间/哺乳室/母婴室",
        "typecode": "200304",
        "tel": [],
        "_source": "amap",
        "_keyword": "母婴室",
        "_amap_id": "B0KDMOH5JX"
      },
      "geometry": {
        "type": "Point",
        "coordinates": [
          113.82896,
          22.733142
        ]
      }
    },
    {
      "type": "Feature",
      "properties": {
        "name": "母婴室(百佳华·佳漾汇新桥店)",
        "address": "新桥街道沙企社区沙井中心路百佳华·佳漾汇(新桥店)B1层",
        "type": "公共设施;公共厕所;婴儿换洗间/哺乳室/母婴室",
        "typecode": "200304",
        "tel": [],
        "_source": "amap",
        "_keyword": "母婴室",
        "_amap_id": "B0KDMOFV8Q"
      },
      "geometry": {
        "type": "Point",
        "coordinates": [
          113.829068,
          22.732761
        ]
      }
    },
    {
      "type": "Feature",
      "properties": {
        "name": "母婴室(百佳华·佳漾汇新桥店)",
        "address": "新桥街道沙企社区沙井中心路百佳华·佳漾汇(新桥店)5F层",
        "type": "公共设施;公共厕所;婴儿换洗间/哺乳室/母婴室",
        "typecode": "200304",
        "tel": [],
        "_source": "amap",
        "_keyword": "母婴室",
        "_amap_id": "B0KDMOFNKS"
      },
      "geometry": {
        "type": "Point",
        "coordinates": [
          113.828957,
          22.73315
        ]
      }
    },
    {
      "type": "Feature",
      "properties": {
        "name": "母婴室(百佳华·佳漾汇新桥店)",
        "address": "新桥街道沙企社区沙井中心路百佳华·佳漾汇(新桥店)3F层",
        "type": "公共设施;公共厕所;婴儿换洗间/哺乳室/母婴室",
        "typecode": "200304",
        "tel": [],
        "_source": "amap",
        "_keyword": "母婴室",
        "_amap_id": "B0KDMOE5NN"
      },
      "geometry": {
        "type": "Point",
        "coordinates": [
          113.828971,
          22.733079
        ]
      }
    },
    {
      "type": "Feature",
      "properties": {
        "name": "母婴室(宝能环球汇西丽店)",
        "address": "桃源街道福光社区留仙大道3288号(塘朗地铁站D口旁)宝能环球汇(西丽店)L2层",
        "type": "公共设施;公共厕所;婴儿换洗间/哺乳室/母婴室",
        "typecode": "200304",
        "tel": [],
        "_source": "amap",
        "_keyword": "母婴室",
        "_amap_id": "B0KD05WX86"
      },
      "geometry": {
        "type": "Point",
        "coordinates": [
          113.996988,
          22.590805
        ]
      }
    },
    {
      "type": "Feature",
      "properties": {
        "name": "松岗卫生监督所(预防保健所)母婴室",
        "address": "广深路松岗段278号",
        "type": "公共设施;公共厕所;婴儿换洗间/哺乳室/母婴室",
        "typecode": "200304",
        "tel": [],
        "_source": "amap",
        "_keyword": "母婴室",
        "_amap_id": "B0KA5DAZ7Z"
      },
      "geometry": {
        "type": "Point",
        "coordinates": [
          113.846809,
          22.770857
        ]
      }
    },
    {
      "type": "Feature",
      "properties": {
        "name": "母婴室(创城·ccone)",
        "address": "坪地街道龙岗大道2098号创城·ccone2F层",
        "type": "公共设施;公共厕所;婴儿换洗间/哺乳室/母婴室",
        "typecode": "200304",
        "tel": [],
        "_source": "amap",
        "_keyword": "母婴室",
        "_amap_id": "B0K6YR3M03"
      },
      "geometry": {
        "type": "Point",
        "coordinates": [
          114.304053,
          22.76472
        ]
      }
    },
    {
      "type": "Feature",
      "properties": {
        "name": "婴儿换洗间/哺乳室/母婴室(百易广场A栋)",
        "address": "民福路2号百易广场A栋1F层",
        "type": "公共设施;公共厕所;婴儿换洗间/哺乳室/母婴室",
        "typecode": "200304",
        "tel": [],
        "_source": "amap",
        "_keyword": "母婴室",
        "_amap_id": "B0K6YR36ZP"
      },
      "geometry": {
        "type": "Point",
        "coordinates": [
          114.035732,
          22.618721
        ]
      }
    },
    {
      "type": "Feature",
      "properties": {
        "name": "母婴室(茂业百货)",
        "address": "东门中路2047号茂业百货F10层",
        "type": "公共设施;公共厕所;婴儿换洗间/哺乳室/母婴室",
        "typecode": "200304",
        "tel": [],
        "_source": "amap",
        "_keyword": "母婴室",
        "_amap_id": "B0K6JLWULQ"
      },
      "geometry": {
        "type": "Point",
        "coordinates": [
          114.121133,
          22.547373
        ]
      }
    },
    {
      "type": "Feature",
      "properties": {
        "name": "母婴室(天虹商场松柏店)",
        "address": "信义御城豪园B1-4层(横岗地铁站B口步行180米)天虹商场(松柏店)L3层",
        "type": "公共设施;公共厕所;婴儿换洗间/哺乳室/母婴室",
        "typecode": "200304",
        "tel": [],
        "_source": "amap",
        "_keyword": "母婴室",
        "_amap_id": "B0K6JLQ3W3"
      },
      "geometry": {
        "type": "Point",
        "coordinates": [
          114.211164,
          22.648754
        ]
      }
    },
    {
      "type": "Feature",
      "properties": {
        "name": "卓悦汇购物中心-母婴室",
        "address": "梅林路与中康路交汇处1号卓悦汇购物中心L4层",
        "type": "公共设施;公共厕所;婴儿换洗间/哺乳室/母婴室",
        "typecode": "200304",
        "tel": [],
        "_source": "amap",
        "_keyword": "母婴室",
        "_amap_id": "B0K64SODIY"
      },
      "geometry": {
        "type": "Point",
        "coordinates": [
          114.060365,
          22.569241
        ]
      }
    },
    {
      "type": "Feature",
      "properties": {
        "name": "母婴室(卓悦汇购物中心)",
        "address": "梅林路与中康路交汇处1号卓悦汇购物中心L2层",
        "type": "公共设施;公共厕所;婴儿换洗间/哺乳室/母婴室",
        "typecode": "200304",
        "tel": [],
        "_source": "amap",
        "_keyword": "母婴室",
        "_amap_id": "B0K64SODIX"
      },
      "geometry": {
        "type": "Point",
        "coordinates": [
          114.060457,
          22.569254
        ]
      }
    },
    {
      "type": "Feature",
      "properties": {
        "name": "母婴室(卓悦汇购物中心)",
        "address": "梅林路与中康路交汇处1号卓悦汇购物中心L3层",
        "type": "公共设施;公共厕所;婴儿换洗间/哺乳室/母婴室",
        "typecode": "200304",
        "tel": [],
        "_source": "amap",
        "_keyword": "母婴室",
        "_amap_id": "B0K64SNBZ4"
      },
      "geometry": {
        "type": "Point",
        "coordinates": [
          114.060412,
          22.569278
        ]
      }
    },
    {
      "type": "Feature",
      "properties": {
        "name": "母婴室(卓悦汇购物中心)",
        "address": "梅林路与中康路交汇处1号卓悦汇购物中心L2层",
        "type": "公共设施;公共厕所;婴儿换洗间/哺乳室/母婴室",
        "typecode": "200304",
        "tel": [],
        "_source": "amap",
        "_keyword": "母婴室",
        "_amap_id": "B0K64SMWFH"
      },
      "geometry": {
        "type": "Point",
        "coordinates": [
          114.060399,
          22.570159
        ]
      }
    },
    {
      "type": "Feature",
      "properties": {
        "name": "母婴室(卓悦汇购物中心)",
        "address": "梅林路与中康路交汇处1号卓悦汇购物中心L1层",
        "type": "公共设施;公共厕所;婴儿换洗间/哺乳室/母婴室",
        "typecode": "200304",
        "tel": [],
        "_source": "amap",
        "_keyword": "母婴室",
        "_amap_id": "B0K64SMWFG"
      },
      "geometry": {
        "type": "Point",
        "coordinates": [
          114.060454,
          22.570128
        ]
      }
    },
    {
      "type": "Feature",
      "properties": {
        "name": "母婴室(卓悦汇购物中心)",
        "address": "梅林路与中康路交汇处1号卓悦汇购物中心L3层",
        "type": "公共设施;公共厕所;婴儿换洗间/哺乳室/母婴室",
        "typecode": "200304",
        "tel": [],
        "_source": "amap",
        "_keyword": "母婴室",
        "_amap_id": "B0K64SJ9H7"
      },
      "geometry": {
        "type": "Point",
        "coordinates": [
          114.06036,
          22.570148
        ]
      }
    },
    {
      "type": "Feature",
      "properties": {
        "name": "CoCo park负一楼母婴室",
        "address": "福华三路268号(购物公园地铁站E口旁)",
        "type": "公共设施;公共设施;公共设施",
        "typecode": "200000",
        "tel": [],
        "_source": "amap",
        "_keyword": "母婴室",
        "_amap_id": "B0K3X7ZAI7"
      },
      "geometry": {
        "type": "Point",
        "coordinates": [
          114.05427,
          22.533775
        ]
      }
    },
    {
      "type": "Feature",
      "properties": {
        "name": "大浪纷享城-母婴室",
        "address": "华旺路69号纷享城4F巴克顿和星聚会旁边",
        "type": "公共设施;公共设施;公共设施",
        "typecode": "200000",
        "tel": [],
        "_source": "amap",
        "_keyword": "母婴室",
        "_amap_id": "B0K3P7XCKZ"
      },
      "geometry": {
        "type": "Point",
        "coordinates": [
          113.994736,
          22.676092
        ]
      }
    },
    {
      "type": "Feature",
      "properties": {
        "name": "阳台山广场-母婴室",
        "address": "布龙路591号",
        "type": "公共设施;公共设施;公共设施",
        "typecode": "200000",
        "tel": [],
        "_source": "amap",
        "_keyword": "母婴室",
        "_amap_id": "B0K3GC7JFA"
      },
      "geometry": {
        "type": "Point",
        "coordinates": [
          113.985074,
          22.670692
        ]
      }
    },
    {
      "type": "Feature",
      "properties": {
        "name": "中洲湾C Future City负一层母婴室",
        "address": "滨河大道9283号(下沙地铁站B口步行330米)",
        "type": "公共设施;公共厕所;婴儿换洗间/哺乳室/母婴室",
        "typecode": "200304",
        "tel": [],
        "_source": "amap",
        "_keyword": "母婴室",
        "_amap_id": "B0K30RNYOB"
      },
      "geometry": {
        "type": "Point",
        "coordinates": [
          114.02901,
          22.526653
        ]
      }
    },
    {
      "type": "Feature",
      "properties": {
        "name": "kkone负一楼母婴室",
        "address": "滨河大道9289号(下沙地铁站B口步行320米)",
        "type": "公共设施;公共设施;公共设施",
        "typecode": "200000",
        "tel": [],
        "_source": "amap",
        "_keyword": "母婴室",
        "_amap_id": "B0K30R30DB"
      },
      "geometry": {
        "type": "Point",
        "coordinates": [
          114.026767,
          22.52796
        ]
      }
    },
    {
      "type": "Feature",
      "properties": {
        "name": "kkone二楼母婴室",
        "address": "滨河大道9289号(下沙地铁站B口步行320米)",
        "type": "公共设施;公共设施;公共设施",
        "typecode": "200000",
        "tel": [],
        "_source": "amap",
        "_keyword": "母婴室",
        "_amap_id": "B0K30R2SO5"
      },
      "geometry": {
        "type": "Point",
        "coordinates": [
          114.027303,
          22.526577
        ]
      }
    },
    {
      "type": "Feature",
      "properties": {
        "name": "中洲湾C Future City三楼母婴室",
        "address": "滨河大道9283号(下沙地铁站B口步行330米)",
        "type": "公共设施;公共设施;公共设施",
        "typecode": "200000",
        "tel": [],
        "_source": "amap",
        "_keyword": "母婴室",
        "_amap_id": "B0K30LQBFW"
      },
      "geometry": {
        "type": "Point",
        "coordinates": [
          114.029107,
          22.527264
        ]
      }
    },
    {
      "type": "Feature",
      "properties": {
        "name": "中洲湾C Future City二楼母婴室",
        "address": "滨河大道9283号(下沙地铁站B口步行330米)",
        "type": "公共设施;公共设施;公共设施",
        "typecode": "200000",
        "tel": [],
        "_source": "amap",
        "_keyword": "母婴室",
        "_amap_id": "B0K30LPO7Q"
      },
      "geometry": {
        "type": "Point",
        "coordinates": [
          114.028531,
          22.526791
        ]
      }
    },
    {
      "type": "Feature",
      "properties": {
        "name": "中洲湾C Future City负二层母婴室",
        "address": "滨河大道9283号(下沙地铁站B口步行330米)",
        "type": "公共设施;公共设施;公共设施",
        "typecode": "200000",
        "tel": [],
        "_source": "amap",
        "_keyword": "母婴室",
        "_amap_id": "B0K30L30HJ"
      },
      "geometry": {
        "type": "Point",
        "coordinates": [
          114.029327,
          22.526826
        ]
      }
    },
    {
      "type": "Feature",
      "properties": {
        "name": "岁宝百货母婴室",
        "address": "滨河大道9299号(下沙地铁站B口步行240米)",
        "type": "公共设施;公共设施;公共设施",
        "typecode": "200000",
        "tel": [],
        "_source": "amap",
        "_keyword": "母婴室",
        "_amap_id": "B0K30L2SS6"
      },
      "geometry": {
        "type": "Point",
        "coordinates": [
          114.025254,
          22.528085
        ]
      }
    },
    {
      "type": "Feature",
      "properties": {
        "name": "下沙社康母婴室",
        "address": "京基滨河时代3号楼1层(下沙地铁站B口步行450米)",
        "type": "公共设施;公共设施;公共设施",
        "typecode": "200000",
        "tel": [],
        "_source": "amap",
        "_keyword": "母婴室",
        "_amap_id": "B0K30L2DLN"
      },
      "geometry": {
        "type": "Point",
        "coordinates": [
          114.028103,
          22.526877
        ]
      }
    },
    {
      "type": "Feature",
      "properties": {
        "name": "母婴室(宝安华强广场)",
        "address": "福海街道凤塘大道153号(塘尾地铁站B口)宝安华强广场L1层",
        "type": "公共设施;公共厕所;婴儿换洗间/哺乳室/母婴室",
        "typecode": "200304",
        "tel": [],
        "_source": "amap",
        "_keyword": "母婴室",
        "_amap_id": "B0K2X7D3JF"
      },
      "geometry": {
        "type": "Point",
        "coordinates": [
          113.815727,
          22.700132
        ]
      }
    },
    {
      "type": "Feature",
      "properties": {
        "name": "母婴室(宝安华强广场)",
        "address": "福海街道凤塘大道153号(塘尾地铁站B口)宝安华强广场L4层",
        "type": "公共设施;公共厕所;婴儿换洗间/哺乳室/母婴室",
        "typecode": "200304",
        "tel": [],
        "_source": "amap",
        "_keyword": "母婴室",
        "_amap_id": "B0K2X7BTJ2"
      },
      "geometry": {
        "type": "Point",
        "coordinates": [
          113.815594,
          22.700189
        ]
      }
    },
    {
      "type": "Feature",
      "properties": {
        "name": "母婴室(宝安华强广场)",
        "address": "福海街道凤塘大道153号(塘尾地铁站B口)宝安华强广场L6层",
        "type": "公共设施;公共厕所;婴儿换洗间/哺乳室/母婴室",
        "typecode": "200304",
        "tel": [],
        "_source": "amap",
        "_keyword": "母婴室",
        "_amap_id": "B0K2X7BE1E"
      },
      "geometry": {
        "type": "Point",
        "coordinates": [
          113.815543,
          22.700197
        ]
      }
    },
    {
      "type": "Feature",
      "properties": {
        "name": "母婴室(宝安华强广场)",
        "address": "福海街道凤塘大道153号(塘尾地铁站B口)宝安华强广场L5层",
        "type": "公共设施;公共厕所;婴儿换洗间/哺乳室/母婴室",
        "typecode": "200304",
        "tel": [],
        "_source": "amap",
        "_keyword": "母婴室",
        "_amap_id": "B0K2X7B6DG"
      },
      "geometry": {
        "type": "Point",
        "coordinates": [
          113.815602,
          22.700184
        ]
      }
    },
    {
      "type": "Feature",
      "properties": {
        "name": "母婴室(满纷天地杉杉奥莱)",
        "address": "松岗街道沙浦社区艺展三路8号满纷天地杉杉奥莱L8层",
        "type": "公共设施;公共厕所;婴儿换洗间/哺乳室/母婴室",
        "typecode": "200304",
        "tel": [],
        "_source": "amap",
        "_keyword": "母婴室",
        "_amap_id": "B0K22RHLM1"
      },
      "geometry": {
        "type": "Point",
        "coordinates": [
          113.836017,
          22.783757
        ]
      }
    },
    {
      "type": "Feature",
      "properties": {
        "name": "母婴室(满纷天地杉杉奥莱)",
        "address": "松岗街道沙浦社区艺展三路8号满纷天地杉杉奥莱L6层",
        "type": "公共设施;公共厕所;婴儿换洗间/哺乳室/母婴室",
        "typecode": "200304",
        "tel": [],
        "_source": "amap",
        "_keyword": "母婴室",
        "_amap_id": "B0K22RFO72"
      },
      "geometry": {
        "type": "Point",
        "coordinates": [
          113.837704,
          22.7835
        ]
      }
    },
    {
      "type": "Feature",
      "properties": {
        "name": "母婴室(满纷天地杉杉奥莱)",
        "address": "松岗街道沙浦社区艺展三路8号满纷天地杉杉奥莱L7层",
        "type": "公共设施;公共厕所;婴儿换洗间/哺乳室/母婴室",
        "typecode": "200304",
        "tel": [],
        "_source": "amap",
        "_keyword": "母婴室",
        "_amap_id": "B0K22REE71"
      },
      "geometry": {
        "type": "Point",
        "coordinates": [
          113.837693,
          22.783502
        ]
      }
    },
    {
      "type": "Feature",
      "properties": {
        "name": "母婴室(满纷天地杉杉奥莱)",
        "address": "松岗街道沙浦社区艺展三路8号满纷天地杉杉奥莱L7层",
        "type": "公共设施;公共厕所;婴儿换洗间/哺乳室/母婴室",
        "typecode": "200304",
        "tel": [],
        "_source": "amap",
        "_keyword": "母婴室",
        "_amap_id": "B0K22RDCE9"
      },
      "geometry": {
        "type": "Point",
        "coordinates": [
          113.836,
          22.783773
        ]
      }
    },
    {
      "type": "Feature",
      "properties": {
        "name": "母婴室(满纷天地杉杉奥莱)",
        "address": "松岗街道沙浦社区艺展三路8号满纷天地杉杉奥莱L10层",
        "type": "公共设施;公共厕所;婴儿换洗间/哺乳室/母婴室",
        "typecode": "200304",
        "tel": [],
        "_source": "amap",
        "_keyword": "母婴室",
        "_amap_id": "B0K22R9JGB"
      },
      "geometry": {
        "type": "Point",
        "coordinates": [
          113.83599,
          22.783756
        ]
      }
    },
    {
      "type": "Feature",
      "properties": {
        "name": "母婴室(满纷天地杉杉奥莱)",
        "address": "松岗街道沙浦社区艺展三路8号满纷天地杉杉奥莱L9层",
        "type": "公共设施;公共厕所;婴儿换洗间/哺乳室/母婴室",
        "typecode": "200304",
        "tel": [],
        "_source": "amap",
        "_keyword": "母婴室",
        "_amap_id": "B0K22R9JGA"
      },
      "geometry": {
        "type": "Point",
        "coordinates": [
          113.837681,
          22.783491
        ]
      }
    },
    {
      "type": "Feature",
      "properties": {
        "name": "母婴室(满纷天地杉杉奥莱)",
        "address": "松岗街道沙浦社区艺展三路8号满纷天地杉杉奥莱L8层",
        "type": "公共设施;公共厕所;婴儿换洗间/哺乳室/母婴室",
        "typecode": "200304",
        "tel": [],
        "_source": "amap",
        "_keyword": "母婴室",
        "_amap_id": "B0K22R7UHW"
      },
      "geometry": {
        "type": "Point",
        "coordinates": [
          113.837692,
          22.783525
        ]
      }
    },
    {
      "type": "Feature",
      "properties": {
        "name": "母婴室(满纷天地杉杉奥莱)",
        "address": "松岗街道沙浦社区艺展三路8号满纷天地杉杉奥莱L6层",
        "type": "公共设施;公共厕所;婴儿换洗间/哺乳室/母婴室",
        "typecode": "200304",
        "tel": [],
        "_source": "amap",
        "_keyword": "母婴室",
        "_amap_id": "B0K22R4N6H"
      },
      "geometry": {
        "type": "Point",
        "coordinates": [
          113.835928,
          22.783769
        ]
      }
    },
    {
      "type": "Feature",
      "properties": {
        "name": "母婴室(满纷天地杉杉奥莱)",
        "address": "松岗街道沙浦社区艺展三路8号满纷天地杉杉奥莱L4层",
        "type": "公共设施;公共厕所;婴儿换洗间/哺乳室/母婴室",
        "typecode": "200304",
        "tel": [],
        "_source": "amap",
        "_keyword": "母婴室",
        "_amap_id": "B0K22R4N6G"
      },
      "geometry": {
        "type": "Point",
        "coordinates": [
          113.8377,
          22.783496
        ]
      }
    },
    {
      "type": "Feature",
      "properties": {
        "name": "福田地铁站母婴室",
        "address": "福田地铁站",
        "type": "公共设施;公共设施;公共设施",
        "typecode": "200000",
        "tel": [],
        "_source": "amap",
        "_keyword": "母婴室",
        "_amap_id": "B0K0Z5QP7I"
      },
      "geometry": {
        "type": "Point",
        "coordinates": [
          114.053905,
          22.539513
        ]
      }
    },
    {
      "type": "Feature",
      "properties": {
        "name": "母婴室(深圳万象食家)",
        "address": "梅园路71号(笋岗地铁站A口旁)深圳万象食家B1层",
        "type": "公共设施;公共厕所;婴儿换洗间/哺乳室/母婴室",
        "typecode": "200304",
        "tel": [],
        "_source": "amap",
        "_keyword": "母婴室",
        "_amap_id": "B0JUJOZE9K"
      },
      "geometry": {
        "type": "Point",
        "coordinates": [
          114.110526,
          22.561036
        ]
      }
    },
    {
      "type": "Feature",
      "properties": {
        "name": "母婴室(深圳万象食家)",
        "address": "梅园路71号(笋岗地铁站A口旁)深圳万象食家L4层",
        "type": "公共设施;公共厕所;婴儿换洗间/哺乳室/母婴室",
        "typecode": "200304",
        "tel": [],
        "_source": "amap",
        "_keyword": "母婴室",
        "_amap_id": "B0JUJOYR5V"
      },
      "geometry": {
        "type": "Point",
        "coordinates": [
          114.110179,
          22.560894
        ]
      }
    },
    {
      "type": "Feature",
      "properties": {
        "name": "母婴室(深圳万象食家)",
        "address": "梅园路71号(笋岗地铁站A口旁)深圳万象食家L6层",
        "type": "公共设施;公共厕所;婴儿换洗间/哺乳室/母婴室",
        "typecode": "200304",
        "tel": [],
        "_source": "amap",
        "_keyword": "母婴室",
        "_amap_id": "B0JUJOXOKT"
      },
      "geometry": {
        "type": "Point",
        "coordinates": [
          114.110309,
          22.560949
        ]
      }
    },
    {
      "type": "Feature",
      "properties": {
        "name": "母婴室(后海汇)",
        "address": "后海滨路3288号后海汇B1层",
        "type": "公共设施;公共厕所;婴儿换洗间/哺乳室/母婴室",
        "typecode": "200304",
        "tel": [],
        "_source": "amap",
        "_keyword": "母婴室",
        "_amap_id": "B0JRSLPQ75"
      },
      "geometry": {
        "type": "Point",
        "coordinates": [
          113.940376,
          22.516251
        ]
      }
    },
    {
      "type": "Feature",
      "properties": {
        "name": "母婴室(后海汇)",
        "address": "后海滨路3288号后海汇L1层",
        "type": "公共设施;公共厕所;婴儿换洗间/哺乳室/母婴室",
        "typecode": "200304",
        "tel": [],
        "_source": "amap",
        "_keyword": "母婴室",
        "_amap_id": "B0JRSLKB6C"
      },
      "geometry": {
        "type": "Point",
        "coordinates": [
          113.940366,
          22.516225
        ]
      }
    },
    {
      "type": "Feature",
      "properties": {
        "name": "母婴室(后海汇)",
        "address": "后海滨路3288号后海汇B1层",
        "type": "公共设施;公共厕所;婴儿换洗间/哺乳室/母婴室",
        "typecode": "200304",
        "tel": [],
        "_source": "amap",
        "_keyword": "母婴室",
        "_amap_id": "B0JRSLIDVG"
      },
      "geometry": {
        "type": "Point",
        "coordinates": [
          113.941492,
          22.515862
        ]
      }
    },
    {
      "type": "Feature",
      "properties": {
        "name": "母婴室(后海汇)",
        "address": "后海滨路3288号后海汇L3层",
        "type": "公共设施;公共厕所;婴儿换洗间/哺乳室/母婴室",
        "typecode": "200304",
        "tel": [],
        "_source": "amap",
        "_keyword": "母婴室",
        "_amap_id": "B0JRSLH4IA"
      },
      "geometry": {
        "type": "Point",
        "coordinates": [
          113.940414,
          22.516262
        ]
      }
    },
    {
      "type": "Feature",
      "properties": {
        "name": "母婴室(平安金融中心A座)",
        "address": "益田路5033号平安金融中心A座L5层",
        "type": "公共设施;公共厕所;婴儿换洗间/哺乳室/母婴室",
        "typecode": "200304",
        "tel": [],
        "_source": "amap",
        "_keyword": "母婴室",
        "_amap_id": "B0JRHCIC9T"
      },
      "geometry": {
        "type": "Point",
        "coordinates": [
          114.055851,
          22.533083
        ]
      }
    },
    {
      "type": "Feature",
      "properties": {
        "name": "母婴室(平安金融中心A座)",
        "address": "益田路5033号平安金融中心A座L3层",
        "type": "公共设施;公共厕所;婴儿换洗间/哺乳室/母婴室",
        "typecode": "200304",
        "tel": [],
        "_source": "amap",
        "_keyword": "母婴室",
        "_amap_id": "B0JRHCHWVF"
      },
      "geometry": {
        "type": "Point",
        "coordinates": [
          114.055885,
          22.533044
        ]
      }
    },
    {
      "type": "Feature",
      "properties": {
        "name": "母婴室(平安金融中心B座)",
        "address": "益田路5033号平安金融中心B座L3层",
        "type": "公共设施;公共厕所;婴儿换洗间/哺乳室/母婴室",
        "typecode": "200304",
        "tel": [],
        "_source": "amap",
        "_keyword": "母婴室",
        "_amap_id": "B0JRHCH9MD"
      },
      "geometry": {
        "type": "Point",
        "coordinates": [
          114.055859,
          22.53208
        ]
      }
    },
    {
      "type": "Feature",
      "properties": {
        "name": "母婴室(平安金融中心A座)",
        "address": "益田路5033号平安金融中心A座L9层",
        "type": "公共设施;公共厕所;婴儿换洗间/哺乳室/母婴室",
        "typecode": "200304",
        "tel": [],
        "_source": "amap",
        "_keyword": "母婴室",
        "_amap_id": "B0JRHCH20X"
      },
      "geometry": {
        "type": "Point",
        "coordinates": [
          114.055323,
          22.533534
        ]
      }
    },
    {
      "type": "Feature",
      "properties": {
        "name": "母婴室(平安金融中心B座)",
        "address": "益田路5033号平安金融中心B座L5层",
        "type": "公共设施;公共厕所;婴儿换洗间/哺乳室/母婴室",
        "typecode": "200304",
        "tel": [],
        "_source": "amap",
        "_keyword": "母婴室",
        "_amap_id": "B0JRHCH20V"
      },
      "geometry": {
        "type": "Point",
        "coordinates": [
          114.055832,
          22.532061
        ]
      }
    },
    {
      "type": "Feature",
      "properties": {
        "name": "母婴室(平安金融中心A座)",
        "address": "益田路5033号平安金融中心A座L2层",
        "type": "公共设施;公共厕所;婴儿换洗间/哺乳室/母婴室",
        "typecode": "200304",
        "tel": [],
        "_source": "amap",
        "_keyword": "母婴室",
        "_amap_id": "B0JRHCH20U"
      },
      "geometry": {
        "type": "Point",
        "coordinates": [
          114.055846,
          22.533001
        ]
      }
    },
    {
      "type": "Feature",
      "properties": {
        "name": "母婴室(平安金融中心A座)",
        "address": "益田路5033号平安金融中心A座L6层",
        "type": "公共设施;公共厕所;婴儿换洗间/哺乳室/母婴室",
        "typecode": "200304",
        "tel": [],
        "_source": "amap",
        "_keyword": "母婴室",
        "_amap_id": "B0JRHCEYTX"
      },
      "geometry": {
        "type": "Point",
        "coordinates": [
          114.055869,
          22.533091
        ]
      }
    },
    {
      "type": "Feature",
      "properties": {
        "name": "母婴室(平安金融中心A座)",
        "address": "益田路5033号平安金融中心A座L7层",
        "type": "公共设施;公共厕所;婴儿换洗间/哺乳室/母婴室",
        "typecode": "200304",
        "tel": [],
        "_source": "amap",
        "_keyword": "母婴室",
        "_amap_id": "B0JRHCEP4P"
      },
      "geometry": {
        "type": "Point",
        "coordinates": [
          114.055899,
          22.53312
        ]
      }
    },
    {
      "type": "Feature",
      "properties": {
        "name": "母婴室(平安金融中心A座)",
        "address": "益田路5033号平安金融中心A座L4层",
        "type": "公共设施;公共厕所;婴儿换洗间/哺乳室/母婴室",
        "typecode": "200304",
        "tel": [],
        "_source": "amap",
        "_keyword": "母婴室",
        "_amap_id": "B0JRHCEP4O"
      },
      "geometry": {
        "type": "Point",
        "coordinates": [
          114.055859,
          22.533082
        ]
      }
    },
    {
      "type": "Feature",
      "properties": {
        "name": "母婴室(平安金融中心B座)",
        "address": "益田路5033号平安金融中心B座L4层",
        "type": "公共设施;公共厕所;婴儿换洗间/哺乳室/母婴室",
        "typecode": "200304",
        "tel": [],
        "_source": "amap",
        "_keyword": "母婴室",
        "_amap_id": "B0JRHCDMLY"
      },
      "geometry": {
        "type": "Point",
        "coordinates": [
          114.055828,
          22.532106
        ]
      }
    },
    {
      "type": "Feature",
      "properties": {
        "name": "母婴室(平安金融中心A座)",
        "address": "益田路5033号平安金融中心A座L8层",
        "type": "公共设施;公共厕所;婴儿换洗间/哺乳室/母婴室",
        "typecode": "200304",
        "tel": [],
        "_source": "amap",
        "_keyword": "母婴室",
        "_amap_id": "B0JRHCD74G"
      },
      "geometry": {
        "type": "Point",
        "coordinates": [
          114.055366,
          22.533625
        ]
      }
    },
    {
      "type": "Feature",
      "properties": {
        "name": "母婴室(壹方天地A区)",
        "address": "人民路4022号壹方天地A区L1层",
        "type": "公共设施;公共厕所;婴儿换洗间/哺乳室/母婴室",
        "typecode": "200304",
        "tel": [],
        "_source": "amap",
        "_keyword": "母婴室",
        "_amap_id": "B0JRH7MQ6E"
      },
      "geometry": {
        "type": "Point",
        "coordinates": [
          114.027837,
          22.649668
        ]
      }
    },
    {
      "type": "Feature",
      "properties": {
        "name": "母婴室(壹方天地A区)",
        "address": "人民路4022号壹方天地A区L2层",
        "type": "公共设施;公共厕所;婴儿换洗间/哺乳室/母婴室",
        "typecode": "200304",
        "tel": [],
        "_source": "amap",
        "_keyword": "母婴室",
        "_amap_id": "B0JRH7K4JZ"
      },
      "geometry": {
        "type": "Point",
        "coordinates": [
          114.027827,
          22.649682
        ]
      }
    },
    {
      "type": "Feature",
      "properties": {
        "name": "母婴室(融湖广场)",
        "address": "平吉大道408号融湖广场L2层",
        "type": "公共设施;公共厕所;婴儿换洗间/哺乳室/母婴室",
        "typecode": "200304",
        "tel": [],
        "_source": "amap",
        "_keyword": "母婴室",
        "_amap_id": "B0JKP7UWLQ"
      },
      "geometry": {
        "type": "Point",
        "coordinates": [
          114.122237,
          22.693301
        ]
      }
    },
    {
      "type": "Feature",
      "properties": {
        "name": "母婴室(融湖广场)",
        "address": "平吉大道408号融湖广场L5层",
        "type": "公共设施;公共厕所;婴儿换洗间/哺乳室/母婴室",
        "typecode": "200304",
        "tel": [],
        "_source": "amap",
        "_keyword": "母婴室",
        "_amap_id": "B0JKP7OLS2"
      },
      "geometry": {
        "type": "Point",
        "coordinates": [
          114.122236,
          22.693294
        ]
      }
    },
    {
      "type": "Feature",
      "properties": {
        "name": "母婴室(融湖广场)",
        "address": "平吉大道408号融湖广场L3层",
        "type": "公共设施;公共厕所;婴儿换洗间/哺乳室/母婴室",
        "typecode": "200304",
        "tel": [],
        "_source": "amap",
        "_keyword": "母婴室",
        "_amap_id": "B0JKP71PTV"
      },
      "geometry": {
        "type": "Point",
        "coordinates": [
          114.122246,
          22.693296
        ]
      }
    },
    {
      "type": "Feature",
      "properties": {
        "name": "龙岗区第四人民医院-母婴室",
        "address": "南湾街道金健路2号(南岭小学旁)",
        "type": "医疗保健服务;医疗保健服务场所;医疗保健服务场所",
        "typecode": "090000",
        "tel": [],
        "_source": "amap",
        "_keyword": "母婴室",
        "_amap_id": "B0JKM5JSJP"
      },
      "geometry": {
        "type": "Point",
        "coordinates": [
          114.145484,
          22.610194
        ]
      }
    },
    {
      "type": "Feature",
      "properties": {
        "name": "母婴室(壹方汇)",
        "address": "听海大道5059号壹方汇B1层",
        "type": "公共设施;公共厕所;婴儿换洗间/哺乳室/母婴室",
        "typecode": "200304",
        "tel": [],
        "_source": "amap",
        "_keyword": "母婴室",
        "_amap_id": "B0JKL76834"
      },
      "geometry": {
        "type": "Point",
        "coordinates": [
          113.897323,
          22.529106
        ]
      }
    },
    {
      "type": "Feature",
      "properties": {
        "name": "母婴室(壹方汇)",
        "address": "听海大道5059号壹方汇B2层",
        "type": "公共设施;公共厕所;婴儿换洗间/哺乳室/母婴室",
        "typecode": "200304",
        "tel": [],
        "_source": "amap",
        "_keyword": "母婴室",
        "_amap_id": "B0JKL72WVF"
      },
      "geometry": {
        "type": "Point",
        "coordinates": [
          113.897328,
          22.529098
        ]
      }
    },
    {
      "type": "Feature",
      "properties": {
        "name": "母婴室(壹方汇)",
        "address": "听海大道5059号壹方汇L2层",
        "type": "公共设施;公共厕所;婴儿换洗间/哺乳室/母婴室",
        "typecode": "200304",
        "tel": [],
        "_source": "amap",
        "_keyword": "母婴室",
        "_amap_id": "B0JKL70C9F"
      },
      "geometry": {
        "type": "Point",
        "coordinates": [
          113.896571,
          22.528615
        ]
      }
    },
    {
      "type": "Feature",
      "properties": {
        "name": "母婴室(壹方汇)",
        "address": "听海大道5059号壹方汇B1层",
        "type": "公共设施;公共厕所;婴儿换洗间/哺乳室/母婴室",
        "typecode": "200304",
        "tel": [],
        "_source": "amap",
        "_keyword": "母婴室",
        "_amap_id": "B0JKL704ID"
      },
      "geometry": {
        "type": "Point",
        "coordinates": [
          113.895991,
          22.529432
        ]
      }
    },
    {
      "type": "Feature",
      "properties": {
        "name": "母婴室(前海印里)",
        "address": "自贸大街86号前海印里B1层",
        "type": "公共设施;公共厕所;婴儿换洗间/哺乳室/母婴室",
        "typecode": "200304",
        "tel": [],
        "_source": "amap",
        "_keyword": "母婴室",
        "_amap_id": "B0JK45SB23"
      },
      "geometry": {
        "type": "Point",
        "coordinates": [
          113.890645,
          22.502793
        ]
      }
    },
    {
      "type": "Feature",
      "properties": {
        "name": "婴儿换洗间/哺乳室/母婴室(大梅沙奥特莱斯)",
        "address": "环梅路1号大梅沙奥特莱斯F1层",
        "type": "公共设施;公共厕所;婴儿换洗间/哺乳室/母婴室",
        "typecode": "200304",
        "tel": [],
        "_source": "amap",
        "_keyword": "母婴室",
        "_amap_id": "B0JK2LZDCJ"
      },
      "geometry": {
        "type": "Point",
        "coordinates": [
          114.30718,
          22.597446
        ]
      }
    },
    {
      "type": "Feature",
      "properties": {
        "name": "婴儿换洗间/哺乳室/母婴室(大梅沙奥特莱斯)",
        "address": "环梅路1号大梅沙奥特莱斯F1层",
        "type": "公共设施;公共厕所;婴儿换洗间/哺乳室/母婴室",
        "typecode": "200304",
        "tel": [],
        "_source": "amap",
        "_keyword": "母婴室",
        "_amap_id": "B0JK2LXVF7"
      },
      "geometry": {
        "type": "Point",
        "coordinates": [
          114.309625,
          22.598711
        ]
      }
    },
    {
      "type": "Feature",
      "properties": {
        "name": "龙岗星河WORLDCOCOPark-母婴室",
        "address": "五和大道与雅宝路1号星河WORLD·COCO ParkL3层",
        "type": "公共设施;公共厕所;婴儿换洗间/哺乳室/母婴室",
        "typecode": "200304",
        "tel": [],
        "_source": "amap",
        "_keyword": "母婴室",
        "_amap_id": "B0JK2LVS2H"
      },
      "geometry": {
        "type": "Point",
        "coordinates": [
          114.058645,
          22.603659
        ]
      }
    },
    {
      "type": "Feature",
      "properties": {
        "name": "母婴室(福田星河COCO Park一期)",
        "address": "福华三路268号福田星河COCO Park一期L2层",
        "type": "公共设施;公共厕所;婴儿换洗间/哺乳室/母婴室",
        "typecode": "200304",
        "tel": [],
        "_source": "amap",
        "_keyword": "母婴室",
        "_amap_id": "B0JK1UH89D"
      },
      "geometry": {
        "type": "Point",
        "coordinates": [
          114.054508,
          22.53383
        ]
      }
    },
    {
      "type": "Feature",
      "properties": {
        "name": "龙岗区宝龙街道便民服务中心-母婴室",
        "address": "冬青路18号",
        "type": "政府机构及社会团体;政府及社会团体相关;政府及社会团体相关",
        "typecode": "130000",
        "tel": [],
        "_source": "amap",
        "_keyword": "母婴室",
        "_amap_id": "B0JDURU8K1"
      },
      "geometry": {
        "type": "Point",
        "coordinates": [
          114.314685,
          22.689473
        ]
      }
    },
    {
      "type": "Feature",
      "properties": {
        "name": "莲花西(地铁站)",
        "address": "2号线(8号线)",
        "type": "交通设施服务;地铁站;地铁站",
        "typecode": "150500",
        "tel": [],
        "_source": "amap",
        "_keyword": "无障碍电梯",
        "_amap_id": "BV10249997"
      },
      "geometry": {
        "type": "Point",
        "coordinates": [
          114.050034,
          22.546668
        ]
      }
    },
    {
      "type": "Feature",
      "properties": {
        "name": "深圳市儿童医院无障碍电梯",
        "address": "莲花街道益田路7019号",
        "type": "医疗保健服务;综合医院;三级甲等医院",
        "typecode": "090101",
        "tel": [],
        "_source": "amap",
        "_keyword": "无障碍电梯",
        "_amap_id": "B0K3XR7PV0"
      },
      "geometry": {
        "type": "Point",
        "coordinates": [
          114.055123,
          22.547272
        ]
      }
    },
    {
      "type": "Feature",
      "properties": {
        "name": "好日子皇冠酒店无障碍电梯",
        "address": "福田中心区福华一路28号",
        "type": "公司企业;公司;公司",
        "typecode": "170200",
        "tel": [],
        "_source": "amap",
        "_keyword": "无障碍电梯",
        "_amap_id": "B0K3J941CT"
      },
      "geometry": {
        "type": "Point",
        "coordinates": [
          114.053642,
          22.537191
        ]
      }
    },
    {
      "type": "Feature",
      "properties": {
        "name": "中心书城无障碍电梯",
        "address": "福中一路中心书城北E出口扶梯西侧五米处",
        "type": "购物服务;购物相关场所;购物相关场所",
        "typecode": "060000",
        "tel": "0755-23992012;0755-23992013",
        "_source": "amap",
        "_keyword": "无障碍电梯",
        "_amap_id": "B0K3CA3PTZ"
      },
      "geometry": {
        "type": "Point",
        "coordinates": [
          114.060147,
          22.548246
        ]
      }
    },
    {
      "type": "Feature",
      "properties": {
        "name": "大中华喜来登酒店无障碍电梯",
        "address": "福华路大中华国际交易广场(会展中心地铁站出入口旁)",
        "type": "购物服务;专卖店;专营店",
        "typecode": "061200",
        "tel": [],
        "_source": "amap",
        "_keyword": "无障碍电梯",
        "_amap_id": "B0K30R2L0Q"
      },
      "geometry": {
        "type": "Point",
        "coordinates": [
          114.062025,
          22.535475
        ]
      }
    },
    {
      "type": "Feature",
      "properties": {
        "name": "松元厦地铁站D1口",
        "address": "4号线/龙华线",
        "type": "交通设施服务;地铁站;出入口",
        "typecode": "150501",
        "tel": [],
        "_source": "amap",
        "_keyword": "无障碍电梯",
        "_amap_id": "BX10030105"
      },
      "geometry": {
        "type": "Point",
        "coordinates": [
          114.06418,
          22.720944
        ]
      }
    },
    {
      "type": "Feature",
      "properties": {
        "name": "长圳地铁站D口",
        "address": "6号线/光明线",
        "type": "交通设施服务;地铁站;出入口",
        "typecode": "150501",
        "tel": [],
        "_source": "amap",
        "_keyword": "无障碍电梯",
        "_amap_id": "BX10029376"
      },
      "geometry": {
        "type": "Point",
        "coordinates": [
          113.930737,
          22.725455
        ]
      }
    },
    {
      "type": "Feature",
      "properties": {
        "name": "竹子林地铁站B1口",
        "address": "1号线/罗宝线",
        "type": "交通设施服务;地铁站;出入口",
        "typecode": "150501",
        "tel": [],
        "_source": "amap",
        "_keyword": "无障碍电梯",
        "_amap_id": "BX10018565"
      },
      "geometry": {
        "type": "Point",
        "coordinates": [
          114.013438,
          22.533642
        ]
      }
    },
    {
      "type": "Feature",
      "properties": {
        "name": "莲花北地铁站A1口",
        "address": "4号线/龙华线",
        "type": "交通设施服务;地铁站;出入口",
        "typecode": "150501",
        "tel": [],
        "_source": "amap",
        "_keyword": "无障碍电梯",
        "_amap_id": "BX10018463"
      },
      "geometry": {
        "type": "Point",
        "coordinates": [
          114.059551,
          22.56104
        ]
      }
    },
    {
      "type": "Feature",
      "properties": {
        "name": "翠竹地铁站D口",
        "address": "3号线/龙岗线",
        "type": "交通设施服务;地铁站;出入口",
        "typecode": "150501",
        "tel": [],
        "_source": "amap",
        "_keyword": "无障碍电梯",
        "_amap_id": "BX10018288"
      },
      "geometry": {
        "type": "Point",
        "coordinates": [
          114.12913,
          22.556089
        ]
      }
    },
    {
      "type": "Feature",
      "properties": {
        "name": "岗厦地铁站D口",
        "address": "10号线/坂田线",
        "type": "交通设施服务;地铁站;出入口",
        "typecode": "150501",
        "tel": [],
        "_source": "amap",
        "_keyword": "无障碍电梯",
        "_amap_id": "BX09906848"
      },
      "geometry": {
        "type": "Point",
        "coordinates": [
          114.067802,
          22.533104
        ]
      }
    },
    {
      "type": "Feature",
      "properties": {
        "name": "木古地铁站B口",
        "address": "10号线/坂田线",
        "type": "交通设施服务;地铁站;出入口",
        "typecode": "150501",
        "tel": [],
        "_source": "amap",
        "_keyword": "无障碍电梯",
        "_amap_id": "BX09906794"
      },
      "geometry": {
        "type": "Point",
        "coordinates": [
          114.122658,
          22.671188
        ]
      }
    },
    {
      "type": "Feature",
      "properties": {
        "name": "湖贝地铁站A口",
        "address": "2号线(8号线)",
        "type": "交通设施服务;地铁站;出入口",
        "typecode": "150501",
        "tel": [],
        "_source": "amap",
        "_keyword": "无障碍电梯",
        "_amap_id": "BX09906701"
      },
      "geometry": {
        "type": "Point",
        "coordinates": [
          114.126596,
          22.544205
        ]
      }
    },
    {
      "type": "Feature",
      "properties": {
        "name": "宝安中心地铁站D口",
        "address": "1号线/罗宝线;5号线/环中线",
        "type": "交通设施服务;地铁站;出入口",
        "typecode": "150501",
        "tel": [],
        "_source": "amap",
        "_keyword": "无障碍电梯",
        "_amap_id": "BX09906414"
      },
      "geometry": {
        "type": "Point",
        "coordinates": [
          113.886907,
          22.555295
        ]
      }
    },
    {
      "type": "Feature",
      "properties": {
        "name": "宝安中心地铁站A口",
        "address": "1号线/罗宝线;5号线/环中线",
        "type": "交通设施服务;地铁站;出入口",
        "typecode": "150501",
        "tel": [],
        "_source": "amap",
        "_keyword": "无障碍电梯",
        "_amap_id": "BX09906413"
      },
      "geometry": {
        "type": "Point",
        "coordinates": [
          113.887986,
          22.55421
        ]
      }
    },
    {
      "type": "Feature",
      "properties": {
        "name": "车公庙地铁站F口",
        "address": "9号线/梅林线",
        "type": "交通设施服务;地铁站;出入口",
        "typecode": "150501",
        "tel": [],
        "_source": "amap",
        "_keyword": "无障碍电梯",
        "_amap_id": "BX09906391"
      },
      "geometry": {
        "type": "Point",
        "coordinates": [
          114.028449,
          22.534786
        ]
      }
    },
    {
      "type": "Feature",
      "properties": {
        "name": "宝田一路地铁站A口",
        "address": "12号线/南宝线",
        "type": "交通设施服务;地铁站;出入口",
        "typecode": "150501",
        "tel": [],
        "_source": "amap",
        "_keyword": "无障碍电梯",
        "_amap_id": "BX09901473"
      },
      "geometry": {
        "type": "Point",
        "coordinates": [
          113.879291,
          22.594712
        ]
      }
    },
    {
      "type": "Feature",
      "properties": {
        "name": "宝田一路地铁站B口",
        "address": "12号线/南宝线",
        "type": "交通设施服务;地铁站;出入口",
        "typecode": "150501",
        "tel": [],
        "_source": "amap",
        "_keyword": "无障碍电梯",
        "_amap_id": "BX09901178"
      },
      "geometry": {
        "type": "Point",
        "coordinates": [
          113.877831,
          22.594861
        ]
      }
    },
    {
      "type": "Feature",
      "properties": {
        "name": "坪山区区人民医院-直梯",
        "address": "东门六巷与东门七巷交叉口北100米",
        "type": "公共设施;公共厕所;残障洗手间/无障碍洗手间",
        "typecode": "200303",
        "tel": [],
        "_source": "amap",
        "_keyword": "无障碍电梯",
        "_amap_id": "B0LK15E2DS"
      },
      "geometry": {
        "type": "Point",
        "coordinates": [
          114.351653,
          22.687014
        ]
      }
    },
    {
      "type": "Feature",
      "properties": {
        "name": "龙岗区图书馆天安云谷分馆-直梯",
        "address": "坂云路与居里夫人大道交叉口东100米",
        "type": "公共设施;公共厕所;公共厕所",
        "typecode": "200300",
        "tel": [],
        "_source": "amap",
        "_keyword": "无障碍电梯",
        "_amap_id": "B0L0NUSJD6"
      },
      "geometry": {
        "type": "Point",
        "coordinates": [
          114.068976,
          22.659883
        ]
      }
    },
    {
      "type": "Feature",
      "properties": {
        "name": "星河丽思卡尔顿酒店无障碍电梯",
        "address": "福华三路116号(会展中心地铁站D口步行150米)",
        "type": "公司企业;公司;公司",
        "typecode": "170200",
        "tel": [],
        "_source": "amap",
        "_keyword": "无障碍电梯",
        "_amap_id": "B0K3XR7PT2"
      },
      "geometry": {
        "type": "Point",
        "coordinates": [
          114.061731,
          22.53307
        ]
      }
    },
    {
      "type": "Feature",
      "properties": {
        "name": "北京大学深圳医院无障碍电梯",
        "address": "莲花街道莲花路1120号",
        "type": "医疗保健服务;综合医院;三级甲等医院",
        "typecode": "090101",
        "tel": "0755-83088556",
        "_source": "amap",
        "_keyword": "无障碍电梯",
        "_amap_id": "B0K3XR0U58"
      },
      "geometry": {
        "type": "Point",
        "coordinates": [
          114.04949,
          22.555685
        ]
      }
    },
    {
      "type": "Feature",
      "properties": {
        "name": "深圳市第二人民医院电梯",
        "address": "笋岗西路30020号",
        "type": "公司企业;公司;公司",
        "typecode": "170200",
        "tel": [],
        "_source": "amap",
        "_keyword": "无障碍电梯",
        "_amap_id": "B0K3XC34FA"
      },
      "geometry": {
        "type": "Point",
        "coordinates": [
          114.085725,
          22.556725
        ]
      }
    },
    {
      "type": "Feature",
      "properties": {
        "name": "体育大厦无障碍电梯",
        "address": "深圳市第二人民医院对面(黄木岗地铁站B口100米)",
        "type": "公司企业;公司;公司",
        "typecode": "170200",
        "tel": [],
        "_source": "amap",
        "_keyword": "无障碍电梯",
        "_amap_id": "B0K3JLFP0G"
      },
      "geometry": {
        "type": "Point",
        "coordinates": [
          114.087987,
          22.556339
        ]
      }
    },
    {
      "type": "Feature",
      "properties": {
        "name": "华富路市话大厦无障碍通道",
        "address": "华富路市话大厦公交站台2",
        "type": "生活服务;生活服务场所;生活服务场所",
        "typecode": "070000",
        "tel": [],
        "_source": "amap",
        "_keyword": "无障碍通道",
        "_amap_id": "B0K32A7ZOE"
      },
      "geometry": {
        "type": "Point",
        "coordinates": [
          114.082709,
          22.550465
        ]
      }
    },
    {
      "type": "Feature",
      "properties": {
        "name": "OCT-无障碍洗手间",
        "address": "大梅沙环碧路100号OCT华侨城·东部KFCF1",
        "type": "公共设施;公共厕所;公共厕所",
        "typecode": "200300",
        "tel": [],
        "_source": "amap",
        "_keyword": "无障碍通道",
        "_amap_id": "B0HRM9IF5S"
      },
      "geometry": {
        "type": "Point",
        "coordinates": [
          114.304321,
          22.613122
        ]
      }
    },
    {
      "type": "Feature",
      "properties": {
        "name": "华强北街道便民服务中心无障碍出入口",
        "address": "华强北步行街与红荔路交叉口东南160米",
        "type": "生活服务;生活服务场所;生活服务场所",
        "typecode": "070000",
        "tel": [],
        "_source": "amap",
        "_keyword": "无障碍坡道",
        "_amap_id": "B0K3XU2G30"
      },
      "geometry": {
        "type": "Point",
        "coordinates": [
          114.087655,
          22.547643
        ]
      }
    },
    {
      "type": "Feature",
      "properties": {
        "name": "景田社区无障碍出入口",
        "address": "景田东一街2号万科金色家园9栋1楼",
        "type": "政府机构及社会团体;政府及社会团体相关;政府及社会团体相关",
        "typecode": "130000",
        "tel": [],
        "_source": "amap",
        "_keyword": "无障碍坡道",
        "_amap_id": "B0K2X77P43"
      },
      "geometry": {
        "type": "Point",
        "coordinates": [
          114.043801,
          22.554809
        ]
      }
    },
    {
      "type": "Feature",
      "properties": {
        "name": "无障碍卫生间(笔架山体育公园)",
        "address": "笔架山体育公园内(东南角)",
        "type": "公共设施;公共厕所;残障洗手间/无障碍洗手间",
        "typecode": "200303",
        "tel": [],
        "_source": "amap",
        "_keyword": "无障碍坡道",
        "_amap_id": "B0KKZZB4S3"
      },
      "geometry": {
        "type": "Point",
        "coordinates": [
          114.075599,
          22.557414
        ]
      }
    },
    {
      "type": "Feature",
      "properties": {
        "name": "无障碍卫生间(新阁社区健康服务中心)",
        "address": "林园东路天居笔架山公馆南面一楼",
        "type": "公共设施;公共厕所;残障洗手间/无障碍洗手间",
        "typecode": "200303",
        "tel": [],
        "_source": "amap",
        "_keyword": "无障碍坡道",
        "_amap_id": "B0L2NUHXR4"
      },
      "geometry": {
        "type": "Point",
        "coordinates": [
          114.075132,
          22.56872
        ]
      }
    },
    {
      "type": "Feature",
      "properties": {
        "name": "福华社区无障碍出入口",
        "address": "福田街道福华路19号上武楼1楼",
        "type": "生活服务;生活服务场所;生活服务场所",
        "typecode": "070000",
        "tel": "0755-83740422",
        "_source": "amap",
        "_keyword": "无障碍坡道",
        "_amap_id": "B0K2L5OX2Q"
      },
      "geometry": {
        "type": "Point",
        "coordinates": [
          114.083941,
          22.536825
        ]
      }
    },
    {
      "type": "Feature",
      "properties": {
        "name": "下梅社区无障碍出入口",
        "address": "北环大道6098号(梅景地铁站A1口步行120米)",
        "type": "生活服务;生活服务场所;生活服务场所",
        "typecode": "070000",
        "tel": [],
        "_source": "amap",
        "_keyword": "无障碍坡道",
        "_amap_id": "B0K2V58MUU"
      },
      "geometry": {
        "type": "Point",
        "coordinates": [
          114.039269,
          22.561114
        ]
      }
    },
    {
      "type": "Feature",
      "properties": {
        "name": "龙尾社区无障碍出入口",
        "address": "阳光天下花园a栋首层",
        "type": "政府机构及社会团体;政府及社会团体相关;政府及社会团体相关",
        "typecode": "130000",
        "tel": [],
        "_source": "amap",
        "_keyword": "无障碍坡道",
        "_amap_id": "B0K2VUUTE9"
      },
      "geometry": {
        "type": "Point",
        "coordinates": [
          114.044003,
          22.569833
        ]
      }
    },
    {
      "type": "Feature",
      "properties": {
        "name": "滨河社区无障碍出入口",
        "address": "滨河大道3099号汇港名苑一楼(赤尾地铁站A口旁)",
        "type": "政府机构及社会团体;政府及社会团体相关;政府及社会团体相关",
        "typecode": "130000",
        "tel": [],
        "_source": "amap",
        "_keyword": "无障碍坡道",
        "_amap_id": "B0K2L5OIQL"
      },
      "geometry": {
        "type": "Point",
        "coordinates": [
          114.083679,
          22.530458
        ]
      }
    },
    {
      "type": "Feature",
      "properties": {
        "name": "竹林社区无障碍出入口",
        "address": "香蜜湖街道竹子林五路汉庭酒店楼下竹林社区党群服务中心",
        "type": "政府机构及社会团体;政府机关;政府机关相关",
        "typecode": "130100",
        "tel": [],
        "_source": "amap",
        "_keyword": "无障碍坡道",
        "_amap_id": "B0K2L5A891"
      },
      "geometry": {
        "type": "Point",
        "coordinates": [
          114.009659,
          22.536088
        ]
      }
    },
    {
      "type": "Feature",
      "properties": {
        "name": "无障碍公共厕所",
        "address": "长源一街与长岭一号路交叉口东140米",
        "type": "公共设施;公共厕所;公共厕所",
        "typecode": "200300",
        "tel": [],
        "_source": "amap",
        "_keyword": "无障碍坡道",
        "_amap_id": "B0JG6ZJ7NA"
      },
      "geometry": {
        "type": "Point",
        "coordinates": [
          114.011466,
          22.59586
        ]
      }
    },
    {
      "type": "Feature",
      "properties": {
        "name": "无障碍洗手间(中航城君尚购物中心)",
        "address": "振中二街与振中路交叉口东南40米",
        "type": "公共设施;公共厕所;公共厕所",
        "typecode": "200300",
        "tel": [],
        "_source": "amap",
        "_keyword": "无障碍坡道",
        "_amap_id": "B0K6XZOU56"
      },
      "geometry": {
        "type": "Point",
        "coordinates": [
          114.083712,
          22.542426
        ]
      }
    },
    {
      "type": "Feature",
      "properties": {
        "name": "车公庙地铁站B口无障碍入口",
        "address": "车公庙地铁站B口(无障碍入口)",
        "type": "交通设施服务;停车场;停车场出入口",
        "typecode": "150909",
        "tel": [],
        "_source": "amap",
        "_keyword": "无障碍坡道",
        "_amap_id": "B0KKZZRWYF"
      },
      "geometry": {
        "type": "Point",
        "coordinates": [
          114.025445,
          22.536506
        ]
      }
    },
    {
      "type": "Feature",
      "properties": {
        "name": "无障碍洗手间",
        "address": "桃源街道桃源社区龙珠大道33号岁宝Shirble plazaF1",
        "type": "公共设施;公共厕所;公共厕所",
        "typecode": "200300",
        "tel": [],
        "_source": "amap",
        "_keyword": "无障碍坡道",
        "_amap_id": "B0FFL6NXSL"
      },
      "geometry": {
        "type": "Point",
        "coordinates": [
          113.984179,
          22.557167
        ]
      }
    },
    {
      "type": "Feature",
      "properties": {
        "name": "福田区行政服务大厅无障碍出入口",
        "address": "深南大道1006号国际创新中心F座3楼福田区行政服务大厅",
        "type": "政府机构及社会团体;政府机关;区县级政府及事业单位",
        "typecode": "130104",
        "tel": "0755-88377595",
        "_source": "amap",
        "_keyword": "无障碍坡道",
        "_amap_id": "B0K227ENU9"
      },
      "geometry": {
        "type": "Point",
        "coordinates": [
          114.071299,
          22.542526
        ]
      }
    },
    {
      "type": "Feature",
      "properties": {
        "name": "深圳市无障碍孵化空间东区",
        "address": "北环大道辅路与北环大道出口交叉口东北60米",
        "type": "商务住宅;产业园区;产业园区",
        "typecode": "120100",
        "tel": [],
        "_source": "amap",
        "_keyword": "无障碍坡道",
        "_amap_id": "B0L3ASRZLD"
      },
      "geometry": {
        "type": "Point",
        "coordinates": [
          114.050129,
          22.562965
        ]
      }
    },
    {
      "type": "Feature",
      "properties": {
        "name": "笔架山公园无障碍停车位",
        "address": "笔架山公园南门东侧",
        "type": "交通设施服务;停车场;停车场相关",
        "typecode": "150900",
        "tel": [],
        "_source": "amap",
        "_keyword": "无障碍坡道",
        "_amap_id": "B0K3HR7Q97"
      },
      "geometry": {
        "type": "Point",
        "coordinates": [
          114.077188,
          22.556074
        ]
      }
    },
    {
      "type": "Feature",
      "properties": {
        "name": "冬瓜岭地铁站A口无障碍出入口",
        "address": "彩田北路辅路东侧冬瓜岭地铁站A口无障碍电梯",
        "type": "交通设施服务;停车场;停车场出入口",
        "typecode": "150909",
        "tel": [],
        "_source": "amap",
        "_keyword": "无障碍坡道",
        "_amap_id": "B0KKZZBK68"
      },
      "geometry": {
        "type": "Point",
        "coordinates": [
          114.067941,
          22.56023
        ]
      }
    },
    {
      "type": "Feature",
      "properties": {
        "name": "赤尾地铁站A口无障碍出入口",
        "address": "滨河大道3099号(赤尾地铁站A口旁)",
        "type": "交通设施服务;停车场;停车场出入口",
        "typecode": "150909",
        "tel": [],
        "_source": "amap",
        "_keyword": "无障碍坡道",
        "_amap_id": "B0KKZZTAZ2"
      },
      "geometry": {
        "type": "Point",
        "coordinates": [
          114.083784,
          22.530923
        ]
      }
    },
    {
      "type": "Feature",
      "properties": {
        "name": "新华社区无障碍出入口",
        "address": "新洲八街30号(沙尾地铁站D口步行490米)",
        "type": "政府机构及社会团体;政府及社会团体相关;政府及社会团体相关",
        "typecode": "130000",
        "tel": [],
        "_source": "amap",
        "_keyword": "无障碍坡道",
        "_amap_id": "B0K2OS85T8"
      },
      "geometry": {
        "type": "Point",
        "coordinates": [
          114.042778,
          22.523634
        ]
      }
    },
    {
      "type": "Feature",
      "properties": {
        "name": "福田文体中心音乐文化主题馆无障碍卫生间",
        "address": "景田北路东一街2号(景田地铁站E口步行180米)",
        "type": "公共设施;公共厕所;残障洗手间/无障碍洗手间",
        "typecode": "200303",
        "tel": [],
        "_source": "amap",
        "_keyword": "无障碍坡道",
        "_amap_id": "B0K39UGCM1"
      },
      "geometry": {
        "type": "Point",
        "coordinates": [
          114.043735,
          22.555077
        ]
      }
    },
    {
      "type": "Feature",
      "properties": {
        "name": "无障碍洗手间(天虹商场松柏店)",
        "address": "信义御城豪园B1-4层(横岗地铁站B口步行180米)天虹商场(松柏店)L2层",
        "type": "公共设施;公共厕所;残障洗手间/无障碍洗手间",
        "typecode": "200303",
        "tel": [],
        "_source": "amap",
        "_keyword": "无障碍坡道",
        "_amap_id": "B0K6JLMW8U"
      },
      "geometry": {
        "type": "Point",
        "coordinates": [
          114.211164,
          22.648748
        ]
      }
    },
    {
      "type": "Feature",
      "properties": {
        "name": "无障碍洗手间(联投东方PARK)",
        "address": "东方大道36号东方新天地L2层",
        "type": "公共设施;公共厕所;残障洗手间/无障碍洗手间",
        "typecode": "200303",
        "tel": [],
        "_source": "amap",
        "_keyword": "无障碍坡道",
        "_amap_id": "B0FFJFT3MR"
      },
      "geometry": {
        "type": "Point",
        "coordinates": [
          113.858097,
          22.760907
        ]
      }
    },
    {
      "type": "Feature",
      "properties": {
        "name": "无障碍公共厕所",
        "address": "正埔街与向银路交叉口西180米",
        "type": "公共设施;公共厕所;公共厕所",
        "typecode": "200300",
        "tel": [],
        "_source": "amap",
        "_keyword": "无障碍坡道",
        "_amap_id": "B0I69R4G1M"
      },
      "geometry": {
        "type": "Point",
        "coordinates": [
          114.255878,
          22.711312
        ]
      }
    }
  ]
}