{
  "type": "FeatureCollection",
  "features": [
    {
      "type": "Feature",
      "properties": {
        "name": "国贸站 - 无障碍设施",
        "station": "国贸站",
        "line": "1号线",
        "facility": "1.盲道：车站公共区域。\n2.无障碍电梯：站厅到站台：站厅中部付费区1部。\n3.宽闸机：站厅中部(只进不出）、站厅近B出入口（双向闸机）。",
        "type": "地铁站无障碍设施",
        "_source": "sz_metro",
        "_osm_type": "node"
      },
      "geometry": {
        "type": "Point",
        "coordinates": [
          114.113907,
          22.5424182
        ]
      }
    },
    {
      "type": "Feature",
      "properties": {
        "name": "老街站 - 无障碍设施",
        "station": "老街站",
        "line": "1号线",
        "facility": "1.盲道：车站公共区域。\n2.无障碍电梯：站厅到站外：E出入口1部；站厅到站台：站厅中部付费区1部。\n3.宽闸机：客服中心旁。",
        "type": "地铁站无障碍设施",
        "_source": "sz_metro",
        "_osm_type": "node"
      },
      "geometry": {
        "type": "Point",
        "coordinates": [
          114.1108594,
          22.5472942
        ]
      }
    },
    {
      "type": "Feature",
      "properties": {
        "name": "大剧院站 - 无障碍设施",
        "station": "大剧院站",
        "line": "1号线",
        "facility": "1.盲道：车站公共区域。\n2.无障碍电梯：站厅到站外：F出入口1部，G出入口1部；站厅到站台：1号线站厅中部付费区1部，2号线站厅中部付费区1部，5号线站厅中部付费区2部。\n3.无障碍卫生间：2号线站厅（近F出入口），5号线站厅（近G出入口），5号线站台（往赤湾方向中部）。\n4.宽闸机：1号线站厅近D出入口，1号线站厅中部，2号线站厅中部，5号线客服中心旁，5号线站厅中部。",
        "type": "地铁站无障碍设施",
        "_source": "sz_metro",
        "_osm_type": "node"
      },
      "geometry": {
        "type": "Point",
        "coordinates": [
          114.102858,
          22.5440073
        ]
      }
    },
    {
      "type": "Feature",
      "properties": {
        "name": "科学馆站 - 无障碍设施",
        "station": "科学馆站",
        "line": "1号线",
        "facility": "1.盲道：车站公共区域。\n2.无障碍电梯：站厅到站外：1号线A出入口1部，6号线F出入口1部；站厅到站台：1号线站厅中部付费区1部，6号线站厅中部付费区1部；换乘通道：6号线换乘通道1部。\n3.无障碍卫生间：1号线（A出入口通道），6号线（E出入口通道），6号线站台（往松岗方向尾端）。\n4.宽闸机：1号线站厅中部，6号线站厅中部。",
        "type": "地铁站无障碍设施",
        "_source": "sz_metro",
        "_osm_type": "node"
      },
      "geometry": {
        "type": "Point",
        "coordinates": [
          114.0912017,
          22.5421181
        ]
      }
    },
    {
      "type": "Feature",
      "properties": {
        "name": "华强路站 - 无障碍设施",
        "station": "华强路站",
        "line": "1号线",
        "facility": "1.盲道：车站公共区域。\n2.无障碍电梯：站厅到站台：站厅付费区内中部1部；站厅到站外：C出入口通道1部。\n3.无障碍卫生间：站厅（B出入口通道）。\n4.宽闸机：靠近站厅B出入口端（只进不出），靠近站厅A出入口端。",
        "type": "地铁站无障碍设施",
        "_source": "sz_metro",
        "_osm_type": "node"
      },
      "geometry": {
        "type": "Point",
        "coordinates": [
          114.0799442,
          22.5430403
        ]
      }
    },
    {
      "type": "Feature",
      "properties": {
        "name": "岗厦站 - 无障碍设施",
        "station": "岗厦站",
        "line": "1号线",
        "facility": "1.盲道：车站公共区域。                       \n2.无障碍电梯：站厅到站外：10号线D出入口1部，10号线E出入口1部，1号线G出入口1部；站厅到站台：1号线站厅中部付费区1部，10号线站厅中部付费区1部。\n3.无障碍卫生间：1号线站厅（G出入口通道内）。                                    \n4.第三卫生间：10号线站台（福田口岸方向头端）。     \n5.宽闸机：1号线、10号线客服中心旁。",
        "type": "地铁站无障碍设施",
        "_source": "sz_metro",
        "_osm_type": "node"
      },
      "geometry": {
        "type": "Point",
        "coordinates": [
          114.0629464,
          22.5375885
        ]
      }
    },
    {
      "type": "Feature",
      "properties": {
        "name": "会展中心站 - 无障碍设施",
        "station": "会展中心站",
        "line": "1号线",
        "facility": "1.盲道：车站公共区域。\n2.无障碍电梯：站厅到站外：站厅到C出入口1部；站厅到站台：站厅付费区往福田口岸方向站台2部，站厅付费区往牛湖方向站台1部。\n3.无障碍生间：站厅（E出入口旁）。\n4.宽闸机：站厅A出入口旁，站厅B出入口旁，站厅C出入口端。",
        "type": "地铁站无障碍设施",
        "_source": "sz_metro",
        "_osm_type": "node"
      },
      "geometry": {
        "type": "Point",
        "coordinates": [
          114.0559371,
          22.5374546
        ]
      }
    },
    {
      "type": "Feature",
      "properties": {
        "name": "购物公园站 - 无障碍设施",
        "station": "购物公园站",
        "line": "1号线",
        "facility": "1.盲道：车站公共区域。\n2.无障碍电梯：站厅到站外：E出入口1部；站厅到站台：站厅中部付费区1号线1部，站厅中部付费区3号线1部。\n3.无障碍卫生间：3号线站厅（近H出入口处）。\n4.宽闸机：1号线站厅中部，3号线站厅中部。",
        "type": "地铁站无障碍设施",
        "_source": "sz_metro",
        "_osm_type": "node"
      },
      "geometry": {
        "type": "Point",
        "coordinates": [
          114.0479575,
          22.5365689
        ]
      }
    },
    {
      "type": "Feature",
      "properties": {
        "name": "香蜜湖站 - 无障碍设施",
        "station": "香蜜湖站",
        "line": "1号线",
        "facility": "1.盲道：车站公共区域。\n2.无障碍电梯：站厅到站外：A出入口1部；站厅到站台：站厅中部付费区1部。\n3.无障碍卫生间：站厅（B出入口通道内）。                                              \n4.宽闸机：站厅客服中心旁。",
        "type": "地铁站无障碍设施",
        "_source": "sz_metro",
        "_osm_type": "node"
      },
      "geometry": {
        "type": "Point",
        "coordinates": [
          114.0336141,
          22.541655
        ]
      }
    },
    {
      "type": "Feature",
      "properties": {
        "name": "车公庙站 - 无障碍设施",
        "station": "车公庙站",
        "line": "1号线",
        "facility": "1.盲道：车站公共区域。\n2.无障碍电梯：站厅到站外：B出入口1部，D1出入口1部，J1出入口1部，J2口出入口1部；站厅到站台：1号线站厅中部付费区1部，7/9号线站厅中部付费区2部，11号线站厅中部付费区1部。\n3.无障碍卫生间：1号线站厅（B出入口通道内）。11号线站台（往碧头方向头端）。7号线站台（往太安方向头端）。9号线站台（往前湾方向头端)。\n4.宽闸机：1号线站厅客服中心旁；1号线站厅近A出入口；11号线站厅近C出入口；11号线站厅近D出入口；7/9号线站厅近F出入口；7/9号线站厅近J出入口。",
        "type": "地铁站无障碍设施",
        "_source": "sz_metro",
        "_osm_type": "node"
      },
      "geometry": {
        "type": "Point",
        "coordinates": [
          114.0226605,
          22.5388378
        ]
      }
    },
    {
      "type": "Feature",
      "properties": {
        "name": "竹子林站 - 无障碍设施",
        "station": "竹子林站",
        "line": "1号线",
        "facility": "1.盲道：车站公共区域。\n2.无障碍电梯：站厅到站外：B1出入口1部；站厅到站台：站厅中部付费区往机场东方向站台1部，站厅中部付费区往罗湖方向站台1部。\n3.宽闸机：站厅D出入口附近。",
        "type": "地铁站无障碍设施",
        "_source": "sz_metro",
        "_osm_type": "node"
      },
      "geometry": {
        "type": "Point",
        "coordinates": [
          114.0090381,
          22.5363142
        ]
      }
    },
    {
      "type": "Feature",
      "properties": {
        "name": "侨城东站 - 无障碍设施",
        "station": "侨城东站",
        "line": "1号线",
        "facility": "1.盲道：车站公共区域。\n2.无障碍电梯：站厅到站台：站厅中部付费区1部；站厅到站外：B出入口1部。 \n3.无障碍卫生间：站厅（A出入口通道内）。\n4.宽闸机：靠近客服中心1部；靠近B出入口1部。",
        "type": "地铁站无障碍设施",
        "_source": "sz_metro",
        "_osm_type": "node"
      },
      "geometry": {
        "type": "Point",
        "coordinates": [
          113.9914607,
          22.5354178
        ]
      }
    },
    {
      "type": "Feature",
      "properties": {
        "name": "华侨城站 - 无障碍设施",
        "station": "华侨城站",
        "line": "1号线",
        "facility": "1.盲道：车站公共区域。\n2.无障碍电梯：站厅到站外：B出入口1部；站厅到站台：站厅中部付费区1部。\n3.无障碍卫生间：站厅（B出入口通道内）。\n4.宽闸机：站厅（近A出入口），站厅（近D出入口）。",
        "type": "地铁站无障碍设施",
        "_source": "sz_metro",
        "_osm_type": "node"
      },
      "geometry": {
        "type": "Point",
        "coordinates": [
          113.9804886,
          22.5364467
        ]
      }
    },
    {
      "type": "Feature",
      "properties": {
        "name": "世界之窗站 - 无障碍设施",
        "station": "世界之窗站",
        "line": "1号线",
        "facility": "1.盲道：车站公共区域。\n2.无障碍电梯：站厅到站外：B出入口1部，I出入口1部；站厅到站台：站厅到2号线赤湾方向站台1部，站厅到8号线小梅沙方向站台1部，站厅到1号线站台1部。\n3.无障碍卫生间：C2出入口通道。\n4.宽闸机：靠近站厅J出入口，靠近站厅A出入口，靠近站厅K出入口。",
        "type": "地铁站无障碍设施",
        "_source": "sz_metro",
        "_osm_type": "node"
      },
      "geometry": {
        "type": "Point",
        "coordinates": [
          113.969307,
          22.539854
        ]
      }
    },
    {
      "type": "Feature",
      "properties": {
        "name": "白石洲站 - 无障碍设施",
        "station": "白石洲站",
        "line": "1号线",
        "facility": "1.盲道：车站公共区域。\n2.无障碍电梯：站厅到站台：站厅付费区内1部。                    \n3.宽闸机：站厅中部。",
        "type": "地铁站无障碍设施",
        "_source": "sz_metro",
        "_osm_type": "node"
      },
      "geometry": {
        "type": "Point",
        "coordinates": [
          113.9622543,
          22.5424968
        ]
      }
    },
    {
      "type": "Feature",
      "properties": {
        "name": "高新园站 - 无障碍设施",
        "station": "高新园站",
        "line": "1号线",
        "facility": "1.盲道：车站公共区域。\n2.无障碍电梯：站厅到站外：B出入口1部；站厅到站台：站厅中部付费区1部。\n3.宽闸机：站厅中部、站厅客服中心旁。",
        "type": "地铁站无障碍设施",
        "_source": "sz_metro",
        "_osm_type": "node"
      },
      "geometry": {
        "type": "Point",
        "coordinates": [
          113.9491278,
          22.5432309
        ]
      }
    },
    {
      "type": "Feature",
      "properties": {
        "name": "深大站 - 无障碍设施",
        "station": "深大站",
        "line": "1号线",
        "facility": "1.盲道：车站公共区域。\n2.无障碍电梯：站厅到站外：C出入口1部；站厅到站台：站厅中部付费区1部。\n3.无障碍卫生间：1号线站厅A通道。\n4.宽闸机：站厅中部。",
        "type": "地铁站无障碍设施",
        "_source": "sz_metro",
        "_osm_type": "node"
      },
      "geometry": {
        "type": "Point",
        "coordinates": [
          113.9406631,
          22.5405167
        ]
      }
    },
    {
      "type": "Feature",
      "properties": {
        "name": "桃园站 - 无障碍设施",
        "station": "桃园站",
        "line": "1号线",
        "facility": "1.盲道：车站公共区域。\n2.无障碍电梯：站厅到站外：1号线C出入口1部，12号线E出入口1部；站厅到站台：1号线站厅中部付费区1部，12号线站厅中部付费区1部。\n3.无障碍生间：1号线站厅（C出入口通道内）。\n4.第三卫生间：12号线站厅中部（闸机内）。\n5.宽闸机：1号线站厅中部，12号线站厅中部。",
        "type": "地铁站无障碍设施",
        "_source": "sz_metro",
        "_osm_type": "node"
      },
      "geometry": {
        "type": "Point",
        "coordinates": [
          113.9198061,
          22.5353507
        ]
      }
    },
    {
      "type": "Feature",
      "properties": {
        "name": "大新站 - 无障碍设施",
        "station": "大新站",
        "line": "1号线",
        "facility": "1.盲道：车站公共区域。\n2.无障碍电梯：站厅到站外：D出入口1部；站厅到站台：站厅付费区内中1部。\n3.无障碍卫生间：站厅(D出入口通道内)。\n4.宽闸机：站厅中部。",
        "type": "地铁站无障碍设施",
        "_source": "sz_metro",
        "_osm_type": "node"
      },
      "geometry": {
        "type": "Point",
        "coordinates": [
          113.9103546,
          22.5352462
        ]
      }
    },
    {
      "type": "Feature",
      "properties": {
        "name": "鲤鱼门站 - 无障碍设施",
        "station": "鲤鱼门站",
        "line": "1号线",
        "facility": "1.盲道：车站公共区域。\n2.无障碍电梯：站厅到站台：站厅中部付费区1部。\n3.无障碍卫生间：站厅（C出入口通道内）。\n4.宽闸机：站厅中部。",
        "type": "地铁站无障碍设施",
        "_source": "sz_metro",
        "_osm_type": "node"
      },
      "geometry": {
        "type": "Point",
        "coordinates": [
          113.8985018,
          22.5350655
        ]
      }
    },
    {
      "type": "Feature",
      "properties": {
        "name": "前海湾站 - 无障碍设施",
        "station": "前海湾站",
        "line": "1号线",
        "facility": "1.盲道：车站公共区域。\n2.无障碍电梯：站厅到站外：B出入口1部；站厅到站台：1号线站厅中部付费区1部，5号线站厅中部付费区1部，11号线站厅中部付费区1部。\n3.无障碍卫生间：站厅（B出入口通道）。\n4.宽闸机：1号线站厅靠近B出入口；5号线站厅靠近A出入口；11号线站厅。",
        "type": "地铁站无障碍设施",
        "_source": "sz_metro",
        "_osm_type": "node"
      },
      "geometry": {
        "type": "Point",
        "coordinates": [
          113.8927681,
          22.5403059
        ]
      }
    },
    {
      "type": "Feature",
      "properties": {
        "name": "新安站 - 无障碍设施",
        "station": "新安站",
        "line": "1号线",
        "facility": "1.盲道：车站公共区域。\n2.无障碍电梯：站厅到站外：B出入口1部；站厅到站台：站厅中部付费区1部。\n3.无障碍卫生间：站厅（B出入口通道内）。\n4.宽闸机：站厅中部。",
        "type": "地铁站无障碍设施",
        "_source": "sz_metro",
        "_osm_type": "node"
      },
      "geometry": {
        "type": "Point",
        "coordinates": [
          113.8895625,
          22.550747
        ]
      }
    },
    {
      "type": "Feature",
      "properties": {
        "name": "宝安中心站 - 无障碍设施",
        "station": "宝安中心站",
        "line": "1号线",
        "facility": "1.盲道：车站公共区域。\n2.无障碍电梯：站厅到站外：B出入口1部；\n站厅到站台：1号线站厅中部1台，5号线站厅黄贝岭方向1台，5号线站厅赤湾方向1台。\n3.无障碍卫生间：站厅（A出入口通道内）。\n4.宽闸机：站厅（近A出入口）；站厅（近C出入口）；站厅（近E出入口）。",
        "type": "地铁站无障碍设施",
        "_source": "sz_metro",
        "_osm_type": "node"
      },
      "geometry": {
        "type": "Point",
        "coordinates": [
          113.8823152,
          22.5576373
        ]
      }
    },
    {
      "type": "Feature",
      "properties": {
        "name": "宝体站 - 无障碍设施",
        "station": "宝体站",
        "line": "1号线",
        "facility": "1.盲道：车站公共区域。\n2.无障碍电梯：站厅到站台：站厅中部付费区1部；站厅到站外：A出入口1部，D出入口1部。\n3.无障碍卫生间：站厅（A出入口通道内）。\n4.宽闸机：站厅中部。",
        "type": "地铁站无障碍设施",
        "_source": "sz_metro",
        "_osm_type": "node"
      },
      "geometry": {
        "type": "Point",
        "coordinates": [
          113.8764671,
          22.5632358
        ]
      }
    },
    {
      "type": "Feature",
      "properties": {
        "name": "坪洲站 - 无障碍设施",
        "station": "坪洲站",
        "line": "1号线",
        "facility": "1.盲道：车站公共区域。\n2.无障碍电梯：站厅到站外：A出入口1部；站厅到站台：站厅中部付费区1部。\n3.无障碍卫生间：站厅（A出入口通道内）。                           \n4.宽闸机：站厅中部。",
        "type": "地铁站无障碍设施",
        "_source": "sz_metro",
        "_osm_type": "node"
      },
      "geometry": {
        "type": "Point",
        "coordinates": [
          113.8657455,
          22.571935
        ]
      }
    },
    {
      "type": "Feature",
      "properties": {
        "name": "西乡站 - 无障碍设施",
        "station": "西乡站",
        "line": "1号线",
        "facility": "1.盲道：车站公共区域。\n2.无障碍电梯：站厅到站台：站厅中部付费区往机场东方向站台1部，站厅中部付费区往罗湖方向站台1部。\n3.宽闸机：靠近站厅A出入口。",
        "type": "地铁站无障碍设施",
        "_source": "sz_metro",
        "_osm_type": "node"
      },
      "geometry": {
        "type": "Point",
        "coordinates": [
          113.8569798,
          22.5790602
        ]
      }
    },
    {
      "type": "Feature",
      "properties": {
        "name": "固戍站 - 无障碍设施",
        "station": "固戍站",
        "line": "1号线",
        "facility": "1.盲道：车站公共区域。\n2.无障碍电梯：站厅到站外：E出入口1部；站厅到站台：站厅中部付费区往机场东方向站台1部，站厅中部付费区往罗湖方向站台1部。\n3.无障碍卫生间：站厅（A出入口通道内）。\n4.宽闸机：客服中心旁。",
        "type": "地铁站无障碍设施",
        "_source": "sz_metro",
        "_osm_type": "node"
      },
      "geometry": {
        "type": "Point",
        "coordinates": [
          113.8420114,
          22.6037783
        ]
      }
    },
    {
      "type": "Feature",
      "properties": {
        "name": "后瑞站 - 无障碍设施",
        "station": "后瑞站",
        "line": "1号线",
        "facility": "1.盲道：车站公共区域。\n2.无障碍电梯：站厅到站台：站厅中部付费区1部；站厅到站外：B出入口1部，C出入口1部。\n3.无障碍卫生间：站厅（C出入口通道旁）。\n4.宽闸机：站厅中部。",
        "type": "地铁站无障碍设施",
        "_source": "sz_metro",
        "_osm_type": "node"
      },
      "geometry": {
        "type": "Point",
        "coordinates": [
          113.830368,
          22.6317812
        ]
      }
    },
    {
      "type": "Feature",
      "properties": {
        "name": "机场东站 - 无障碍设施",
        "station": "机场东站",
        "line": "1号线",
        "facility": "1.盲道：车站公共区域。\n2.无障碍电梯：1号线1层站厅到2层站厅1部，近A出入口；站厅到站外：12号线站厅D出入口1部；站厅到站台：1号线2层站厅中部付费区往机场东方向站台1部，1号线2层站厅中部付费区往罗湖方向站台1部，12号线站厅中部付费区2部。\n3.无障碍卫生间：1号线1层站厅（近无障碍电梯）。\n4.第三卫生间：12号线站厅（D出入口通道内），12号线站台（往松岗方向头端）。\n5.宽闸机：12号线站厅近D出入口，12号线站厅中部。",
        "type": "地铁站无障碍设施",
        "_source": "sz_metro",
        "_osm_type": "node"
      },
      "geometry": {
        "type": "Point",
        "coordinates": [
          113.8170998,
          22.6503143
        ]
      }
    },
    {
      "type": "Feature",
      "properties": {
        "name": "赤湾站 - 无障碍设施",
        "station": "赤湾站",
        "line": "2号线",
        "facility": "1.盲道：车站公共区域。\n2.无障碍电梯：B出入口站厅到站外1部；C出入口站厅到站外1部；\n2号线站厅到站台1部；2号线站厅付费区内中部；5号线站厅到站台1部；5号线站厅付费区内中部。\n3.无障碍卫生间：E出入口通道；C出入口通道。\n4.宽闸机：2号线站厅中部；5号线站厅中部。",
        "type": "地铁站无障碍设施",
        "_source": "sz_metro",
        "_osm_type": "node"
      },
      "geometry": {
        "type": "Point",
        "coordinates": [
          113.8925041,
          22.4822397
        ]
      }
    },
    {
      "type": "Feature",
      "properties": {
        "name": "蛇口港站 - 无障碍设施",
        "station": "蛇口港站",
        "line": "2号线",
        "facility": "1.盲道：车站公共区域。\n2.无障碍电梯：D1出入口站厅到站外1部；站厅到站台1部在站厅付费区内中部。\n3.无障碍卫生间：站厅（C出入口通道）。\n4.宽闸机：站厅中部。",
        "type": "地铁站无障碍设施",
        "_source": "sz_metro",
        "_osm_type": "node"
      },
      "geometry": {
        "type": "Point",
        "coordinates": [
          113.9073872,
          22.4797136
        ]
      }
    },
    {
      "type": "Feature",
      "properties": {
        "name": "海上世界站 - 无障碍设施",
        "station": "海上世界站",
        "line": "2号线",
        "facility": "1.盲道：车站公共区域。\n2.无障碍电梯：站厅到站外：2号线C出入口1部，12号线H出入口1部，12号线F出入口1部；站厅到站台：2号线站厅中部付费区1部，12号线站厅中部付费区1部。换乘：2号线12号线站厅换乘1部。\n3.无障碍卫生间：2号线站厅（近D出入口），12号线站台（往松岗方向头端），12号线站厅（近H出入口）。\n4.宽闸机：站厅中部。",
        "type": "地铁站无障碍设施",
        "_source": "sz_metro",
        "_osm_type": "node"
      },
      "geometry": {
        "type": "Point",
        "coordinates": [
          113.9088351,
          22.4880191
        ]
      }
    },
    {
      "type": "Feature",
      "properties": {
        "name": "水湾站 - 无障碍设施",
        "station": "水湾站",
        "line": "2号线",
        "facility": "1.盲道:车站公共区域。\n2.无障碍电梯：D出入口站厅到站外1部；站厅到站台1部在站厅付费区内中部。\n3.无障碍卫生间：D出入口。\n4.宽闸机：站厅中部。",
        "type": "地铁站无障碍设施",
        "_source": "sz_metro",
        "_osm_type": "node"
      },
      "geometry": {
        "type": "Point",
        "coordinates": [
          113.914817,
          22.4914656
        ]
      }
    },
    {
      "type": "Feature",
      "properties": {
        "name": "东角头站 - 无障碍设施",
        "station": "东角头站",
        "line": "2号线",
        "facility": "1.盲道:车站公共区域（B出入口至进站闸机处无盲道）。\n2.无障碍电梯：站厅到站外：D出入口1部；站厅到站台：站厅中部付费区1部。\n3.无障碍卫生间：D出入口。\n4.宽闸机：站厅中部。",
        "type": "地铁站无障碍设施",
        "_source": "sz_metro",
        "_osm_type": "node"
      },
      "geometry": {
        "type": "Point",
        "coordinates": [
          113.9264123,
          22.4891582
        ]
      }
    },
    {
      "type": "Feature",
      "properties": {
        "name": "湾厦站 - 无障碍设施",
        "station": "湾厦站",
        "line": "2号线",
        "facility": "1.盲道：车站公共区域、车站公共区设有盲道（因车站设计原因、D出入口通道处无盲道）。\n2.无障碍电梯：B出入口站厅到站外1部；站厅到站台2部（在站厅付费区内中部）。\n3.无障碍卫生间：D出入口通道。\n4.宽闸机：站厅中部。",
        "type": "地铁站无障碍设施",
        "_source": "sz_metro",
        "_osm_type": "node"
      },
      "geometry": {
        "type": "Point",
        "coordinates": [
          113.9336953,
          22.4965491
        ]
      }
    },
    {
      "type": "Feature",
      "properties": {
        "name": "海月站 - 无障碍设施",
        "station": "海月站",
        "line": "2号线",
        "facility": "1.盲道：车站公共区域（部分区域无盲道（因设计原因、D出入口无无障碍电梯、D出入口至站厅处无盲道））。\n2.无障碍电梯：C出入口站厅到站1部；站厅到站台1部（在站厅付费区内中部）。\n3.无障碍卫生间：C出入口通道。\n4.宽闸机：站厅中部。",
        "type": "地铁站无障碍设施",
        "_source": "sz_metro",
        "_osm_type": "node"
      },
      "geometry": {
        "type": "Point",
        "coordinates": [
          113.9329249,
          22.5031277
        ]
      }
    },
    {
      "type": "Feature",
      "properties": {
        "name": "登良站 - 无障碍设施",
        "station": "登良站",
        "line": "2号线",
        "facility": "1.盲道：车站公共区域。\n2.无障碍电梯：站厅到站外：D出入口1部；站厅到站台：站厅付费区内中部1部。\n3.无障碍卫生间：站厅（D出入口通道内）。\n4.宽闸机：站厅中部。",
        "type": "地铁站无障碍设施",
        "_source": "sz_metro",
        "_osm_type": "node"
      },
      "geometry": {
        "type": "Point",
        "coordinates": [
          113.9327837,
          22.5119037
        ]
      }
    },
    {
      "type": "Feature",
      "properties": {
        "name": "后海站 - 无障碍设施",
        "station": "后海站",
        "line": "2号线",
        "facility": "1.盲道:车站公共区域。\n2.无障碍电梯：站厅到站外：2号线E出入口站厅到站外1部； 11号线H出入口站厅到站外1部。                   \n站厅到站台：2号线站厅中部付费区1部，11号线站厅中部付费区1部。\n换乘垂梯：2号线站厅到换乘通道换乘1部。\n3.无障碍卫生间：2号线站厅（D出入口通道内），11号线站厅（H出入口通道内）。\n4.宽闸机：2号线站厅中部，换乘平台与深圳湾万象城二期通道连接处；11号线站厅中部。",
        "type": "地铁站无障碍设施",
        "_source": "sz_metro",
        "_osm_type": "node"
      },
      "geometry": {
        "type": "Point",
        "coordinates": [
          113.9353794,
          22.5203848
        ]
      }
    },
    {
      "type": "Feature",
      "properties": {
        "name": "科苑站 - 无障碍设施",
        "station": "科苑站",
        "line": "2号线",
        "facility": "1.盲道:车站公共区域。\n2.无障碍电梯：站厅到站外：2号线B出入口1部；站厅到站台：2号线站厅中部付费区1部。\n3.无障碍卫生间：2号线A出入口通道。\n4.宽闸机：站厅中部。",
        "type": "地铁站无障碍设施",
        "_source": "sz_metro",
        "_osm_type": "node"
      },
      "geometry": {
        "type": "Point",
        "coordinates": [
          113.9410449,
          22.5301339
        ]
      }
    },
    {
      "type": "Feature",
      "properties": {
        "name": "红树湾站 - 无障碍设施",
        "station": "红树湾站",
        "line": "2号线",
        "facility": "1.盲道:车站公共区域。\n2.无障碍电梯：站厅到站外：A出入口1部；站厅到站台：站厅付费区内中部1部。\n3.无障碍卫生间：2号线站厅（A出入口通道内）。\n4.宽闸机：站厅中部。",
        "type": "地铁站无障碍设施",
        "_source": "sz_metro",
        "_osm_type": "node"
      },
      "geometry": {
        "type": "Point",
        "coordinates": [
          113.9633397,
          22.527994
        ]
      }
    },
    {
      "type": "Feature",
      "properties": {
        "name": "世界之窗站 - 无障碍设施",
        "station": "世界之窗站",
        "line": "2号线",
        "facility": "1.盲道：车站公共区域。\n2.无障碍电梯：站厅到站外：B出入口1部，I出入口1部；站厅到站台：站厅到2号线赤湾方向站台1部，站厅到8号线小梅沙方向站台1部，站厅到1号线站台1部。\n3.无障碍卫生间：C2出入口通道。\n4.宽闸机：靠近站厅J出入口，靠近站厅A出入口，靠近站厅K出入口。",
        "type": "地铁站无障碍设施",
        "_source": "sz_metro",
        "_osm_type": "node"
      },
      "geometry": {
        "type": "Point",
        "coordinates": [
          113.969307,
          22.539854
        ]
      }
    },
    {
      "type": "Feature",
      "properties": {
        "name": "侨城北站 - 无障碍设施",
        "station": "侨城北站",
        "line": "2号线",
        "facility": "1.盲道:车站公共区域。\n2.无障碍电梯：站厅到站外：D出入口1部；站厅到站台：站厅中部付费区1部。\n3.无障碍卫生间：站厅（C出入口通道内）。\n4.宽闸机：站厅中部。",
        "type": "地铁站无障碍设施",
        "_source": "sz_metro",
        "_osm_type": "node"
      },
      "geometry": {
        "type": "Point",
        "coordinates": [
          113.9839745,
          22.5471125
        ]
      }
    },
    {
      "type": "Feature",
      "properties": {
        "name": "深康站 - 无障碍设施",
        "station": "深康站",
        "line": "2号线",
        "facility": "1.盲道：车站公共区域（因车站设计原因、站厅至C出入口楼梯处无盲道）。\n2.无障碍电梯：站厅到站外：B出入口1部；站厅到站台：站厅中部付费区1部。\n3.无障碍卫生间：B出入口通道内。\n4.宽闸机：站厅中部。",
        "type": "地铁站无障碍设施",
        "_source": "sz_metro",
        "_osm_type": "node"
      },
      "geometry": {
        "type": "Point",
        "coordinates": [
          113.9936907,
          22.5492913
        ]
      }
    },
    {
      "type": "Feature",
      "properties": {
        "name": "安托山站 - 无障碍设施",
        "station": "安托山站",
        "line": "2号线",
        "facility": "1.盲道：车站公共区域（因设计原因、B出入口通道、D出入口通道、E出入口通道无盲道）。\n2.无障碍电梯：站厅到站外：C出入口1部；站厅到站台：站厅中部付费区到7号线深大丽湖方向站台和2号线站台1部，站厅中部付费区到7号线太安方向站台1部。\n3.无障碍卫生间：A出入口通道内、7号线站台（深大丽湖方向尾端）。\n4.宽闸机：站厅中部、站厅C出入口端。",
        "type": "地铁站无障碍设施",
        "_source": "sz_metro",
        "_osm_type": "node"
      },
      "geometry": {
        "type": "Point",
        "coordinates": [
          114.0012596,
          22.5516507
        ]
      }
    },
    {
      "type": "Feature",
      "properties": {
        "name": "侨香站 - 无障碍设施",
        "station": "侨香站",
        "line": "2号线",
        "facility": "1.盲道：车站公共区域（站厅中部无障碍电梯至免费专用通道无盲道）。\n2.无障碍电梯：站厅到站外：A出入口1部；站厅到站台：站厅中部付费区1部。\n3.无障碍卫生间：C出入口通道内。\n4.宽闸机：站厅中部。",
        "type": "地铁站无障碍设施",
        "_source": "sz_metro",
        "_osm_type": "node"
      },
      "geometry": {
        "type": "Point",
        "coordinates": [
          114.0093299,
          22.5524763
        ]
      }
    },
    {
      "type": "Feature",
      "properties": {
        "name": "香蜜站 - 无障碍设施",
        "station": "香蜜站",
        "line": "2号线",
        "facility": "1.盲道：车站公共区域（站厅中部无障碍电梯至免费专用通道无盲道）。\n2.无障碍电梯：站厅到站外：B出入口1部，D出入口1部；站厅到站台：站厅中部付费区1部。\n3.无障碍卫生间：D出入口通道内。\n4.宽闸机：站厅中部。",
        "type": "地铁站无障碍设施",
        "_source": "sz_metro",
        "_osm_type": "node"
      },
      "geometry": {
        "type": "Point",
        "coordinates": [
          114.0185933,
          22.555735
        ]
      }
    },
    {
      "type": "Feature",
      "properties": {
        "name": "香梅北站 - 无障碍设施",
        "station": "香梅北站",
        "line": "2号线",
        "facility": "1.盲道：车站公共区域（公共洗手间至D出入口无盲道）。\n2.无障碍电梯：站厅到站外：B1出入口1部，B3出入口1部；站厅到站台：站厅中部付费区1部\n3.无障碍卫生间：D出入口通道内。\n4.宽闸机：站厅中部。",
        "type": "地铁站无障碍设施",
        "_source": "sz_metro",
        "_osm_type": "node"
      },
      "geometry": {
        "type": "Point",
        "coordinates": [
          114.0278197,
          22.5566537
        ]
      }
    },
    {
      "type": "Feature",
      "properties": {
        "name": "景田站 - 无障碍设施",
        "station": "景田站",
        "line": "2号线",
        "facility": "1.盲道：车站公共区域。\n2.无障碍电梯：站厅到站外：A出入口1部，D出入口1部；站厅到站台：站厅付费区到8号线溪涌方向站台和9号线站台1部，站厅付费区到2号线赤湾方向站台和9号线站台1部。\n3.无障碍卫生间：D出入口通道内、9号线站台（往前湾方向头端）。\n4.宽闸机：站厅C出入口端、站厅E出入口端。",
        "type": "地铁站无障碍设施",
        "_source": "sz_metro",
        "_osm_type": "node"
      },
      "geometry": {
        "type": "Point",
        "coordinates": [
          114.0385546,
          22.5561853
        ]
      }
    },
    {
      "type": "Feature",
      "properties": {
        "name": "莲花西站 - 无障碍设施",
        "station": "莲花西站",
        "line": "2号线",
        "facility": "1.盲道：车站公共区域。\n2.无障碍电梯：站厅到站外：A出入口1部；站厅到站台：站厅中部付费区1部。\n3.无障碍卫生间：站厅（B出入口通道内）。\n4.宽闸机：站厅中部。",
        "type": "地铁站无障碍设施",
        "_source": "sz_metro",
        "_osm_type": "node"
      },
      "geometry": {
        "type": "Point",
        "coordinates": [
          114.0449155,
          22.5498083
        ]
      }
    },
    {
      "type": "Feature",
      "properties": {
        "name": "福田站 - 无障碍设施",
        "station": "福田站",
        "line": "2号线",
        "facility": "1.盲道：车站公共区域。\n2.无障碍电梯：2A出入口站厅到站外无障碍电梯1部。\n3.无障碍电梯：3出入口站厅到站外无障碍电梯1部。\n4.无障碍电梯：4出入口站厅到站外无障碍电梯1部。\n5.无障碍电梯：15出入口站厅到站外无障碍电梯1部。\n6.无障碍电梯：30B出入口站厅到站外无障碍电梯1部。\n7.无障碍电梯：31出入口站厅到站外无障碍电梯1部。\n8.无障碍电梯：11号线站厅到站台无障碍电梯2部在站厅付费区内中部。（11号线）         \n 9.无障碍电梯：2号线站厅到站台无障碍电梯1部在站厅付费区内中部。（2号线）\n10.无障碍电梯：3号线站厅到站台无障碍电梯2部在站厅小付费区内。（3号线）\n11.无障碍卫生间：站厅1出入口通道处站厅。\n12.无障碍卫生间：31出入口无障碍电梯处、靠近高铁通道。\n13.无障碍卫生间：4b出入口往高铁通道近高铁。\n14.宽闸机：客服一旁出闸机处。（3号线）\n15.宽闸机：客服二旁。（3号线）\n16.宽闸机：1出入口小付费区。（3号线）\n17.宽闸机：32出入口旁。（3号线）",
        "type": "地铁站无障碍设施",
        "_source": "sz_metro",
        "_osm_type": "node"
      },
      "geometry": {
        "type": "Point",
        "coordinates": [
          114.0482367,
          22.5427538
        ]
      }
    },
    {
      "type": "Feature",
      "properties": {
        "name": "市民中心站 - 无障碍设施",
        "station": "市民中心站",
        "line": "2号线",
        "facility": "1.盲道：车站公共区域（部分区域无盲道（因客流组织需要、车站重新划分的原因、4号线换乘2号线方向的通道处无盲道）。\n2.无障碍电梯：站厅到站外：F出入口1部；站厅到站台：站厅中部付费区1部。\n3.第三卫生间：2号线站厅（F出入口通道内）。\n4.宽闸机：站厅中部。",
        "type": "地铁站无障碍设施",
        "_source": "sz_metro",
        "_osm_type": "node"
      },
      "geometry": {
        "type": "Point",
        "coordinates": [
          114.0558898,
          22.5444192
        ]
      }
    },
    {
      "type": "Feature",
      "properties": {
        "name": "岗厦北站 - 无障碍设施",
        "station": "岗厦北站",
        "line": "2号线",
        "facility": "1.盲道：车站公共区域。\n2.无障碍电梯：站厅到站外：1出入口1部，7出入口1部，12出入口1部，16出入口1部，19出入口1部；站厅到站台：11/14号线站厅中部付费区4部，2号线站厅站厅中部付费区1部，14号线换乘通道至站厅1部。\n3.无障碍卫生间：10号线站台（往福田口岸方向头端）；10号线站台（往双拥街方向尾端）；16号出入口。\n4.第三卫生间：站厅（近7号出入口）；站厅（近19号出入口）；2&8号线换乘通道（近19号口）。\n5.宽闸机：1出入口旁；12出入口旁；7出入口旁；18出入口旁；2号线站厅中部。",
        "type": "地铁站无障碍设施",
        "_source": "sz_metro",
        "_osm_type": "node"
      },
      "geometry": {
        "type": "Point",
        "coordinates": [
          114.0628443,
          22.5427932
        ]
      }
    },
    {
      "type": "Feature",
      "properties": {
        "name": "华强北站 - 无障碍设施",
        "station": "华强北站",
        "line": "2号线",
        "facility": "1.盲道：车站公共区域。\n2.无障碍电梯：站厅到站外：A出入口1部，D2出入口1部；站厅到站台：站厅中部付费区2号线1部，站厅中部付费区7号线1部。\n3.宽闸机：2号线站厅近A出入口，2号线站厅近B出入口，7号线站厅中部。",
        "type": "地铁站无障碍设施",
        "_source": "sz_metro",
        "_osm_type": "node"
      },
      "geometry": {
        "type": "Point",
        "coordinates": [
          114.0816792,
          22.5456566
        ]
      }
    },
    {
      "type": "Feature",
      "properties": {
        "name": "燕南站 - 无障碍设施",
        "station": "燕南站",
        "line": "2号线",
        "facility": "1.盲道：车站公共区域。\n2.无障碍电梯：站厅到站外：C出入口1部；站厅到站台：站厅中部付费区1部。\n3.无障碍卫生间：站厅（C出入口通道内）。\n4.宽闸机：站厅中部。",
        "type": "地铁站无障碍设施",
        "_source": "sz_metro",
        "_osm_type": "node"
      },
      "geometry": {
        "type": "Point",
        "coordinates": [
          114.086904,
          22.5471651
        ]
      }
    },
    {
      "type": "Feature",
      "properties": {
        "name": "大剧院站 - 无障碍设施",
        "station": "大剧院站",
        "line": "2号线",
        "facility": "1.盲道：车站公共区域。\n2.无障碍电梯：站厅到站外：F出入口1部，G出入口1部；站厅到站台：1号线站厅中部付费区1部，2号线站厅中部付费区1部，5号线站厅中部付费区2部。\n3.无障碍卫生间：2号线站厅（近F出入口）；5号线站厅（近G出入口）；5号线站台（往赤湾方向中部）。\n4.宽闸机：1号线站厅近D出入口，1号线站厅中部，2号线站厅中部，5号线客服中心旁，5号线站厅中部。",
        "type": "地铁站无障碍设施",
        "_source": "sz_metro",
        "_osm_type": "node"
      },
      "geometry": {
        "type": "Point",
        "coordinates": [
          114.102858,
          22.5440073
        ]
      }
    },
    {
      "type": "Feature",
      "properties": {
        "name": "湖贝站 - 无障碍设施",
        "station": "湖贝站",
        "line": "2号线",
        "facility": "1.盲道:车站公共区域。            \n2.无障碍电梯：站厅到站外：F出入口1部，G出入口1部；站厅到站台：站厅中部付费区1部（5号线）。\nB出入口站厅到站外垂直电梯1部；站厅到站台垂直电梯1部在站厅付费区内中部。（2号线）。        \n3.无障碍卫生间：站厅G出入口通道（5号线）。                     \n4.宽闸机：站厅中部（5号线）。\n靠近站厅A出入口（2号线）；靠近站厅D出入口（2号线）；靠近站厅B出入口；靠近站厅C出入口（2号线）。",
        "type": "地铁站无障碍设施",
        "_source": "sz_metro",
        "_osm_type": "node"
      },
      "geometry": {
        "type": "Point",
        "coordinates": [
          114.1184141,
          22.5466946
        ]
      }
    },
    {
      "type": "Feature",
      "properties": {
        "name": "黄贝岭站 - 无障碍设施",
        "station": "黄贝岭站",
        "line": "2号线",
        "facility": "1.盲道:车站公共区域（因设计原因、A出入口、C出入口至站厅进站处无盲道）。\n2.无障碍电梯：B出入口站厅到站外垂直电梯1部，站厅到站台垂直电梯2部在站厅付费区内中部。\n3.无障碍卫生间：B出入口通道。\n4.宽闸机：站厅中部（在免费通道旁，靠近B出口）。",
        "type": "地铁站无障碍设施",
        "_source": "sz_metro",
        "_osm_type": "node"
      },
      "geometry": {
        "type": "Point",
        "coordinates": [
          114.1313834,
          22.5488036
        ]
      }
    },
    {
      "type": "Feature",
      "properties": {
        "name": "新秀站 - 无障碍设施",
        "station": "新秀站",
        "line": "2号线",
        "facility": "1.盲道：车站公共区域。\n2.无障碍电梯：站厅到站外：A出入口1部；站厅到站台：站厅中部付费区1部。\n3.宽闸机：站厅中部。",
        "type": "地铁站无障碍设施",
        "_source": "sz_metro",
        "_osm_type": "node"
      },
      "geometry": {
        "type": "Point",
        "coordinates": [
          114.144064,
          22.5505114
        ]
      }
    },
    {
      "type": "Feature",
      "properties": {
        "name": "莲塘口岸站 - 无障碍设施",
        "station": "莲塘口岸站",
        "line": "2号线",
        "facility": "1.盲道：车站公共区域。\n2.无障碍电梯：站厅到站外：A1出入口2部，A2出入口1部，C出入口4部，D出入口3部；站厅到站台：站厅中部付费区1部。\n3.无障碍卫生间：A出入口通道。\n4.宽闸机：站厅中部。",
        "type": "地铁站无障碍设施",
        "_source": "sz_metro",
        "_osm_type": "node"
      },
      "geometry": {
        "type": "Point",
        "coordinates": [
          114.1502297,
          22.5559169
        ]
      }
    },
    {
      "type": "Feature",
      "properties": {
        "name": "仙湖路站 - 无障碍设施",
        "station": "仙湖路站",
        "line": "2号线",
        "facility": "1.盲道：车站公共区域。\n2.无障碍电梯：站厅到站外：C2出入口1部；站厅到站台：站厅中部付费区1部。\n3.无障碍卫生间：站厅（近B出入口）。\n4.宽闸机：站厅中部。",
        "type": "地铁站无障碍设施",
        "_source": "sz_metro",
        "_osm_type": "node"
      },
      "geometry": {
        "type": "Point",
        "coordinates": [
          114.1613528,
          22.5667032
        ]
      }
    },
    {
      "type": "Feature",
      "properties": {
        "name": "莲塘站 - 无障碍设施",
        "station": "莲塘站",
        "line": "2号线",
        "facility": "1.盲道：车站公共区域。\n2.无障碍电梯：站厅到站外：C出入口1部。站厅到站台：站厅中部付费区1部。\n3.无障碍卫生间：A出入口通道。\n4.宽闸机：站厅中部。",
        "type": "地铁站无障碍设施",
        "_source": "sz_metro",
        "_osm_type": "node"
      },
      "geometry": {
        "type": "Point",
        "coordinates": [
          114.1688677,
          22.5668762
        ]
      }
    },
    {
      "type": "Feature",
      "properties": {
        "name": "梧桐山南站 - 无障碍设施",
        "station": "梧桐山南站",
        "line": "8号线",
        "facility": "1.盲道：车站公共区域。\n2.无障碍电梯：站厅到站外：A2出入口1部，C1出入口1部，C2出入口1部，D出入口2部；站厅到站台：站厅中部付费区1部。\n3.无障碍卫生间：站厅（近D出入口）。\n4.宽闸机：站厅中部。",
        "type": "地铁站无障碍设施",
        "_source": "sz_metro",
        "_osm_type": "node"
      },
      "geometry": {
        "type": "Point",
        "coordinates": [
          114.1780119,
          22.5611347
        ]
      }
    },
    {
      "type": "Feature",
      "properties": {
        "name": "沙头角站 - 无障碍设施",
        "station": "沙头角站",
        "line": "8号线",
        "facility": "1.盲道：车站公共区域。\n2.无障碍电梯：站厅到站外：B出入口1部，C出入口1部。站厅到站台：站厅中部付费区1部。\n3.无障碍卫生间：C出入口通道。\n4.宽闸机：站厅中部。",
        "type": "地铁站无障碍设施",
        "_source": "sz_metro",
        "_osm_type": "node"
      },
      "geometry": {
        "type": "Point",
        "coordinates": [
          114.2181995,
          22.5572091
        ]
      }
    },
    {
      "type": "Feature",
      "properties": {
        "name": "海山站 - 无障碍设施",
        "station": "海山站",
        "line": "8号线",
        "facility": "1.盲道：车站公共区域。\n2.无障碍电梯：站厅到站外：A1出入口1部，A2出入口1部；站厅到站台：站厅中部付费区1部。\n3.无障碍卫生间：B出入口通道。\n4.宽闸机：站厅中部。",
        "type": "地铁站无障碍设施",
        "_source": "sz_metro",
        "_osm_type": "node"
      },
      "geometry": {
        "type": "Point",
        "coordinates": [
          114.2328208,
          22.5583269
        ]
      }
    },
    {
      "type": "Feature",
      "properties": {
        "name": "盐田港西站 - 无障碍设施",
        "station": "盐田港西站",
        "line": "8号线",
        "facility": "1.盲道：车站公共区域。\n2.无障碍电梯：B出入口站厅到站外1部。C出入口站厅到站外1部。\n3.无障碍电梯：站厅到站台1部在站厅付费区内中部。\n4.宽闸机：站厅中部。",
        "type": "地铁站无障碍设施",
        "_source": "sz_metro",
        "_osm_type": "node"
      },
      "geometry": {
        "type": "Point",
        "coordinates": [
          114.2416805,
          22.5649112
        ]
      }
    },
    {
      "type": "Feature",
      "properties": {
        "name": "深外高中站 - 无障碍设施",
        "station": "深外高中站",
        "line": "8号线",
        "facility": "1.盲道：车站公共区域及出入口。\n2.无障碍电梯：B1出入口站厅到站外2部。                 \n 3.无障碍电梯：C出入口站厅到站3部。\n4.无障碍电梯：站厅到站台1部在站厅付费区内中部。\n5.无障碍电梯：B2出入口站厅到站外1部。\n 6.宽闸机：站厅中部。",
        "type": "地铁站无障碍设施",
        "_source": "sz_metro",
        "_osm_type": "node"
      },
      "geometry": {
        "type": "Point",
        "coordinates": [
          114.2397357,
          22.5865573
        ]
      }
    },
    {
      "type": "Feature",
      "properties": {
        "name": "盐田路站 - 无障碍设施",
        "station": "盐田路站",
        "line": "8号线",
        "facility": "1.盲道：车站公共区域。\n2.无障碍电梯：B出入口站厅到站外1部；H出入口站厅到站外1部；E1出入口站厅到站外1部。\n3.无障碍电梯：站厅到站台2部在站厅付费区内中部。\n4.宽闸机：站厅中部。",
        "type": "地铁站无障碍设施",
        "_source": "sz_metro",
        "_osm_type": "node"
      },
      "geometry": {
        "type": "Point",
        "coordinates": [
          114.2503375,
          22.5912403
        ]
      }
    },
    {
      "type": "Feature",
      "properties": {
        "name": "鸿安围站 - 无障碍设施",
        "station": "鸿安围站",
        "line": "8号线",
        "facility": "1.盲道：车站公共区域。\n2.无障碍电梯：A1出入口站厅到站外1部。\n3.无障碍电梯：A2出入口站厅到站外1部。\n4.无障碍电梯：站厅到站台1部在站厅付费区内中部。\n5.宽闸机：站厅中部1台。",
        "type": "地铁站无障碍设施",
        "_source": "sz_metro",
        "_osm_type": "node"
      },
      "geometry": {
        "type": "Point",
        "coordinates": [
          114.2593103,
          22.5934152
        ]
      }
    },
    {
      "type": "Feature",
      "properties": {
        "name": "盐田墟站 - 无障碍设施",
        "station": "盐田墟站",
        "line": "8号线",
        "facility": "1.盲道：车站公共区域。\n2.无障碍电梯：A出入口站厅到站外1部。C出入口站厅到站外1部。\n3.无障碍电梯：站厅到站台1部在站厅付费区内中部。\n4.宽闸机：站厅中部。",
        "type": "地铁站无障碍设施",
        "_source": "sz_metro",
        "_osm_type": "node"
      },
      "geometry": {
        "type": "Point",
        "coordinates": [
          114.2709224,
          22.5902298
        ]
      }
    },
    {
      "type": "Feature",
      "properties": {
        "name": "大梅沙站 - 无障碍设施",
        "station": "大梅沙站",
        "line": "8号线",
        "facility": "1.盲道：车站公共区域。\n2.无障碍电梯：A出入口站厅到站外1部。\n3.无障碍电梯：B出入口站厅到站外1部。\n4.无障碍电梯：C出入口站厅到站外1部。\n5.无障碍电梯：站厅到站台2部在站厅付费区内中部。\n6.宽闸机：站厅中部2台。\n7.宽闸机：站厅A端1台。\n8.宽闸机：站厅B端1台。",
        "type": "地铁站无障碍设施",
        "_source": "sz_metro",
        "_osm_type": "node"
      },
      "geometry": {
        "type": "Point",
        "coordinates": [
          114.3030268,
          22.5969907
        ]
      }
    },
    {
      "type": "Feature",
      "properties": {
        "name": "小梅沙站 - 无障碍设施",
        "station": "小梅沙站",
        "line": "8号线",
        "facility": "1.盲道：车站公共区域。\n2.无障碍电梯：A出入口站厅到站外1部。C出入口站厅到站外1部。\n3.无障碍电梯：站厅到站台1部在站厅付费区内中部。\n4.宽闸机：站厅中部。",
        "type": "地铁站无障碍设施",
        "_source": "sz_metro",
        "_osm_type": "node"
      },
      "geometry": {
        "type": "Point",
        "coordinates": [
          114.3210895,
          22.6044816
        ]
      }
    },
    {
      "type": "Feature",
      "properties": {
        "name": "溪涌站 - 无障碍设施",
        "station": "溪涌站",
        "line": "8号线",
        "facility": "1.盲道：车站公共区域。\n2.无障碍电梯：B出入口站厅到站外1部。C出入口站厅到站外1部。\n3.无障碍电梯：站厅付费区内靠近C出入口有1部站厅到站台的电梯。\n4.宽闸机：站厅中部3台。\n5.宽闸机：靠近站厅C出入口端1台。\n6.宽闸机：靠近站厅D出入口端1台。",
        "type": "地铁站无障碍设施",
        "_source": "sz_metro",
        "_osm_type": "node"
      },
      "geometry": {
        "type": "Point",
        "coordinates": [
          114.354987,
          22.6146852
        ]
      }
    },
    {
      "type": "Feature",
      "properties": {
        "name": "福保站 - 无障碍设施",
        "station": "福保站",
        "line": "3号线",
        "facility": "1.盲道：车站公共区域。\n2.无障碍电梯：站厅到站外：B出入口1部，E4出入口1部；站厅到站台：站厅中部付费区1部。\n3.第三卫生间：站厅（B出入口通道)。\n4.宽闸机：站厅客服中心旁。",
        "type": "地铁站无障碍设施",
        "_source": "sz_metro",
        "_osm_type": "node"
      },
      "geometry": {
        "type": "Point",
        "coordinates": [
          114.051075,
          22.5107821
        ]
      }
    },
    {
      "type": "Feature",
      "properties": {
        "name": "益田站 - 无障碍设施",
        "station": "益田站",
        "line": "3号线",
        "facility": "1.盲道：车站公共区域。\n2.无障碍电梯：站厅到站外：A出入口1部，B出入口1部；站厅到站台：站厅中部付费区1部。\n3.无障碍卫生间：站厅（C出入口通道内）。\n4.宽闸机：站厅客服中心旁。",
        "type": "地铁站无障碍设施",
        "_source": "sz_metro",
        "_osm_type": "node"
      },
      "geometry": {
        "type": "Point",
        "coordinates": [
          114.0458971,
          22.5188095
        ]
      }
    },
    {
      "type": "Feature",
      "properties": {
        "name": "石厦站 - 无障碍设施",
        "station": "石厦站",
        "line": "3号线",
        "facility": "1.盲道：车站公共区域。\n2.无障碍电梯：站厅到站外：7号线G出入口一部，3号线C出入口一部。站厅到站台：3号线站厅中部付费区1部，7号线站厅中部付费区1部。\n3.无障碍卫生间：3号线站厅（近A出入口），7号线站厅（G出入口通道内）\n4.宽闸机：3号线、7号线客服中心旁。",
        "type": "地铁站无障碍设施",
        "_source": "sz_metro",
        "_osm_type": "node"
      },
      "geometry": {
        "type": "Point",
        "coordinates": [
          114.0485191,
          22.5257882
        ]
      }
    },
    {
      "type": "Feature",
      "properties": {
        "name": "购物公园站 - 无障碍设施",
        "station": "购物公园站",
        "line": "3号线",
        "facility": "1.盲道：车站公共区域。\n2.无障碍电梯：站厅到站外：E出入口1部；站厅到站台：站厅中部付费区1号线1部，站厅中部付费区3号线1部。\n3.无障碍卫生间：3号线站厅（近H出入口处）。\n4.宽闸机：1号线站厅中部，3号线站厅中部。",
        "type": "地铁站无障碍设施",
        "_source": "sz_metro",
        "_osm_type": "node"
      },
      "geometry": {
        "type": "Point",
        "coordinates": [
          114.0479575,
          22.5365689
        ]
      }
    },
    {
      "type": "Feature",
      "properties": {
        "name": "福田站 - 无障碍设施",
        "station": "福田站",
        "line": "3号线",
        "facility": "1.盲道：车站公共区域。\n2.无障碍电梯：站厅到站外：2A出入口1部，3出入口1部，4出入口1部，15出入口1部，30B出入口1部，31出入口1部；\n站厅到站台：11号线站厅中部付费区内2部，2号线站厅中部付费区内1部，3号线站厅小付费区内2部。\n3.无障碍卫生间：站厅（1出入口通道处），31出入口无障碍电梯处，高铁通道旁，4b出入口往高铁通道近高铁。\n4.宽闸机：3号线客服中心一旁，3号线客服中心二旁，站厅近1出入口付费区，站厅近32出入口旁。",
        "type": "地铁站无障碍设施",
        "_source": "sz_metro",
        "_osm_type": "node"
      },
      "geometry": {
        "type": "Point",
        "coordinates": [
          114.0482367,
          22.5427538
        ]
      }
    },
    {
      "type": "Feature",
      "properties": {
        "name": "莲花村站 - 无障碍设施",
        "station": "莲花村站",
        "line": "3号线",
        "facility": "1.盲道：车站公共区域。\n2.无障碍电梯：站厅到站外：3号线A1出入口1部，10号线C2出入口1部，10号线E出入口1部；站厅到站台：3号线站厅中部付费区1部，10号线站厅中部付费区1部。\n3.无障碍卫生间：3号线站厅（A1出入口通道内）、10号线站厅（E出入口通道旁）、10号线站台（双拥街方向头端）。\n4.宽闸机：3号线客服中心旁、10号线站厅中部客服中心旁。",
        "type": "地铁站无障碍设施",
        "_source": "sz_metro",
        "_osm_type": "node"
      },
      "geometry": {
        "type": "Point",
        "coordinates": [
          114.0626684,
          22.5513659
        ]
      }
    },
    {
      "type": "Feature",
      "properties": {
        "name": "通新岭站 - 无障碍设施",
        "station": "通新岭站",
        "line": "3号线",
        "facility": "1.盲道：车站公共区域。\n2.无障碍电梯：站厅到站外：6号线A2出入口1部，6号线E2出入口1部，3号线C出入口1部；站厅到站台：6号线站厅中部付费区1部，3号线站厅中部付费区1部。\n3.无障碍卫生间：6号线站台（往松岗方向头端）、3号线站厅（C出入口通道内）。\n4.宽闸机：3号线、6号线客服中心旁。",
        "type": "地铁站无障碍设施",
        "_source": "sz_metro",
        "_osm_type": "node"
      },
      "geometry": {
        "type": "Point",
        "coordinates": [
          114.0910124,
          22.5517181
        ]
      }
    },
    {
      "type": "Feature",
      "properties": {
        "name": "红岭站 - 无障碍设施",
        "station": "红岭站",
        "line": "3号线",
        "facility": "1.盲道：车站公共区域。\n2.无障碍电梯：站厅到站外：B出入口1部；站厅到站台：站厅中部付费区1部。\n3.无障碍卫生间：站厅B出入口通道内。\n4.宽闸机：9号线站厅中部客服中心旁、C1口客服中心旁。",
        "type": "地铁站无障碍设施",
        "_source": "sz_metro",
        "_osm_type": "node"
      },
      "geometry": {
        "type": "Point",
        "coordinates": [
          114.0991765,
          22.5517084
        ]
      }
    },
    {
      "type": "Feature",
      "properties": {
        "name": "老街站 - 无障碍设施",
        "station": "老街站",
        "line": "3号线",
        "facility": "1.盲道：车站公共区域。\n2.无障碍电梯：站厅到站外：E出入口1部；站厅到站台：站厅中部付费区1部。\n3.宽闸机：客服中心旁。",
        "type": "地铁站无障碍设施",
        "_source": "sz_metro",
        "_osm_type": "node"
      },
      "geometry": {
        "type": "Point",
        "coordinates": [
          114.1108594,
          22.5472942
        ]
      }
    },
    {
      "type": "Feature",
      "properties": {
        "name": "晒布站 - 无障碍设施",
        "station": "晒布站",
        "line": "3号线",
        "facility": "1.盲道：车站公共区域。\n2.无障碍电梯：站厅到站外：B出入口1部；站厅到站台：站厅付费区内中部1部。\n3.无障碍卫生间：站厅(C出入口通道内)。\n4.宽闸机：客服中心旁。",
        "type": "地铁站无障碍设施",
        "_source": "sz_metro",
        "_osm_type": "node"
      },
      "geometry": {
        "type": "Point",
        "coordinates": [
          114.1176854,
          22.5521161
        ]
      }
    },
    {
      "type": "Feature",
      "properties": {
        "name": "翠竹站 - 无障碍设施",
        "station": "翠竹站",
        "line": "3号线",
        "facility": "1.盲道：车站公共区域。\n2.无障碍电梯：站厅到站外：D出入口1部，站厅到站台：站厅中部付费区1部。\n3.无障碍卫生间：站厅B2出入口通道。\n5.宽闸机：客服中心旁。",
        "type": "地铁站无障碍设施",
        "_source": "sz_metro",
        "_osm_type": "node"
      },
      "geometry": {
        "type": "Point",
        "coordinates": [
          114.1247615,
          22.5589208
        ]
      }
    },
    {
      "type": "Feature",
      "properties": {
        "name": "水贝站 - 无障碍设施",
        "station": "水贝站",
        "line": "3号线",
        "facility": "1.盲道：车站公共区域。\n2.无障碍电梯：站厅到站外： B出入口站厅到站外无障碍电梯1部。站厅到站台：站厅中部付费区无障碍电梯1部。\n3.无障碍卫生间：A出入口通道。\n4.宽闸机：站厅中部。",
        "type": "地铁站无障碍设施",
        "_source": "sz_metro",
        "_osm_type": "node"
      },
      "geometry": {
        "type": "Point",
        "coordinates": [
          114.1196698,
          22.5768941
        ]
      }
    },
    {
      "type": "Feature",
      "properties": {
        "name": "草埔站 - 无障碍设施",
        "station": "草埔站",
        "line": "3号线",
        "facility": "1.盲道：车站公共区域。\n2.无障碍电梯：站厅到站外：  B出入口站厅到站外无障碍电梯1部，D2出入口站厅到站外无障碍电梯1部，D3出入口站厅到站外无障碍电梯1部。站厅到站台：站厅中部付费区无障碍电梯1部。\n3. 宽闸机：站厅中部。",
        "type": "地铁站无障碍设施",
        "_source": "sz_metro",
        "_osm_type": "node"
      },
      "geometry": {
        "type": "Point",
        "coordinates": [
          114.1113561,
          22.5870347
        ]
      }
    },
    {
      "type": "Feature",
      "properties": {
        "name": "布吉站 - 无障碍设施",
        "station": "布吉站",
        "line": "3号线",
        "facility": "1.盲道：车站公共区域。\n2.无障碍电梯：站厅到站外：C出入口站厅到C口平台付费区无障碍电梯2部 ，14号线E1出入口站厅到E1口站厅到站外无障碍电梯1部，14号线东广场东01号，东02号到东广场公交站、深圳东火车站，5号线东广场东03号，东04号到布吉街、深圳东火车站（5号线）。\n站厅到站厅：14号线站厅至5号线站厅无障碍电梯2部。14号线C口平台至3号线站厅无障碍电梯1部，14号线、3号线站厅到5号线站厅无障碍电梯1部（3号线）；\n站厅到站台：3号线站厅到站台无障碍电梯1部，3号线、5号线站厅到站台无障碍电梯1部，5号线、14号线站厅到站台无障碍电梯2部在站厅付费区内中部（14号线）。\n3.第三卫生间：D出入口旁。（14号线），14号线站台往沙田方向头端（14号线）。\n4.宽闸机：14号线站厅中部（14号线），C口平台客服中心旁（14号线），3号线站厅客服中心旁（3号线），3号线站厅B出口（3号线）。",
        "type": "地铁站无障碍设施",
        "_source": "sz_metro",
        "_osm_type": "node"
      },
      "geometry": {
        "type": "Point",
        "coordinates": [
          114.1165075,
          22.6044178
        ]
      }
    },
    {
      "type": "Feature",
      "properties": {
        "name": "木棉湾站 - 无障碍设施",
        "station": "木棉湾站",
        "line": "3号线",
        "facility": "1.盲道：车站公共区域。\n2.无障碍电梯：站厅到站台：站厅中部付费区1部；站厅到站外：B2出入口1部，C出入口1部。\n3.宽闸机：客服中心旁。",
        "type": "地铁站无障碍设施",
        "_source": "sz_metro",
        "_osm_type": "node"
      },
      "geometry": {
        "type": "Point",
        "coordinates": [
          114.1252705,
          22.6097289
        ]
      }
    },
    {
      "type": "Feature",
      "properties": {
        "name": "大芬站 - 无障碍设施",
        "station": "大芬站",
        "line": "3号线",
        "facility": "1.盲道：车站公共区域。\n2.无障碍电梯：站厅到站台：站厅中部付费区1部；站厅到站外：A1出入口天桥1部。\n3.宽闸机：客服中心旁。",
        "type": "地铁站无障碍设施",
        "_source": "sz_metro",
        "_osm_type": "node"
      },
      "geometry": {
        "type": "Point",
        "coordinates": [
          114.133358,
          22.6169094
        ]
      }
    },
    {
      "type": "Feature",
      "properties": {
        "name": "丹竹头站 - 无障碍设施",
        "station": "丹竹头站",
        "line": "3号线",
        "facility": "1.盲道：车站公共区域。\n2.无障碍电梯：站厅到站台：站厅中部付费区1部；站厅到站外：C口出入口天桥1部。\n3.宽闸机：客服中心旁。",
        "type": "地铁站无障碍设施",
        "_source": "sz_metro",
        "_osm_type": "node"
      },
      "geometry": {
        "type": "Point",
        "coordinates": [
          114.1430562,
          22.6224991
        ]
      }
    },
    {
      "type": "Feature",
      "properties": {
        "name": "六约站 - 无障碍设施",
        "station": "六约站",
        "line": "3号线",
        "facility": "1.盲道：车站公共区域。\n2.无障碍电梯：站厅到站台：站厅中部付费区1部；站厅到站外：A\\B出入口连廊中部1部，C出入口1部。\n3.宽闸机：客服中心旁。",
        "type": "地铁站无障碍设施",
        "_source": "sz_metro",
        "_osm_type": "node"
      },
      "geometry": {
        "type": "Point",
        "coordinates": [
          114.1757313,
          22.6370828
        ]
      }
    },
    {
      "type": "Feature",
      "properties": {
        "name": "塘坑站 - 无障碍设施",
        "station": "塘坑站",
        "line": "3号线",
        "facility": "1.盲道：车站公共区域。\n2.无障碍电梯：站厅到站台：站厅中部付费区2部。\n3.宽闸机：客服中心旁。",
        "type": "地铁站无障碍设施",
        "_source": "sz_metro",
        "_osm_type": "node"
      },
      "geometry": {
        "type": "Point",
        "coordinates": [
          114.1877011,
          22.6423791
        ]
      }
    },
    {
      "type": "Feature",
      "properties": {
        "name": "横岗站 - 无障碍设施",
        "station": "横岗站",
        "line": "3号线",
        "facility": "1.盲道：车站公共区域。\n2.无障碍电梯：站厅到站台：站厅中部付费区1部；站厅到站外：B出入口1部，C出入口1部。\n3.宽闸机：客服中心旁。",
        "type": "地铁站无障碍设施",
        "_source": "sz_metro",
        "_osm_type": "node"
      },
      "geometry": {
        "type": "Point",
        "coordinates": [
          114.2137498,
          22.626256
        ]
      }
    },
    {
      "type": "Feature",
      "properties": {
        "name": "永湖站 - 无障碍设施",
        "station": "永湖站",
        "line": "3号线",
        "facility": "1.盲道：车站公共区域。\n2.无障碍电梯：站厅到站台：站厅中部付费区无障碍电梯1部；站厅到站外：C出入口无障碍电梯1部。\n3.宽闸机：客服中心旁。",
        "type": "地铁站无障碍设施",
        "_source": "sz_metro",
        "_osm_type": "node"
      },
      "geometry": {
        "type": "Point",
        "coordinates": [
          114.2132222,
          22.6618394
        ]
      }
    },
    {
      "type": "Feature",
      "properties": {
        "name": "荷坳站 - 无障碍设施",
        "station": "荷坳站",
        "line": "3号线",
        "facility": "1.盲道：车站公共区域。\n2.无障碍电梯：站厅到站台：站厅中部付费区1部；\n站厅到站外：B出入口1部，C出入口1部。\n3.宽闸机：客服中心旁。",
        "type": "地铁站无障碍设施",
        "_source": "sz_metro",
        "_osm_type": "node"
      },
      "geometry": {
        "type": "Point",
        "coordinates": [
          114.2194854,
          22.6759094
        ]
      }
    },
    {
      "type": "Feature",
      "properties": {
        "name": "大运站 - 无障碍设施",
        "station": "大运站",
        "line": "3号线",
        "facility": "1.盲道：车站公共区域。\n2.无障碍电梯：站厅到站外：2、3、5、10A、11、13号出入口各一部，14号出入口2部；站厅到站台：3号线站厅付费区中部2部，14/16站厅付费区中部2部；换乘通道：14/16站厅到3号线站厅4部。\n3.第三卫生间：11/12出入口通道；往14号线往岗厦北/16园山西坑站台尾端；往14号线沙田/16号田心站台尾端。\n4.宽闸机：3号线站厅智能客服中心旁；14/16号线站厅智能客服中心1旁；14/16号线站厅智能客服中心2。",
        "type": "地铁站无障碍设施",
        "_source": "sz_metro",
        "_osm_type": "node"
      },
      "geometry": {
        "type": "Point",
        "coordinates": [
          114.222823,
          22.6886005
        ]
      }
    },
    {
      "type": "Feature",
      "properties": {
        "name": "爱联站 - 无障碍设施",
        "station": "爱联站",
        "line": "3号线",
        "facility": "1.盲道：车站公共区域。\n2.无障碍电梯：站厅到站台：站厅中部付费区1部；\n站厅到站外：B出入口1部，C出入口1部。                                                     3.宽闸机：客服中心旁。",
        "type": "地铁站无障碍设施",
        "_source": "sz_metro",
        "_osm_type": "node"
      },
      "geometry": {
        "type": "Point",
        "coordinates": [
          114.229612,
          22.7003234
        ]
      }
    },
    {
      "type": "Feature",
      "properties": {
        "name": "吉祥站 - 无障碍设施",
        "station": "吉祥站",
        "line": "3号线",
        "facility": "1.盲道：车站公共区域。\n2.无障碍电梯：站厅到站外：B、C口各1部； 站厅到站台：站厅付费区内中部1部。\n3.宽闸机：客服中心旁。",
        "type": "地铁站无障碍设施",
        "_source": "sz_metro",
        "_osm_type": "node"
      },
      "geometry": {
        "type": "Point",
        "coordinates": [
          114.2395268,
          22.7123307
        ]
      }
    },
    {
      "type": "Feature",
      "properties": {
        "name": "龙城广场站 - 无障碍设施",
        "station": "龙城广场站",
        "line": "3号线",
        "facility": "1.盲道：车站公共区域。\n2.无障碍电梯：站厅到站外：B出入口1部，C出入口1部；站厅到站台：站厅中部付费区1部。\n3.宽闸机：客服中心旁。",
        "type": "地铁站无障碍设施",
        "_source": "sz_metro",
        "_osm_type": "node"
      },
      "geometry": {
        "type": "Point",
        "coordinates": [
          114.2498,
          22.7197393
        ]
      }
    },
    {
      "type": "Feature",
      "properties": {
        "name": "南联站 - 无障碍设施",
        "station": "南联站",
        "line": "3号线",
        "facility": "1.盲道：车站公共区域。\n2.无障碍电梯：站厅到站外：A、C口各1部；站厅到站台：站厅付费区内中部1部。\n3.宽闸机：客服中心旁。",
        "type": "地铁站无障碍设施",
        "_source": "sz_metro",
        "_osm_type": "node"
      },
      "geometry": {
        "type": "Point",
        "coordinates": [
          114.2607467,
          22.7248176
        ]
      }
    },
    {
      "type": "Feature",
      "properties": {
        "name": "双龙站 - 无障碍设施",
        "station": "双龙站",
        "line": "3号线",
        "facility": "1.盲道：车站公共区域。\n2.无障碍电梯：站厅到站外：C出入口1部，B出入口外1部；站厅到站台：3号线站厅付费区内中部1部，16号线站厅付费区中部1部；换乘通道：16号线站厅一层到3号线站厅二层1部。\n3.第三卫生间：16号线站台（往园山西坑方向尾端）。\n4.宽闸机：3号线站厅客服中心旁，16号线站厅客服中心旁，16号线站厅近F出入口，16号线站厅近G2出入口，16号线站厅近H出入口。",
        "type": "地铁站无障碍设施",
        "_source": "sz_metro",
        "_osm_type": "node"
      },
      "geometry": {
        "type": "Point",
        "coordinates": [
          114.2723894,
          22.7321167
        ]
      }
    },
    {
      "type": "Feature",
      "properties": {
        "name": "梨园站 - 无障碍设施",
        "station": "梨园站",
        "line": "3号线",
        "facility": "1.盲道：车站公共区域。\n2.无障碍电梯：站厅到站外：B出入口1部，C出入口1部；站厅到站台：站厅中部付费区1部。\n3.第三卫生间：站厅B/C口出入口之间。\n4.宽闸机：站厅近B口，站厅近D口，站厅中部。",
        "type": "地铁站无障碍设施",
        "_source": "sz_metro",
        "_osm_type": "node"
      },
      "geometry": {
        "type": "Point",
        "coordinates": [
          114.2769189,
          22.7373526
        ]
      }
    },
    {
      "type": "Feature",
      "properties": {
        "name": "新生站 - 无障碍设施",
        "station": "新生站",
        "line": "3号线",
        "facility": "1.盲道：车站公共区域。\n2.无障碍电梯：站厅到站外 ：A出入口1部、E出入口1部、站厅到站台：站厅到福保站台1部、站厅到坪地六联站台1部。\n3.第三卫生间：站厅近C出入口、福保方向尾端、坪地六联方向头端\n4.宽闸机：站厅近A口、站厅近B口、站厅近D口、站厅中部",
        "type": "地铁站无障碍设施",
        "_source": "sz_metro",
        "_osm_type": "node"
      },
      "geometry": {
        "type": "Point",
        "coordinates": [
          114.2781868,
          22.7508486
        ]
      }
    },
    {
      "type": "Feature",
      "properties": {
        "name": "坪西站 - 无障碍设施",
        "station": "坪西站",
        "line": "3号线",
        "facility": "1.盲道：车站公共区域。\n2.无障碍电梯：站厅到站外：B出入口1部，D出入口1部；站厅到站台：站厅中部付费区1部。\n3.第三卫生间：站厅D出入口通道内。\n4.宽闸机：站厅中部，站厅近C口，站厅近D口。",
        "type": "地铁站无障碍设施",
        "_source": "sz_metro",
        "_osm_type": "node"
      },
      "geometry": {
        "type": "Point",
        "coordinates": [
          114.2772728,
          22.7659289
        ]
      }
    },
    {
      "type": "Feature",
      "properties": {
        "name": "低碳城站 - 无障碍设施",
        "station": "低碳城站",
        "line": "3号线",
        "facility": "1.盲道：车站公共区域。\n2.无障碍电梯：站厅到站外：B出入口1部，D出入口1部；站厅到站台：站厅中部付费区1部。\n3.第三卫生间：站厅B出入口通道内。\n4.宽闸机：站厅中部，站厅近C口，站厅近D口。",
        "type": "地铁站无障碍设施",
        "_source": "sz_metro",
        "_osm_type": "node"
      },
      "geometry": {
        "type": "Point",
        "coordinates": [
          114.2848736,
          22.7739622
        ]
      }
    },
    {
      "type": "Feature",
      "properties": {
        "name": "白石塘站 - 无障碍设施",
        "station": "白石塘站",
        "line": "3号线",
        "facility": "1.盲道：车站公共区域。\n2.无障碍电梯：站厅到站外：B出入口1部；站厅到站台：站厅中部付费区内1部。\n3.第三卫生间：站厅D出入口通道内。\n4.宽闸机：站厅中部，站厅近A口，站厅近B口。",
        "type": "地铁站无障碍设施",
        "_source": "sz_metro",
        "_osm_type": "node"
      },
      "geometry": {
        "type": "Point",
        "coordinates": [
          114.2978188,
          22.7779096
        ]
      }
    },
    {
      "type": "Feature",
      "properties": {
        "name": "富坪站 - 无障碍设施",
        "station": "富坪站",
        "line": "3号线",
        "facility": "1.盲道：车站公共区域。\n2.无障碍电梯：站厅到站外：B出入口1部，D出入口1部；站厅到站台：站厅中部付费区1部。\n3.第三卫生间：站厅D出入口通道内。\n4.宽闸机：站厅中部，站厅近A口，站厅近B口。",
        "type": "地铁站无障碍设施",
        "_source": "sz_metro",
        "_osm_type": "node"
      },
      "geometry": {
        "type": "Point",
        "coordinates": [
          114.30587,
          22.7828303
        ]
      }
    },
    {
      "type": "Feature",
      "properties": {
        "name": "坪地六联站 - 无障碍设施",
        "station": "坪地六联站",
        "line": "3号线",
        "facility": "1.盲道：车站公共区域。\n2.无障碍电梯：站厅到站外：B出入口1部，D出入口1部；站厅到站台：站厅中部付费区2部。\n3.第三卫生间：站厅D出入口通道内。\n4.宽闸机：站厅近A口，站厅近B口。",
        "type": "地铁站无障碍设施",
        "_source": "sz_metro",
        "_osm_type": "node"
      },
      "geometry": {
        "type": "Point",
        "coordinates": [
          114.3171939,
          22.7896962
        ]
      }
    },
    {
      "type": "Feature",
      "properties": {
        "name": "赤湾站 - 无障碍设施",
        "station": "赤湾站",
        "line": "5号线",
        "facility": "1.盲道：车站公共区域。\n2.无障碍电梯：B出入口站厅到站外1部；C出入口站厅到站外1部；\n2号线站厅到站台1部；2号线站厅付费区内中部；5号线站厅到站台1部；5号线站厅付费区内中部。\n3.无障碍卫生间：E出入口通道；C出入口通道。\n4.宽闸机：2号线站厅中部；5号线站厅中部。",
        "type": "地铁站无障碍设施",
        "_source": "sz_metro",
        "_osm_type": "node"
      },
      "geometry": {
        "type": "Point",
        "coordinates": [
          113.8925041,
          22.4822397
        ]
      }
    },
    {
      "type": "Feature",
      "properties": {
        "name": "荔湾站 - 无障碍设施",
        "station": "荔湾站",
        "line": "5号线",
        "facility": "1.盲道：车站公共区域。                                 \n2.无障碍电梯：站厅到站外：C出入口1部；站厅到站台：站厅中部付费区1部。                      \n3.无障碍卫生间：站厅（B出入口通道内） 。            \n4.宽闸机：站厅中部。",
        "type": "地铁站无障碍设施",
        "_source": "sz_metro",
        "_osm_type": "node"
      },
      "geometry": {
        "type": "Point",
        "coordinates": [
          113.8882928,
          22.5011681
        ]
      }
    },
    {
      "type": "Feature",
      "properties": {
        "name": "铁路公园站 - 无障碍设施",
        "station": "铁路公园站",
        "line": "5号线",
        "facility": "1.盲道：车站公共区域。\n2.无障碍电梯：站厅到站外：B出入口1部；站厅到站台：站厅中部付费区1部。\n3.无障碍卫生间：站厅（B出入口通道内）。\n4.宽闸机：站厅中部、站厅A出入口端。",
        "type": "地铁站无障碍设施",
        "_source": "sz_metro",
        "_osm_type": "node"
      },
      "geometry": {
        "type": "Point",
        "coordinates": [
          113.8853899,
          22.5053459
        ]
      }
    },
    {
      "type": "Feature",
      "properties": {
        "name": "妈湾站 - 无障碍设施",
        "station": "妈湾站",
        "line": "5号线",
        "facility": "1.盲道：车站公共区域。\n2.无障碍电梯：站厅到站外：A出入口1部；站厅到站台：站厅中部付费区1部。\n3.无障碍卫生间：站厅（C出入口对面）。\n4.宽闸机：站厅中部。",
        "type": "地铁站无障碍设施",
        "_source": "sz_metro",
        "_osm_type": "node"
      },
      "geometry": {
        "type": "Point",
        "coordinates": [
          113.8809707,
          22.5112033
        ]
      }
    },
    {
      "type": "Feature",
      "properties": {
        "name": "前湾公园站 - 无障碍设施",
        "station": "前湾公园站",
        "line": "5号线",
        "facility": "1.盲道：车站公共区域。            \n2.无障碍电梯：站厅到站外：A出入口1部，C出入口1部；站厅到站台：站厅中部付费区1部。\n3.无障碍卫生间：站厅（C出入口通道内）。                                                                                       \n4.宽闸机：站厅中部。",
        "type": "地铁站无障碍设施",
        "_source": "sz_metro",
        "_osm_type": "node"
      },
      "geometry": {
        "type": "Point",
        "coordinates": [
          113.8853973,
          22.5197971
        ]
      }
    },
    {
      "type": "Feature",
      "properties": {
        "name": "前湾站 - 无障碍设施",
        "station": "前湾站",
        "line": "5号线",
        "facility": "1.盲道：车站公共区域。                  \n2.无障碍电梯：站厅到站外：B出入口1部。站厅到站台：5号线站厅中部付费区1部，9号线站厅中部付费区1部。                              \n3.无障碍卫生间：5号线往赤湾方向头端站台，B出入口出站闸机旁。                                                \n4.宽闸机：5号线站厅中部。\n5.宽闸机：9号线站厅中部。",
        "type": "地铁站无障碍设施",
        "_source": "sz_metro",
        "_osm_type": "node"
      },
      "geometry": {
        "type": "Point",
        "coordinates": [
          113.8906677,
          22.5248447
        ]
      }
    },
    {
      "type": "Feature",
      "properties": {
        "name": "桂湾站 - 无障碍设施",
        "station": "桂湾站",
        "line": "5号线",
        "facility": "1.盲道：车站公共区域。                       \n2.无障碍电梯：站厅到站台：站厅中部付费区1部。\n3.无障碍卫生间：站厅（B出入口通道内）。\n4.宽闸机：站厅中部。",
        "type": "地铁站无障碍设施",
        "_source": "sz_metro",
        "_osm_type": "node"
      },
      "geometry": {
        "type": "Point",
        "coordinates": [
          113.8928669,
          22.5344306
        ]
      }
    },
    {
      "type": "Feature",
      "properties": {
        "name": "前海湾站 - 无障碍设施",
        "station": "前海湾站",
        "line": "5号线",
        "facility": "1.盲道：车站公共区域。\n2.无障碍电梯：站厅到站外：B出入口1部；站厅到站台：1号线站厅中部付费区1部，5号线站厅中部付费区1部，11号线站厅中部付费区1部。\n3.无障碍卫生间：站厅（B出入口通道）。\n4.宽闸机：1号线站厅靠近B出入口；5号线站厅靠近A出入口；11号线站厅。",
        "type": "地铁站无障碍设施",
        "_source": "sz_metro",
        "_osm_type": "node"
      },
      "geometry": {
        "type": "Point",
        "coordinates": [
          113.8927681,
          22.5403059
        ]
      }
    },
    {
      "type": "Feature",
      "properties": {
        "name": "临海站 - 无障碍设施",
        "station": "临海站",
        "line": "5号线",
        "facility": "1.盲道：车站公共区域。\n2.无障碍电梯：B1出入口站厅到站外垂直电梯1部。站厅到站台垂直电梯1部在站厅付费区内中部。\n3.无障碍洗手间：B1出入口通道（未开通）。\n4.宽闸机：站厅中部。",
        "type": "地铁站无障碍设施",
        "_source": "sz_metro",
        "_osm_type": "node"
      },
      "geometry": {
        "type": "Point",
        "coordinates": [
          113.8843099,
          22.5472917
        ]
      }
    },
    {
      "type": "Feature",
      "properties": {
        "name": "宝华站 - 无障碍设施",
        "station": "宝华站",
        "line": "5号线",
        "facility": "1.盲道：车站公共区域。\n2.无障碍电梯：站厅到站外：C出入口1部；站厅到站台：站厅中部付费区1部。\n3.无障碍卫生间：站厅（D出入口通道内）。\n4.宽闸机：站厅中部。",
        "type": "地铁站无障碍设施",
        "_source": "sz_metro",
        "_osm_type": "node"
      },
      "geometry": {
        "type": "Point",
        "coordinates": [
          113.8802114,
          22.5527242
        ]
      }
    },
    {
      "type": "Feature",
      "properties": {
        "name": "宝安中心站 - 无障碍设施",
        "station": "宝安中心站",
        "line": "5号线",
        "facility": "1.盲道：车站公共区域。\n2.无障碍电梯：站厅到站外：B出入口1部；\n站厅到站台：1号线站厅中部1台，5号线站厅黄贝岭方向1台，5号线站厅赤湾方向1台。\n3.无障碍卫生间：站厅（A出入口通道内）。\n4.宽闸机：站厅（近A出入口）；站厅（近C出入口）；站厅（近E出入口）。",
        "type": "地铁站无障碍设施",
        "_source": "sz_metro",
        "_osm_type": "node"
      },
      "geometry": {
        "type": "Point",
        "coordinates": [
          113.8823152,
          22.5576373
        ]
      }
    },
    {
      "type": "Feature",
      "properties": {
        "name": "翻身站 - 无障碍设施",
        "station": "翻身站",
        "line": "5号线",
        "facility": "1.盲道：车站公共区域。\n2.无障碍电梯：站厅到站外：A出入口1部；站厅到站台：站厅中部付费区1部。\n3.无障碍卫生间：站厅（C出入口通道内）。\n4.宽闸机：站厅中部。",
        "type": "地铁站无障碍设施",
        "_source": "sz_metro",
        "_osm_type": "node"
      },
      "geometry": {
        "type": "Point",
        "coordinates": [
          113.8884582,
          22.5629304
        ]
      }
    },
    {
      "type": "Feature",
      "properties": {
        "name": "灵芝站 - 无障碍设施",
        "station": "灵芝站",
        "line": "5号线",
        "facility": "1.盲道：车站公共区域。\n2.无障碍电梯：站厅至站外：A1出入口1部，C1出入口1部，F出入口1部；站厅至站台：5号线站厅中部付费区1部，12号线站厅中部付费区往松岗方向1部，12号线站厅中部付费区往左炮台东方向1部。\n3.无障碍卫生间：站厅（B出入口通道内）。\n4.第三卫生间：12号线站台（往松岗方向头端），12号线站台（往左炮台东方向尾端）。                          \n5.宽闸机：站厅近F出入口，站厅近A1出入口。",
        "type": "地铁站无障碍设施",
        "_source": "sz_metro",
        "_osm_type": "node"
      },
      "geometry": {
        "type": "Point",
        "coordinates": [
          113.8991983,
          22.572046
        ]
      }
    },
    {
      "type": "Feature",
      "properties": {
        "name": "洪浪北站 - 无障碍设施",
        "station": "洪浪北站",
        "line": "5号线",
        "facility": "1.盲道：车站公共区域（A出入口、D出入口至客服中心处无盲道）。\n2.无障碍电梯：C出入口站厅到站外垂直电梯1部。                 站厅到站台：站厅中部付费区1部。   \n3.无障碍卫生间：C出入口。\n4.宽闸机：站厅中部。",
        "type": "地铁站无障碍设施",
        "_source": "sz_metro",
        "_osm_type": "node"
      },
      "geometry": {
        "type": "Point",
        "coordinates": [
          113.9057795,
          22.5777172
        ]
      }
    },
    {
      "type": "Feature",
      "properties": {
        "name": "兴东站 - 无障碍设施",
        "station": "兴东站",
        "line": "5号线",
        "facility": "1.盲道：车站公共区域。\n2.无障碍电梯：站厅到站外：B出入口1部。站厅到站台：站厅中部付费区1部。           　 \n3.无障碍卫生间：站厅（近B出入口）。\n4.宽闸机：站厅中部客服中心旁。",
        "type": "地铁站无障碍设施",
        "_source": "sz_metro",
        "_osm_type": "node"
      },
      "geometry": {
        "type": "Point",
        "coordinates": [
          113.9140174,
          22.5847838
        ]
      }
    },
    {
      "type": "Feature",
      "properties": {
        "name": "留仙洞站 - 无障碍设施",
        "station": "留仙洞站",
        "line": "5号线",
        "facility": "1.盲道：车站公共区域。\n2.无障碍电梯：站厅到站外：C出入口1部；站厅到站台：站厅中部付费区垂直电梯1部。\n3.无障碍卫生间：站厅（C出入口通道内）。\n4.宽闸机：站厅中部。",
        "type": "地铁站无障碍设施",
        "_source": "sz_metro",
        "_osm_type": "node"
      },
      "geometry": {
        "type": "Point",
        "coordinates": [
          113.9390448,
          22.5847809
        ]
      }
    },
    {
      "type": "Feature",
      "properties": {
        "name": "西丽站 - 无障碍设施",
        "station": "西丽站",
        "line": "5号线",
        "facility": "1.盲道：车站公共区域（因设计原因、A出入口、B出入口、C出入口、E出入口至站厅进站处无盲道）。\n2.无障碍电梯：站厅到站外：D出入口1部，F出入口1部；站厅到站台：5号线站厅中部付费区往黄贝岭方向1部，5号线站厅中部付费区往赤湾方向1部；7号线站厅中部付费区往7号线站台、赤湾站台尾部垂直电梯2部。\n3.无障碍卫生间：F出入口通道，7号线站台往太安方向尾端，7号线站台往深大丽湖方向头端。                          \n4.宽闸机：5号线站厅近F出入口，5号线站厅B出入口，7号线站厅中部。",
        "type": "地铁站无障碍设施",
        "_source": "sz_metro",
        "_osm_type": "node"
      },
      "geometry": {
        "type": "Point",
        "coordinates": [
          113.9494105,
          22.5836964
        ]
      }
    },
    {
      "type": "Feature",
      "properties": {
        "name": "大学城站 - 无障碍设施",
        "station": "大学城站",
        "line": "5号线",
        "facility": "1.盲道：车站公共区域。\n2.无障碍电梯：站厅到站外：C出入口1部，站厅付费区中部到黄贝岭站台1部，站厅付费区中部到赤湾站台1部。\n3.无障碍卫生间：C出入口通道内。\n4.宽闸机：站厅中部。",
        "type": "地铁站无障碍设施",
        "_source": "sz_metro",
        "_osm_type": "node"
      },
      "geometry": {
        "type": "Point",
        "coordinates": [
          113.9602375,
          22.5850344
        ]
      }
    },
    {
      "type": "Feature",
      "properties": {
        "name": "塘朗站 - 无障碍设施",
        "station": "塘朗站",
        "line": "5号线",
        "facility": "1.盲道：车站公共区域。\n2.无障碍电梯：站厅到站外：B出入口1部，C出入口1部；站厅到站台：站厅中部1部。\n3.无障碍卫生间：C出入口旁。\n4.宽闸机：站厅中部。",
        "type": "地铁站无障碍设施",
        "_source": "sz_metro",
        "_osm_type": "node"
      },
      "geometry": {
        "type": "Point",
        "coordinates": [
          113.9947336,
          22.5928643
        ]
      }
    },
    {
      "type": "Feature",
      "properties": {
        "name": "长岭陂站 - 无障碍设施",
        "station": "长岭陂站",
        "line": "5号线",
        "facility": "1.盲道：车站公共区域。\n2.无障碍电梯：站厅到站外：A1出入口1部、C出入口1部。站厅到站台：站厅中部付费区2部。\n3.无障碍卫生间：A出入口处。\n4.宽闸机：站厅中部。",
        "type": "地铁站无障碍设施",
        "_source": "sz_metro",
        "_osm_type": "node"
      },
      "geometry": {
        "type": "Point",
        "coordinates": [
          114.0053542,
          22.602214
        ]
      }
    },
    {
      "type": "Feature",
      "properties": {
        "name": "深圳北站 - 无障碍设施",
        "station": "深圳北站",
        "line": "5号线",
        "facility": "1.盲道：车站公共区域。\n2.无障碍电梯：站厅二层到站厅一层：站厅北端付费区1部；站厅一层到站台：站厅一层中部付费区往黄贝岭方向1部，站厅一层中部付费区往赤湾方向1部；站台换乘4/6号线：往黄贝岭方向尾端换乘通道2部，往赤湾方向头端换乘通道2部。\n3.宽闸机：站厅一层南端、站厅二层北端、站厅二层南端。",
        "type": "地铁站无障碍设施",
        "_source": "sz_metro",
        "_osm_type": "node"
      },
      "geometry": {
        "type": "Point",
        "coordinates": [
          114.0239469,
          22.6120365
        ]
      }
    },
    {
      "type": "Feature",
      "properties": {
        "name": "民治站 - 无障碍设施",
        "station": "民治站",
        "line": "5号线",
        "facility": "1.盲道：车站公共区域。\n2.无障碍电梯：站厅到站外：B出入口1部；站厅到站台：站厅中部付费区1部。\n3.无障碍卫生间：站厅（B出入口通道内）。\n4.宽闸机：站厅中部。",
        "type": "地铁站无障碍设施",
        "_source": "sz_metro",
        "_osm_type": "node"
      },
      "geometry": {
        "type": "Point",
        "coordinates": [
          114.0360964,
          22.6203757
        ]
      }
    },
    {
      "type": "Feature",
      "properties": {
        "name": "五和站 - 无障碍设施",
        "station": "五和站",
        "line": "5号线",
        "facility": "1.盲道：车站公共区域。\n2.无障碍电梯：站厅到站外：A出入口1部，D1出入口1部，H出入口1部；站厅到站台：5号线站厅中部付费区1部，10号线站厅中部付费区1部。\n3.无障碍卫生间：A出入口通道内。\n4.第三卫生间：10号线站台（往福田口岸头端）。                          \n5.宽闸机：5号线站厅B出入口旁，5号线站厅客服中心旁，10号线站厅客服中心旁。\n6.母婴室：10号线站厅近H出入口。",
        "type": "地铁站无障碍设施",
        "_source": "sz_metro",
        "_osm_type": "node"
      },
      "geometry": {
        "type": "Point",
        "coordinates": [
          114.0556417,
          22.6293923
        ]
      }
    },
    {
      "type": "Feature",
      "properties": {
        "name": "坂田站 - 无障碍设施",
        "station": "坂田站",
        "line": "5号线",
        "facility": "1.盲道：车站公共区域。\n2.无障碍电梯：A出入口站厅到站外垂直电梯1部，站厅到站台垂直电梯2部在站厅付费区内中部。\n3.无障碍卫生间：A出入口通道。\n4.宽闸机：靠近站厅A出入口端。\n5.母婴室：站厅B端S站旁。",
        "type": "地铁站无障碍设施",
        "_source": "sz_metro",
        "_osm_type": "node"
      },
      "geometry": {
        "type": "Point",
        "coordinates": [
          114.0650979,
          22.6299949
        ]
      }
    },
    {
      "type": "Feature",
      "properties": {
        "name": "杨美站 - 无障碍设施",
        "station": "杨美站",
        "line": "5号线",
        "facility": "1.盲道：车站公共区域。            \n2.无障碍电梯：站厅到站外：A出入口1部；站厅到站台：站厅中部付费区1部。             \n3.无障碍卫生间：站厅（近D出入口）。                      \n4.宽闸机：站厅中部。",
        "type": "地铁站无障碍设施",
        "_source": "sz_metro",
        "_osm_type": "node"
      },
      "geometry": {
        "type": "Point",
        "coordinates": [
          114.0751147,
          22.6292497
        ]
      }
    },
    {
      "type": "Feature",
      "properties": {
        "name": "上水径站 - 无障碍设施",
        "station": "上水径站",
        "line": "5号线",
        "facility": "1.盲道：车站公共区域。\n2.无障碍电梯：站厅到站外：C出入口1部；站厅到站台：站厅中部付费区1部。\n3.无障碍卫生间：站厅（近C出入口）。\n4.宽闸机：站厅中部。",
        "type": "地铁站无障碍设施",
        "_source": "sz_metro",
        "_osm_type": "node"
      },
      "geometry": {
        "type": "Point",
        "coordinates": [
          114.1001008,
          22.6247573
        ]
      }
    },
    {
      "type": "Feature",
      "properties": {
        "name": "下水径站 - 无障碍设施",
        "station": "下水径站",
        "line": "5号线",
        "facility": "1.盲道：车站公共区域。\n2.无障碍电梯：站厅到站外：A出入口1部；站厅到站台：站厅中部付费区1部。\n3.第三卫生间：站厅（A出入口通道内）。\n4.宽闸机：站厅中部。",
        "type": "地铁站无障碍设施",
        "_source": "sz_metro",
        "_osm_type": "node"
      },
      "geometry": {
        "type": "Point",
        "coordinates": [
          114.1055805,
          22.6175061
        ]
      }
    },
    {
      "type": "Feature",
      "properties": {
        "name": "长龙站 - 无障碍设施",
        "station": "长龙站",
        "line": "5号线",
        "facility": "1.盲道：车站公共区域（因设计原因、A出入口至站厅中部无盲道）。\n2.无障碍电梯：站厅到站外：B出入口1部；站厅到站台：站厅中部付费区1部。\n3.第三卫生间：A出入口通道。\n4.宽闸机：站厅中部。",
        "type": "地铁站无障碍设施",
        "_source": "sz_metro",
        "_osm_type": "node"
      },
      "geometry": {
        "type": "Point",
        "coordinates": [
          114.1082962,
          22.6110137
        ]
      }
    },
    {
      "type": "Feature",
      "properties": {
        "name": "布吉站 - 无障碍设施",
        "station": "布吉站",
        "line": "5号线",
        "facility": "1.盲道：车站公共区域。\n2.无障碍电梯：站厅到站外：C出入口站厅到C口平台付费区无障碍电梯2部 ，14号线E1出入口站厅到E1口站厅到站外无障碍电梯1部，14号线东广场东01号，东02号到东广场公交站、深圳东火车站，5号线东广场东03号，东04号到布吉街、深圳东火车站（5号线）。\n站厅到站厅：14号线站厅至5号线站厅无障碍电梯2部。14号线C口平台至3号线站厅无障碍电梯1部，14号线、3号线站厅到5号线站厅无障碍电梯1部（3号线）；\n站厅到站台：3号线站厅到站台无障碍电梯1部，3号线、5号线站厅到站台无障碍电梯1部，5号线、14号线站厅到站台无障碍电梯2部在站厅付费区内中部（14号线）。\n3.第三卫生间：D出入口旁。（14号线），14号线站台往沙田方向头端（14号线）。\n4.宽闸机：14号线站厅中部（14号线），C口平台客服中心旁（14号线），3号线站厅客服中心旁（3号线），3号线站厅B出口（3号线）。",
        "type": "地铁站无障碍设施",
        "_source": "sz_metro",
        "_osm_type": "node"
      },
      "geometry": {
        "type": "Point",
        "coordinates": [
          114.1165075,
          22.6044178
        ]
      }
    },
    {
      "type": "Feature",
      "properties": {
        "name": "百鸽笼站 - 无障碍设施",
        "station": "百鸽笼站",
        "line": "5号线",
        "facility": "1.盲道：车站公共区域。\n2.无障碍电梯：站厅到站外：\nD出入口1部。往赤湾方向站厅到站台垂直电梯1部；站厅到站台：站厅中部付费区2部。\n3.第三卫生间：D出入口通道。\n4.宽闸机：站厅中部、站厅A端。",
        "type": "地铁站无障碍设施",
        "_source": "sz_metro",
        "_osm_type": "node"
      },
      "geometry": {
        "type": "Point",
        "coordinates": [
          114.1253278,
          22.5973734
        ]
      }
    },
    {
      "type": "Feature",
      "properties": {
        "name": "布心站 - 无障碍设施",
        "station": "布心站",
        "line": "5号线",
        "facility": "1.盲道：车站公共区域（因开通初期设计原因、A出入口通道至站厅A通道安检处无盲道）。\n2.无障碍电梯：站厅到站外：B出入口1部；站厅到站台：站厅中部付费区1部。\n3.无障碍卫生间：站厅（B出入口通道内）。\n4.宽闸机：客服中心旁。",
        "type": "地铁站无障碍设施",
        "_source": "sz_metro",
        "_osm_type": "node"
      },
      "geometry": {
        "type": "Point",
        "coordinates": [
          114.1329871,
          22.583567
        ]
      }
    },
    {
      "type": "Feature",
      "properties": {
        "name": "太安站 - 无障碍设施",
        "station": "太安站",
        "line": "5号线",
        "facility": "1.盲道：车站公共区域（因设计原因、A出入口、D出入口、E出入口至站厅进站处无盲道）。\n2.无障碍电梯：B出入口站厅到站外垂直电梯1部。\n3.无障碍电梯：站厅到站台垂直电梯1部在站厅付费区内中部。\n4.无障碍卫生间：C出入口通道。\n5.宽闸机：站厅中部。",
        "type": "地铁站无障碍设施",
        "_source": "sz_metro",
        "_osm_type": "node"
      },
      "geometry": {
        "type": "Point",
        "coordinates": [
          114.1322063,
          22.576969
        ]
      }
    },
    {
      "type": "Feature",
      "properties": {
        "name": "怡景站 - 无障碍设施",
        "station": "怡景站",
        "line": "5号线",
        "facility": "1.盲道：车站公共区域（因设计原因、B出入口、D出入口至站厅进站处无盲道）。\n2.无障碍电梯：C出入口站厅到站外垂直电梯1部。\n3.无障碍电梯：站厅到站台垂直电梯1部在站厅付费区内中部。\n4.无障碍卫生间：C出入口通道。\n5.宽闸机：客服中心旁。",
        "type": "地铁站无障碍设施",
        "_source": "sz_metro",
        "_osm_type": "node"
      },
      "geometry": {
        "type": "Point",
        "coordinates": [
          114.134958,
          22.5587011
        ]
      }
    },
    {
      "type": "Feature",
      "properties": {
        "name": "黄贝岭站 - 无障碍设施",
        "station": "黄贝岭站",
        "line": "5号线",
        "facility": "1.盲道：车站公共区域（因设计原因、A出入口、C出入口至站厅进站处无盲道）。\n2.无障碍电梯：B出入口站厅到站外垂直电梯1部，站厅到站台垂直电梯2部在站厅付费区内中部。\n3.无障碍卫生间：B出入口通道。\n4.宽闸机：站厅中部（在免费通道旁，靠近B出口）。",
        "type": "地铁站无障碍设施",
        "_source": "sz_metro",
        "_osm_type": "node"
      },
      "geometry": {
        "type": "Point",
        "coordinates": [
          114.1313834,
          22.5488036
        ]
      }
    },
    {
      "type": "Feature",
      "properties": {
        "name": "湖贝站 - 无障碍设施",
        "station": "湖贝站",
        "line": "5号线",
        "facility": "1.盲道:车站公共区域。            \n2.无障碍电梯：站厅到站外：F出入口1部，G出入口1部；站厅到站台：站厅中部付费区1部（5号线）。\nB出入口站厅到站外垂直电梯1部；站厅到站台垂直电梯1部在站厅付费区内中部。（2号线）。        \n3.无障碍卫生间：站厅G出入口通道（5号线）。                     \n4.宽闸机：站厅中部（5号线）。\n靠近站厅A出入口（2号线）；靠近站厅D出入口（2号线）；靠近站厅B出入口；靠近站厅C出入口（2号线）。",
        "type": "地铁站无障碍设施",
        "_source": "sz_metro",
        "_osm_type": "node"
      },
      "geometry": {
        "type": "Point",
        "coordinates": [
          114.1184141,
          22.5466946
        ]
      }
    },
    {
      "type": "Feature",
      "properties": {
        "name": "东门站 - 无障碍设施",
        "station": "东门站",
        "line": "5号线",
        "facility": "1.盲道：车站公共区域。\n2.无障碍电梯：站厅到站外：L出入口1部；M2出入口1部。站厅到站台：站厅中部付费区1部。\n3.第三卫生间：站厅（M1出入口）。\n4.宽闸机：客服中心旁；近J出入口旁；近K出入口旁；近L出入口旁；近M出入口旁；近N出入口旁。",
        "type": "地铁站无障碍设施",
        "_source": "sz_metro",
        "_osm_type": "node"
      },
      "geometry": {
        "type": "Point",
        "coordinates": [
          114.1118849,
          22.5456006
        ]
      }
    },
    {
      "type": "Feature",
      "properties": {
        "name": "大剧院站 - 无障碍设施",
        "station": "大剧院站",
        "line": "5号线",
        "facility": "1.盲道：车站公共区域。\n2.无障碍电梯：站厅到站外：F出入口1部；G出入口1部；站厅到站台：1号线站厅中部付费区1部，2号线站厅中部付费区1部。5号线站厅中部付费区2部。\n3.无障碍卫生间：2号线站厅（近F出入口）；5号线站厅（近G出入口）；5号线站台（往赤湾方向中部）。\n4.宽闸机：1号线站厅近D出入口，1号线站厅中部，2号线站厅中部，5号线客服中心旁，5号线站厅中部。",
        "type": "地铁站无障碍设施",
        "_source": "sz_metro",
        "_osm_type": "node"
      },
      "geometry": {
        "type": "Point",
        "coordinates": [
          114.102858,
          22.5440073
        ]
      }
    },
    {
      "type": "Feature",
      "properties": {
        "name": "科学馆站 - 无障碍设施",
        "station": "科学馆站",
        "line": "6号线",
        "facility": "1.盲道：车站公共区域。\n2.无障碍电梯：\n站厅到站外：1号线A出入口1部，6号线F出入口1部；\n站厅到站台：1号线站厅中部付费区1部，6号线站厅中部付费区1部；\n换乘通道：6号线换乘通道1部。\n3.无障碍卫生间：1号线（A出入口通道），6号线（E出入口通道），6号线站台（往松岗方向尾端）。\n4.宽闸机：1号线、6号线客服中心旁。",
        "type": "地铁站无障碍设施",
        "_source": "sz_metro",
        "_osm_type": "node"
      },
      "geometry": {
        "type": "Point",
        "coordinates": [
          114.0912017,
          22.5421181
        ]
      }
    },
    {
      "type": "Feature",
      "properties": {
        "name": "通新岭站 - 无障碍设施",
        "station": "通新岭站",
        "line": "6号线",
        "facility": "1.盲道：车站公共区域。\n2.无障碍电梯：站厅到站外：6号线A2出入口1部，6号线E2出入口1部，3号线C出入口1部；站厅到站台：6号线站厅中部付费区1部，3号线站厅中部付费区1部。\n3.无障碍卫生间：6号线站台（往松岗方向头端）、3号线站厅（C出入口通道内）。\n4.宽闸机：3号线、6号线客服中心旁。",
        "type": "地铁站无障碍设施",
        "_source": "sz_metro",
        "_osm_type": "node"
      },
      "geometry": {
        "type": "Point",
        "coordinates": [
          114.0910124,
          22.5517181
        ]
      }
    },
    {
      "type": "Feature",
      "properties": {
        "name": "体育中心站 - 无障碍设施",
        "station": "体育中心站",
        "line": "6号线",
        "facility": "1.盲道：车站公共区域。\n2.无障碍电梯：站厅到站外：B出入口一部、A1出口一部；站厅到站台：站厅中部付费区。\n3.无障碍卫生间：B出入口通道旁。\n4.宽闸机：站厅中部。",
        "type": "地铁站无障碍设施",
        "_source": "sz_metro",
        "_osm_type": "node"
      },
      "geometry": {
        "type": "Point",
        "coordinates": [
          114.0906136,
          22.5573278
        ]
      }
    },
    {
      "type": "Feature",
      "properties": {
        "name": "八卦岭站 - 无障碍设施",
        "station": "八卦岭站",
        "line": "6号线",
        "facility": "1.盲道：车站公共区域。 \n2.无障碍电梯：站厅到站外：7号线D出入口1部，6号线E出入口1部，6号线G1出入口1部；站厅到站台：7号线站厅中部付费区1部，6号线站厅中部付费区1部。 \n3.无障碍卫生间：7号线站厅（B出入口旁）、6号线站厅（E出入口通道内）、7号线站台（太安方向头端）、6号线站台（科学馆方向尾端）。\n4.宽闸机：7号线客服中心旁、6号线客服中心旁。",
        "type": "地铁站无障碍设施",
        "_source": "sz_metro",
        "_osm_type": "node"
      },
      "geometry": {
        "type": "Point",
        "coordinates": [
          114.0900008,
          22.5645218
        ]
      }
    },
    {
      "type": "Feature",
      "properties": {
        "name": "银湖站 - 无障碍设施",
        "station": "银湖站",
        "line": "6号线",
        "facility": "1.盲道：车站公共区域。\n2.无障碍电梯：站厅到站外：近B出入口1部；站厅到站台：站厅往文锦方向付费区头端1部。\n3.无障碍卫生间：站厅（近B出入口）；6号线站台（往科学馆方向尾端）。\n4.宽闸机：站厅中部客服中心旁；站厅无障碍电梯前方。",
        "type": "地铁站无障碍设施",
        "_source": "sz_metro",
        "_osm_type": "node"
      },
      "geometry": {
        "type": "Point",
        "coordinates": [
          114.0843467,
          22.5714073
        ]
      }
    },
    {
      "type": "Feature",
      "properties": {
        "name": "翰岭站 - 无障碍设施",
        "station": "翰岭站",
        "line": "6号线",
        "facility": "1.盲道：车站公共区域。\n2.无障碍电梯：站厅到站外：B出入口1部；站厅到站台：站厅中部付费区1部。\n3.第三卫生间：站厅（B出入口通道旁）。\n5.宽闸机：客服中心旁。",
        "type": "地铁站无障碍设施",
        "_source": "sz_metro",
        "_osm_type": "node"
      },
      "geometry": {
        "type": "Point",
        "coordinates": [
          114.0637871,
          22.5769536
        ]
      }
    },
    {
      "type": "Feature",
      "properties": {
        "name": "梅林关站 - 无障碍设施",
        "station": "梅林关站",
        "line": "6号线",
        "facility": "1.盲道：车站公共区域。\n2.无障碍电梯：站厅到站外：B出入口1部；站厅到站台：站厅中部付费区1部。\n3.无障碍卫生间：站厅（A出入口通道内）。\n4.宽闸机：客服中心旁。",
        "type": "地铁站无障碍设施",
        "_source": "sz_metro",
        "_osm_type": "node"
      },
      "geometry": {
        "type": "Point",
        "coordinates": [
          114.0480647,
          22.5972109
        ]
      }
    },
    {
      "type": "Feature",
      "properties": {
        "name": "深圳北站 - 无障碍设施",
        "station": "深圳北站",
        "line": "6号线",
        "facility": "1.盲道：车站公共区域。\n2.无障碍电梯：6号线站台到站厅无障碍电梯二部。\n3.无障碍电梯：站厅到站外：A出入口一部、B出入口一部；站厅换乘5号线站台：往黄贝岭方向一部，往赤湾方向一部（港铁管辖）\n4.宽闸机：站厅中部、站厅C口出入口、站厅D出入口。（港铁管辖）",
        "type": "地铁站无障碍设施",
        "_source": "sz_metro",
        "_osm_type": "node"
      },
      "geometry": {
        "type": "Point",
        "coordinates": [
          114.0239469,
          22.6120365
        ]
      }
    },
    {
      "type": "Feature",
      "properties": {
        "name": "红山站 - 无障碍设施",
        "station": "红山站",
        "line": "6号线",
        "facility": "1、盲道：车站公共区域。\n2、无障碍电梯：站厅到站外：B出入口1部。站厅到站台：站厅中部付费区1部。\n3、无障碍卫生间：6号线站厅付费区中部。\n4、宽闸机：客服中心旁边。",
        "type": "地铁站无障碍设施",
        "_source": "sz_metro",
        "_osm_type": "node"
      },
      "geometry": {
        "type": "Point",
        "coordinates": [
          114.0183337,
          22.6245545
        ]
      }
    },
    {
      "type": "Feature",
      "properties": {
        "name": "上芬站 - 无障碍设施",
        "station": "上芬站",
        "line": "6号线",
        "facility": "1、盲道：车站公共区域。\n2、无障碍电梯：站厅到站外：B出入口1部、C出入口1部；\n3、无障碍电梯：站厅到站台无障碍电梯一部。\n4.无障碍卫生间：D出入口旁。 \n5.宽闸机：站厅中部",
        "type": "地铁站无障碍设施",
        "_source": "sz_metro",
        "_osm_type": "node"
      },
      "geometry": {
        "type": "Point",
        "coordinates": [
          114.0115626,
          22.6432622
        ]
      }
    },
    {
      "type": "Feature",
      "properties": {
        "name": "元芬站 - 无障碍设施",
        "station": "元芬站",
        "line": "6号线",
        "facility": "1、盲道：车站公共区域。\n2、无障碍电梯：站厅到站外：B出入口1部、C出入口1部；\n站厅到站台：站厅中部付费区1部。\n3、无障碍卫生间：D出入口旁。\n4、宽闸机：客服中心旁边",
        "type": "地铁站无障碍设施",
        "_source": "sz_metro",
        "_osm_type": "node"
      },
      "geometry": {
        "type": "Point",
        "coordinates": [
          114.0001724,
          22.6591092
        ]
      }
    },
    {
      "type": "Feature",
      "properties": {
        "name": "阳台山东站 - 无障碍设施",
        "station": "阳台山东站",
        "line": "6号线",
        "facility": "1.盲道：车站公共区域。\n2.无障碍电梯：B出入口站厅到站外无障碍电梯1部。 \n3.无障碍电梯：C1出入口天桥到站外无障碍电梯1部；无障碍电梯：站厅到站台无障碍电梯1部在站厅付费区内中部。 \n4.无障碍卫生间：B出入口。\n5.宽闸机：站厅中部。",
        "type": "地铁站无障碍设施",
        "_source": "sz_metro",
        "_osm_type": "node"
      },
      "geometry": {
        "type": "Point",
        "coordinates": [
          113.9866003,
          22.6707384
        ]
      }
    },
    {
      "type": "Feature",
      "properties": {
        "name": "官田站 - 无障碍设施",
        "station": "官田站",
        "line": "6号线",
        "facility": "1.盲道：车站公共区域\n2.无障碍电梯：B出入口站厅到站外无障碍电梯1部。\n3.无障碍电梯：D出入口站厅到站外无障碍电梯1部。\n4.无障碍电梯：站厅到站台无障碍电梯1部在站厅付费区内中部；无障碍卫生间：D出入口。\n5.宽闸机：站厅中部。",
        "type": "地铁站无障碍设施",
        "_source": "sz_metro",
        "_osm_type": "node"
      },
      "geometry": {
        "type": "Point",
        "coordinates": [
          113.944825,
          22.6862306
        ]
      }
    },
    {
      "type": "Feature",
      "properties": {
        "name": "上屋站 - 无障碍设施",
        "station": "上屋站",
        "line": "6号线",
        "facility": "1.盲道：车站公共区域。\n2.无障碍电梯：B出入口站厅到站外无障碍电梯1部。\n3.无障碍电梯：D出入口站厅到站外无障碍电梯1部。\n4.无障碍电梯：站厅到站台无障碍电梯1部在站厅付费区内中部；无障碍卫生间：D出入口旁。\n5.宽闸机：站厅中部。",
        "type": "地铁站无障碍设施",
        "_source": "sz_metro",
        "_osm_type": "node"
      },
      "geometry": {
        "type": "Point",
        "coordinates": [
          113.9348941,
          22.6915879
        ]
      }
    },
    {
      "type": "Feature",
      "properties": {
        "name": "长圳站 - 无障碍设施",
        "station": "长圳站",
        "line": "6号线",
        "facility": "1.盲道：车站公共区域\n2.无障碍电梯：A出入口站厅到站外无障碍电梯1部。\n3.无障碍电梯：D出入口站厅到站外无障碍电梯1部。\n4.无障碍电梯：上行站台A端到三层换乘通道无障碍电梯1部；无障碍电梯：下行站台A端到三层换乘通道无障碍电梯1部；无障碍卫生间：D出入口旁。\n5.宽闸机：上行站台中部两台、下行站台中部一台、三层换乘通道一台。",
        "type": "地铁站无障碍设施",
        "_source": "sz_metro",
        "_osm_type": "node"
      },
      "geometry": {
        "type": "Point",
        "coordinates": [
          113.9260629,
          22.7293188
        ]
      }
    },
    {
      "type": "Feature",
      "properties": {
        "name": "凤凰城站 - 无障碍设施",
        "station": "凤凰城站",
        "line": "6号线",
        "facility": "1.盲道：车站公共区域\n2.无障碍电梯：A出入口站厅到站外无障碍电梯1部。\n3.无障碍电梯：站厅到站台无障碍电梯1部在站厅付费区内中部。\n4.无障碍卫生间：C出入口旁。\n5.宽闸机：站厅中部。",
        "type": "地铁站无障碍设施",
        "_source": "sz_metro",
        "_osm_type": "node"
      },
      "geometry": {
        "type": "Point",
        "coordinates": [
          113.9280264,
          22.7504601
        ]
      }
    },
    {
      "type": "Feature",
      "properties": {
        "name": "光明大街站 - 无障碍设施",
        "station": "光明大街站",
        "line": "6号线",
        "facility": "1.盲道：车站公共区域。\n2.无障碍电梯：站厅到站台无障碍电梯1部在站厅付费区内中部，C出入口站厅到站外无障碍电梯1部。\n3.无障碍卫生间：A出入口天桥旁。\n4.宽闸机：站厅中部。",
        "type": "地铁站无障碍设施",
        "_source": "sz_metro",
        "_osm_type": "node"
      },
      "geometry": {
        "type": "Point",
        "coordinates": [
          113.9379399,
          22.7650404
        ]
      }
    },
    {
      "type": "Feature",
      "properties": {
        "name": "光明站 - 无障碍设施",
        "station": "光明站",
        "line": "6号线",
        "facility": "1.盲道：车站公共区域。\n2.无障碍电梯：站厅到站外：A出入口1部，D出入口1部。\n站厅到站台：站厅中部付费区到6号线站台1部，站厅中部付费区到6支线站台1部。\n3.第三卫生间：C出入口。\n4.宽闸机：站厅中部。",
        "type": "地铁站无障碍设施",
        "_source": "sz_metro",
        "_osm_type": "node"
      },
      "geometry": {
        "type": "Point",
        "coordinates": [
          113.9403109,
          22.7747902
        ]
      }
    },
    {
      "type": "Feature",
      "properties": {
        "name": "科学公园站 - 无障碍设施",
        "station": "科学公园站",
        "line": "6号线",
        "facility": "1.盲道：车站公共区域。\n2.无障碍电梯：站厅到站外：A出入口1部，D出入口1部；站厅到站台：站厅中部付费区内1部。\n3.第三卫生间：C出入口。\n4.宽闸机：站厅中部。",
        "type": "地铁站无障碍设施",
        "_source": "sz_metro",
        "_osm_type": "node"
      },
      "geometry": {
        "type": "Point",
        "coordinates": [
          113.929244,
          22.7804966
        ]
      }
    },
    {
      "type": "Feature",
      "properties": {
        "name": "楼村站 - 无障碍设施",
        "station": "楼村站",
        "line": "6号线",
        "facility": "1.盲道：车站公共区域。\n2.无障碍电梯：站厅到站外：B出入口1部，D出入口1部。\n站厅到站台：站厅中部付费区1部。\n3.第三卫生间：C出入口。\n4.宽闸机：站厅中部。",
        "type": "地铁站无障碍设施",
        "_source": "sz_metro",
        "_osm_type": "node"
      },
      "geometry": {
        "type": "Point",
        "coordinates": [
          113.9185386,
          22.7789528
        ]
      }
    },
    {
      "type": "Feature",
      "properties": {
        "name": "红花山站 - 无障碍设施",
        "station": "红花山站",
        "line": "6号线",
        "facility": "1、盲道：车站公共区域\n2、无障碍电梯：D出入口站厅到站外无障碍电梯1部、站厅付费区中部有站厅到站台无障碍电梯1部、A2出入口站厅到站外无障碍电梯1部。\n3、无障碍卫生间：D出入口通道\n4、宽闸机：车站站厅中部。",
        "type": "地铁站无障碍设施",
        "_source": "sz_metro",
        "_osm_type": "node"
      },
      "geometry": {
        "type": "Point",
        "coordinates": [
          113.9018787,
          22.7809074
        ]
      }
    },
    {
      "type": "Feature",
      "properties": {
        "name": "公明广场站 - 无障碍设施",
        "station": "公明广场站",
        "line": "6号线",
        "facility": "1.盲道：车站公共区域。\n2.无障碍电梯：站厅到站外：A出入口1部、B出入口1部、C出入口1部、D出入口1部。站台到换乘通道：科学馆方向站台中部付费区1部、松岗方向站台中部付费区1部、D出入口通道旁1部。\n3.无障碍卫生间：近B出入口。\n4.宽闸机：科学馆方向客服中心两侧、松岗方向客服中心两侧。",
        "type": "地铁站无障碍设施",
        "_source": "sz_metro",
        "_osm_type": "node"
      },
      "geometry": {
        "type": "Point",
        "coordinates": [
          113.8861069,
          22.7808982
        ]
      }
    },
    {
      "type": "Feature",
      "properties": {
        "name": "合水口站 - 无障碍设施",
        "station": "合水口站",
        "line": "6号线",
        "facility": "1.盲道：车站公共区域。\n2.无障碍电梯：站厅到站外：A出入口1部、B出入口1部、D出入口1部；站厅到站台：站厅中部付费区1部。\n3.无障碍卫生间：站厅B端。\n4.宽闸机：站厅中部。",
        "type": "地铁站无障碍设施",
        "_source": "sz_metro",
        "_osm_type": "node"
      },
      "geometry": {
        "type": "Point",
        "coordinates": [
          113.8761045,
          22.7846703
        ]
      }
    },
    {
      "type": "Feature",
      "properties": {
        "name": "薯田埔站 - 无障碍设施",
        "station": "薯田埔站",
        "line": "6号线",
        "facility": "1.盲道：车站公共区域。\n2.无障碍电梯：站厅到站外：B出入口1部，C出入口1部；站厅到站台：站厅中部付费区1部。\n3.无障碍卫生间：近C出入口。\n4.宽闸机：站厅中部客服中心两侧。",
        "type": "地铁站无障碍设施",
        "_source": "sz_metro",
        "_osm_type": "node"
      },
      "geometry": {
        "type": "Point",
        "coordinates": [
          113.8630544,
          22.7840518
        ]
      }
    },
    {
      "type": "Feature",
      "properties": {
        "name": "松岗公园站 - 无障碍设施",
        "station": "松岗公园站",
        "line": "6号线",
        "facility": "1.盲道：车站公共区域。\n2.无障碍电梯：站厅到站外：B出入口1部，C出入口1部；站厅到站台：站厅中部付费区1部。\n3.无障碍卫生间：B出入口通道。\n4.宽闸机：站厅中部客服中心两侧。",
        "type": "地铁站无障碍设施",
        "_source": "sz_metro",
        "_osm_type": "node"
      },
      "geometry": {
        "type": "Point",
        "coordinates": [
          113.8446568,
          22.7812914
        ]
      }
    },
    {
      "type": "Feature",
      "properties": {
        "name": "溪头站 - 无障碍设施",
        "station": "溪头站",
        "line": "6号线",
        "facility": "1：盲道：车站公共区域。\n2：无障碍电梯：站厅到站外：D出入口1部；站厅到站台：站厅中部付费区1部。\n3：无障碍卫生间：D出入口通道。\n4：宽闸机：站厅中部客服中心两侧。",
        "type": "地铁站无障碍设施",
        "_source": "sz_metro",
        "_osm_type": "node"
      },
      "geometry": {
        "type": "Point",
        "coordinates": [
          113.831993,
          22.7773794
        ]
      }
    },
    {
      "type": "Feature",
      "properties": {
        "name": "松岗站 - 无障碍设施",
        "station": "松岗站",
        "line": "6号线",
        "facility": "1.盲道：车站公共区域。\n2.无障碍电梯：站厅到站外：6、11号线C出入口1部，6、11号线G出入口1部，12号线H出入口1部，12号线K出入口1部；站厅到站台：站厅中部付费区11号线1部，站厅中部付费区6号线2部，12号线站厅中部付费区3部。\n3.无障碍卫生间：6/11号线站厅（近F出入口），6号线站台（往松岗方向中部），6号线站台（往科学馆方向中部），11号线站台（往碧头方向头端）。\n4.第三卫生间：12号线站厅（J出入口通道内），12号线站台（往左炮台东方向头端）。\n5.宽闸机：6、11号线站厅近E出入口，6、11号线站厅近G出入口，12号线站厅客服中心旁。",
        "type": "地铁站无障碍设施",
        "_source": "sz_metro",
        "_osm_type": "node"
      },
      "geometry": {
        "type": "Point",
        "coordinates": [
          113.8246153,
          22.7751914
        ]
      }
    },
    {
      "type": "Feature",
      "properties": {
        "name": "光明城站 - 无障碍设施",
        "station": "光明城站",
        "line": "6号线支线",
        "facility": "1：盲道：车站公共区域。\n2：无障碍电梯：站厅到站台：站厅中部付费区2部；站厅到站外：B出入口1部，C出入口1部。\n3：第三卫生间：B出入口通道；往-深理工方向站台头端；往光明城方向站台尾端。\n4：宽闸机：站厅近A出入口；客服中心旁；站厅近C出入口",
        "type": "地铁站无障碍设施",
        "_source": "sz_metro",
        "_osm_type": "node"
      },
      "geometry": {
        "type": "Point",
        "coordinates": [
          113.9486957,
          22.7357419
        ]
      }
    },
    {
      "type": "Feature",
      "properties": {
        "name": "虹桥公园站 - 无障碍设施",
        "station": "虹桥公园站",
        "line": "6号线支线",
        "facility": "1：盲道：车站公共区域。\n2：无障碍电梯：站厅到站外：D出入口1部，B出入口1部；站厅到站台：站厅中部付费区1部。              \n3：第三卫生间：站厅（B出入口通道内）。\n4：宽闸机：站厅近C出入口，站厅近D出入口，站厅中部。",
        "type": "地铁站无障碍设施",
        "_source": "sz_metro",
        "_osm_type": "node"
      },
      "geometry": {
        "type": "Point",
        "coordinates": [
          113.9453143,
          22.7531692
        ]
      }
    },
    {
      "type": "Feature",
      "properties": {
        "name": "碧眼站 - 无障碍设施",
        "station": "碧眼站",
        "line": "6号线支线",
        "facility": "1：盲道：车站公共区域。\n2：无障碍电梯：站厅到站外：D出入口1部，B出入口1部；站厅到站台：站厅中部付费区1部。              \n3：第三卫生间：站厅（C出入口通道）。\n4：宽闸机：站厅近C出入口，站厅近D出入口，站厅中部。",
        "type": "地铁站无障碍设施",
        "_source": "sz_metro",
        "_osm_type": "node"
      },
      "geometry": {
        "type": "Point",
        "coordinates": [
          113.9462443,
          22.7616886
        ]
      }
    },
    {
      "type": "Feature",
      "properties": {
        "name": "光明站 - 无障碍设施",
        "station": "光明站",
        "line": "6号线支线",
        "facility": "1.盲道：车站公共区域。\n2.无障碍电梯：站厅到站外：A出入口1部，D出入口1部。\n站厅到站台：站厅中部付费区到6号线站台1部，站厅中部付费区到6支线站台1部。\n3.第三卫生间：C出入口。\n4.宽闸机：站厅中部。",
        "type": "地铁站无障碍设施",
        "_source": "sz_metro",
        "_osm_type": "node"
      },
      "geometry": {
        "type": "Point",
        "coordinates": [
          113.9403109,
          22.7747902
        ]
      }
    },
    {
      "type": "Feature",
      "properties": {
        "name": "圳美站 - 无障碍设施",
        "station": "圳美站",
        "line": "6号线支线",
        "facility": "1.盲道：车站公共区域。\n2.无障碍电梯：\n站厅到站外：A1出入口1部，D出入口1部；\n站厅到站台：站厅中部付费区1部。\n3.第三卫生间：站厅（D出入口通道旁）。\n4.宽闸机：站厅中部客服中心旁。",
        "type": "地铁站无障碍设施",
        "_source": "sz_metro",
        "_osm_type": "node"
      },
      "geometry": {
        "type": "Point",
        "coordinates": [
          113.9443152,
          22.7911953
        ]
      }
    },
    {
      "type": "Feature",
      "properties": {
        "name": "中大站 - 无障碍设施",
        "station": "中大站",
        "line": "6号线支线",
        "facility": "1.盲道：车站公共区域。\n2.无障碍电梯：站厅到站外：B出入口无障碍电梯1部，出入口夹层到站外：C出入口夹层到站外无障碍电梯1部，站厅到出入口夹层：站厅到C出入口夹层无障碍电梯1部，站厅到站台：站厅中部付费区1部。\n3.第三卫生间：站厅（A出入口通道旁）。 \n4.宽闸机：站厅中部客服中心旁。",
        "type": "地铁站无障碍设施",
        "_source": "sz_metro",
        "_osm_type": "node"
      },
      "geometry": {
        "type": "Point",
        "coordinates": [
          113.9484996,
          22.7993363
        ]
      }
    },
    {
      "type": "Feature",
      "properties": {
        "name": "深理工站 - 无障碍设施",
        "station": "深理工站",
        "line": "6号线支线",
        "facility": "1.盲道：车站公共区域。                       \n2.无障碍电梯：站厅到站外：A2出入口1部，C1出入口1部；站厅到站台：站厅中部付费区1部。\n3.第三卫生间：站厅（A出入口通道旁）。     \n4.宽闸机：站厅中部客服中心旁。",
        "type": "地铁站无障碍设施",
        "_source": "sz_metro",
        "_osm_type": "node"
      },
      "geometry": {
        "type": "Point",
        "coordinates": [
          113.9643658,
          22.8097415
        ]
      }
    },
    {
      "type": "Feature",
      "properties": {
        "name": "深大丽湖站 - 无障碍设施",
        "station": "深大丽湖站",
        "line": "7号线",
        "facility": "1.盲道：车站公共区域。\n2.无障碍电梯：站厅到站外：A出入口1部， D出入口1部；站厅到站台：在站厅付费区内中部1部。 \n3.第三卫生间：C出入口通道旁。\n4.母婴室：C出入口通道旁。\n5.宽闸机：站厅靠近C、D口进站闸机，靠近A口出站闸机；",
        "type": "地铁站无障碍设施",
        "_source": "sz_metro",
        "_osm_type": "node"
      },
      "geometry": {
        "type": "Point",
        "coordinates": [
          113.9834192,
          22.595842
        ]
      }
    },
    {
      "type": "Feature",
      "properties": {
        "name": "北大站 - 无障碍设施",
        "station": "北大站",
        "line": "7号线",
        "facility": "1.盲道：车站公共区域。\n2.无障碍电梯：站厅到站外：C出入口1部；站厅到站台：在站厅付费区内中部1部。\n3.第三卫生间：D出入口通道旁。\n4.宽闸机：站厅：靠近D口双向闸机，靠近A1/A2口、C口出站闸机。",
        "type": "地铁站无障碍设施",
        "_source": "sz_metro",
        "_osm_type": "node"
      },
      "geometry": {
        "type": "Point",
        "coordinates": [
          113.9735271,
          22.5968908
        ]
      }
    },
    {
      "type": "Feature",
      "properties": {
        "name": "西丽湖站 - 无障碍设施",
        "station": "西丽湖站",
        "line": "7号线",
        "facility": "1.盲道：车站公共区域。\n2.无障碍电梯：站厅到站外：D出入口电梯1部；站厅到站台：在站厅付费区内中部1部。\n3.无障碍卫生间：D出入口通道无障碍电梯旁。\n4.宽闸机：站厅免费专用通道旁一台。",
        "type": "地铁站无障碍设施",
        "_source": "sz_metro",
        "_osm_type": "node"
      },
      "geometry": {
        "type": "Point",
        "coordinates": [
          113.96054,
          22.5964998
        ]
      }
    },
    {
      "type": "Feature",
      "properties": {
        "name": "西丽站 - 无障碍设施",
        "station": "西丽站",
        "line": "7号线",
        "facility": "1.盲道：车站公共区域（因设计原因、A出入口、B出入口、C出入口、E出入口至站厅进站处无盲道）。\n2.无障碍电梯：站厅到站外：D出入口1部，F出入口1部；站厅到站台：5号线站厅中部付费区往黄贝岭方向1部，5号线站厅中部付费区往赤湾方向1部；7号线站厅中部付费区往7号线站台、赤湾站台尾部垂直电梯2部。\n3.无障碍卫生间：F出入口通道，7号线站台往太安方向尾端，7号线站台往深大丽湖方向头端。                          \n4.宽闸机：5号线站厅近F出入口，5号线站厅B出入口，7号线站厅中部。",
        "type": "地铁站无障碍设施",
        "_source": "sz_metro",
        "_osm_type": "node"
      },
      "geometry": {
        "type": "Point",
        "coordinates": [
          113.9494105,
          22.5836964
        ]
      }
    },
    {
      "type": "Feature",
      "properties": {
        "name": "茶光站 - 无障碍设施",
        "station": "茶光站",
        "line": "7号线",
        "facility": "1.盲道：车站公共区域。\n2.无障碍电梯：站厅到站外：A出入口1部；站厅到站台：站厅付费区内中部1部。\n3.无障碍卫生间：A出口通道旁。\n4.宽闸机：站厅客服中心旁一台。",
        "type": "地铁站无障碍设施",
        "_source": "sz_metro",
        "_osm_type": "node"
      },
      "geometry": {
        "type": "Point",
        "coordinates": [
          113.9494436,
          22.5771019
        ]
      }
    },
    {
      "type": "Feature",
      "properties": {
        "name": "珠光站 - 无障碍设施",
        "station": "珠光站",
        "line": "7号线",
        "facility": "1.盲道：车站公共区域。\n2.无障碍电梯：站厅到站外：D出入口1部。站厅到站台：站厅付费区内中部1部。\n3.无障碍卫生间：D出入口通道。\n4.宽闸机：站厅客服中心旁一台。",
        "type": "地铁站无障碍设施",
        "_source": "sz_metro",
        "_osm_type": "node"
      },
      "geometry": {
        "type": "Point",
        "coordinates": [
          113.9557754,
          22.5713017
        ]
      }
    },
    {
      "type": "Feature",
      "properties": {
        "name": "龙井站 - 无障碍设施",
        "station": "龙井站",
        "line": "7号线",
        "facility": "1.盲道：车站公共区域。\n2.无障碍电梯：站厅到站外：B出入口1部；站厅到站台：站厅付费区内中部。\n3.无障碍卫生间：C出入口通道。\n4.宽闸机：客服中心旁1台。",
        "type": "地铁站无障碍设施",
        "_source": "sz_metro",
        "_osm_type": "node"
      },
      "geometry": {
        "type": "Point",
        "coordinates": [
          113.9697761,
          22.5671739
        ]
      }
    },
    {
      "type": "Feature",
      "properties": {
        "name": "桃源村站 - 无障碍设施",
        "station": "桃源村站",
        "line": "7号线",
        "facility": "1.盲道：车站公共区域。\n2.无障碍电梯：站厅到站外A出入1部，D出入口1部；站厅到站台：站厅付费区内中部1部。\n3.无障碍卫生间：D出入口通道。\n4.宽闸机：站厅免费专用通道旁1台。",
        "type": "地铁站无障碍设施",
        "_source": "sz_metro",
        "_osm_type": "node"
      },
      "geometry": {
        "type": "Point",
        "coordinates": [
          113.9769577,
          22.5628537
        ]
      }
    },
    {
      "type": "Feature",
      "properties": {
        "name": "深云站 - 无障碍设施",
        "station": "深云站",
        "line": "7号线",
        "facility": "1.盲道：车站公共区域。\n2.无障碍电梯：站厅到站外：B出入口无障碍电梯1部；站厅到站台：站厅付费区无障碍电梯2部；站外天桥层到地面层：天桥南侧无障碍电梯1部。\n3.无障碍卫生间：站厅（靠近B出入口）。\n4.宽闸机：站厅近B出入口1台。",
        "type": "地铁站无障碍设施",
        "_source": "sz_metro",
        "_osm_type": "node"
      },
      "geometry": {
        "type": "Point",
        "coordinates": [
          113.9888592,
          22.559407
        ]
      }
    },
    {
      "type": "Feature",
      "properties": {
        "name": "安托山站 - 无障碍设施",
        "station": "安托山站",
        "line": "7号线",
        "facility": "1.盲道：车站公共区域（因设计原因、B出入口通道、D出入口通道、E出入口通道无盲道）。\n2.无障碍电梯：站厅到站外：C出入口1部；站厅到站台：站厅中部付费区到7号线深大丽湖方向站台和2号线站台1部，站厅中部付费区到7号线太安方向站台1部。\n3.无障碍卫生间：A出入口通道内、7号线站台（深大丽湖方向尾端）。\n4.宽闸机：站厅中部、站厅C出入口端。",
        "type": "地铁站无障碍设施",
        "_source": "sz_metro",
        "_osm_type": "node"
      },
      "geometry": {
        "type": "Point",
        "coordinates": [
          114.0012596,
          22.5516507
        ]
      }
    },
    {
      "type": "Feature",
      "properties": {
        "name": "农林站 - 无障碍设施",
        "station": "农林站",
        "line": "7号线",
        "facility": "1.盲道：车站公共区区域\n2.无障碍电梯：站厅到站外：B出入口1部，站厅到站台：站厅中部付费区1部。\n4.无障碍卫生间：站厅（B出入口通道内）。\n5.宽闸机：客服中心旁。",
        "type": "地铁站无障碍设施",
        "_source": "sz_metro",
        "_osm_type": "node"
      },
      "geometry": {
        "type": "Point",
        "coordinates": [
          114.0132044,
          22.5432833
        ]
      }
    },
    {
      "type": "Feature",
      "properties": {
        "name": "车公庙站 - 无障碍设施",
        "station": "车公庙站",
        "line": "7号线",
        "facility": "1.盲道：车站公共区域。\n2.无障碍电梯：站厅到站外：B出入口1部，D1出入口1部，J1出入口1部，J2口出入口1部；站厅到站台：1号线站厅中部付费区1部，7/9号线站厅中部付费区2部，11号线站厅中部付费区1部。\n3.无障碍卫生间：1号线站厅（B出入口通道内）。11号线站台（往碧头方向头端）。7号线站台（往太安方向头端）。9号线站台（往前湾方向头端)。\n4.宽闸机：1号线站厅客服中心旁；1号线站厅近A出入口；11号线站厅近C出入口；11号线站厅近D出入口；7/9号线站厅近F出入口；7/9号线站厅近J出入口。",
        "type": "地铁站无障碍设施",
        "_source": "sz_metro",
        "_osm_type": "node"
      },
      "geometry": {
        "type": "Point",
        "coordinates": [
          114.0226605,
          22.5388378
        ]
      }
    },
    {
      "type": "Feature",
      "properties": {
        "name": "上沙站 - 无障碍设施",
        "station": "上沙站",
        "line": "7号线",
        "facility": "1.盲道：车站公共区域。\n2.无障碍电梯：站厅到站台：无障碍电梯1部在站厅付费区内中部。站厅到站外：D出入口站厅到站外无障碍电梯1部。\n3.无障碍卫生间：站厅（E出入口通道旁）。\n4.宽闸机：站厅中部1台。",
        "type": "地铁站无障碍设施",
        "_source": "sz_metro",
        "_osm_type": "node"
      },
      "geometry": {
        "type": "Point",
        "coordinates": [
          114.0306045,
          22.527363
        ]
      }
    },
    {
      "type": "Feature",
      "properties": {
        "name": "沙尾站 - 无障碍设施",
        "station": "沙尾站",
        "line": "7号线",
        "facility": "1.盲道：车站公共区域。\n2.无障碍电梯：D出入口站厅到站外无障碍电梯1部。无障碍电梯：站厅到站台无障碍电梯1部在站厅付费区内中部。\n3.无障碍卫生间：站厅（D出入口通道）。\n4.宽闸机：站厅中部1台。",
        "type": "地铁站无障碍设施",
        "_source": "sz_metro",
        "_osm_type": "node"
      },
      "geometry": {
        "type": "Point",
        "coordinates": [
          114.0375543,
          22.5234511
        ]
      }
    },
    {
      "type": "Feature",
      "properties": {
        "name": "石厦站 - 无障碍设施",
        "station": "石厦站",
        "line": "7号线",
        "facility": "1.盲道：车站公共区域。\n2.无障碍电梯：站厅到站外：7号线G出入口一部，3号线C出入口一部。站厅到站台：3号线站厅中部付费区1部，7号线站厅中部付费区1部。\n3.无障碍卫生间：3号线站厅（近A出入口），7号线站厅（G出入口通道内）\n4.宽闸机：3号线、7号线客服中心旁。",
        "type": "地铁站无障碍设施",
        "_source": "sz_metro",
        "_osm_type": "node"
      },
      "geometry": {
        "type": "Point",
        "coordinates": [
          114.0485191,
          22.5257882
        ]
      }
    },
    {
      "type": "Feature",
      "properties": {
        "name": "皇岗村站 - 无障碍设施",
        "station": "皇岗村站",
        "line": "7号线",
        "facility": "1.盲道：车站公共区域。\n2.无障碍电梯：站厅到站外：A出入口1部；站厅到站台：站厅中部付费区1部。\n3.无障碍卫生间：站厅（靠近B出入口）。\n4.宽闸机：站厅中部客服中心旁。",
        "type": "地铁站无障碍设施",
        "_source": "sz_metro",
        "_osm_type": "node"
      },
      "geometry": {
        "type": "Point",
        "coordinates": [
          114.0539512,
          22.5258467
        ]
      }
    },
    {
      "type": "Feature",
      "properties": {
        "name": "福民站 - 无障碍设施",
        "station": "福民站",
        "line": "7号线",
        "facility": "1.盲道：车站公共区域。\n2.无障碍电梯：站厅到站外：10号线H出入口1部，10号线K出入口1部，7号线E出入口1部；站厅到站台：10号线站厅中部付费区1部，7号线站厅中部付费区1部。\n3.无障碍卫生间：7号线站台（往太安方向方向尾端）。\n4.第三卫生间：10号线站厅（J出入口通道），10号线站台（往福田口岸方向头端） 。\n5.宽闸机：7号线、10号线站厅中部。",
        "type": "地铁站无障碍设施",
        "_source": "sz_metro",
        "_osm_type": "node"
      },
      "geometry": {
        "type": "Point",
        "coordinates": [
          114.0606395,
          22.5259462
        ]
      }
    },
    {
      "type": "Feature",
      "properties": {
        "name": "皇岗口岸站 - 无障碍设施",
        "station": "皇岗口岸站",
        "line": "7号线",
        "facility": "1.盲道：车站公共区域。\n2.无障碍电梯：站厅到站外：E出入口3部；站厅到站台：站厅中部付费区1部。\n3.无障碍卫生间：E出入口下沉广场。\n4.宽闸机：站厅中部免费专用通道旁。",
        "type": "地铁站无障碍设施",
        "_source": "sz_metro",
        "_osm_type": "node"
      },
      "geometry": {
        "type": "Point",
        "coordinates": [
          114.0690028,
          22.5242384
        ]
      }
    },
    {
      "type": "Feature",
      "properties": {
        "name": "赤尾站 - 无障碍设施",
        "station": "赤尾站",
        "line": "7号线",
        "facility": "1.盲道：车站公共区域。\n2.无障碍电梯：站厅到站外：A出入口1部，D出入口1部；站厅到站台：站厅中部付费区1部。\n3.无障碍卫生间：A出入口通道旁。\n4.宽闸机：站厅中部免费专用通道旁。",
        "type": "地铁站无障碍设施",
        "_source": "sz_metro",
        "_osm_type": "node"
      },
      "geometry": {
        "type": "Point",
        "coordinates": [
          114.0787937,
          22.5345383
        ]
      }
    },
    {
      "type": "Feature",
      "properties": {
        "name": "华强南站 - 无障碍设施",
        "station": "华强南站",
        "line": "7号线",
        "facility": "1.盲道：车站公共区域。\n2.无障碍电梯：站厅到站外：7号线C出入口1部，11号线E出入口1部；站厅到站台：7号线站厅中部付费区1部，11号线站厅中部付费区1部。\n3.无障碍卫生间：7号线站厅（近C出入口）。\n4.第三卫生间：11号线站厅（近F出入口）；11号线站台（往华强南方向头端）。\n5.宽闸机：7号线站厅中部；11号线站厅中部；11号线站厅近B出入口；11号线站厅近E出入口。",
        "type": "地铁站无障碍设施",
        "_source": "sz_metro",
        "_osm_type": "node"
      },
      "geometry": {
        "type": "Point",
        "coordinates": [
          114.0829812,
          22.5407047
        ]
      }
    },
    {
      "type": "Feature",
      "properties": {
        "name": "华强北站 - 无障碍设施",
        "station": "华强北站",
        "line": "7号线",
        "facility": "1.盲道：车站公共区域。\n2.无障碍电梯：站厅到站外：A出入口1部，D2出入口1部；站厅到站台：站厅中部付费区2号线1部，站厅中部付费区7号线1部。\n3.宽闸机：2号线站厅近A出入口，2号线站厅近B出入口，7号线站厅中部。",
        "type": "地铁站无障碍设施",
        "_source": "sz_metro",
        "_osm_type": "node"
      },
      "geometry": {
        "type": "Point",
        "coordinates": [
          114.0816792,
          22.5456566
        ]
      }
    },
    {
      "type": "Feature",
      "properties": {
        "name": "黄木岗站 - 无障碍设施",
        "station": "黄木岗站",
        "line": "7号线",
        "facility": "1.盲道：车站公共区域。\n2.无障碍电梯：站厅到站外：1号出入口1部，2号出入口1部，3号出入口1部，4号出入口1部，5号出入口1部，6A出入口1部，8A出入口1部，8B出入口1部，9A出入口1部，9B出入口1部，10号出入口1部，11号出入口1部，12B出入口1部，13号出入口1部，14号出入口1部，15号出入口1部；负三层站台往负二层站台：负三层站台中部2部，负三层站台两端各1部；负二层站台往站厅：负二层站台两端非付费区各1部。\n3.无障碍卫生间：负三层站台（7号线往深大丽湖方向站台尾端），10号出入口旁。\n4.第三卫生间：1号出入口旁，5号出入口旁，8A出入口旁，13号出入口往14号出入口通道旁，负二层站台（14号线往沙田方向站台尾端），负三层站台（14号线往岗厦北方向站台头端）。\n5.宽闸机：负二层站台两端客服中心旁，负三层站台两端客服中心旁。",
        "type": "地铁站无障碍设施",
        "_source": "sz_metro",
        "_osm_type": "node"
      },
      "geometry": {
        "type": "Point",
        "coordinates": [
          114.0821888,
          22.5585802
        ]
      }
    },
    {
      "type": "Feature",
      "properties": {
        "name": "八卦岭站 - 无障碍设施",
        "station": "八卦岭站",
        "line": "7号线",
        "facility": "1.盲道：车站公共区域。 \n2.无障碍电梯：站厅到站外：7号线D出入口1部，6号线E出入口1部，6号线G1出入口1部；站厅到站台：7号线站厅中部付费区1部，6号线站厅中部付费区1部。 \n3.无障碍卫生间：7号线站厅（B出入口旁）、6号线站厅（E出入口通道内）、7号线站台（太安方向头端）、6号线站台（科学馆方向尾端）。\n4.宽闸机：7号线客服中心旁、6号线客服中心旁。",
        "type": "地铁站无障碍设施",
        "_source": "sz_metro",
        "_osm_type": "node"
      },
      "geometry": {
        "type": "Point",
        "coordinates": [
          114.0900008,
          22.5645218
        ]
      }
    },
    {
      "type": "Feature",
      "properties": {
        "name": "红岭北站 - 无障碍设施",
        "station": "红岭北站",
        "line": "7号线",
        "facility": "1.盲道：车站公共区域。\n2.无障碍电梯：站厅到站外：B出入口1部；站厅到站台：站厅付费区内中部2部。\n3.无障碍卫生间：站厅（A、B出入口通道之间)；7号线站台(往太安方向头端）。\n4.宽闸机：靠近D出入口客服中心旁；靠近J出入口客服中心旁。",
        "type": "地铁站无障碍设施",
        "_source": "sz_metro",
        "_osm_type": "node"
      },
      "geometry": {
        "type": "Point",
        "coordinates": [
          114.0994515,
          22.5646871
        ]
      }
    },
    {
      "type": "Feature",
      "properties": {
        "name": "笋岗站 - 无障碍设施",
        "station": "笋岗站",
        "line": "7号线",
        "facility": "1.盲道：车站公共区域。\n2.无障碍电梯：站厅到站外：A出入口1部；站厅到站台：站厅中部付费区1部。\n3.无障碍卫生间：站厅（E出入口旁）。\n4.宽闸机：站厅客服中心旁。",
        "type": "地铁站无障碍设施",
        "_source": "sz_metro",
        "_osm_type": "node"
      },
      "geometry": {
        "type": "Point",
        "coordinates": [
          114.1058553,
          22.5658661
        ]
      }
    },
    {
      "type": "Feature",
      "properties": {
        "name": "太安站 - 无障碍设施",
        "station": "太安站",
        "line": "7号线",
        "facility": "1.盲道：车站公共区域（因设计原因、A出入口、D出入口、E出入口至站厅进站处无盲道）。\n2.无障碍电梯：B出入口站厅到站外垂直电梯1部。\n3.无障碍电梯：站厅到站台垂直电梯1部在站厅付费区内中部。\n4.无障碍卫生间：C出入口通道。\n5.宽闸机：站厅中部。",
        "type": "地铁站无障碍设施",
        "_source": "sz_metro",
        "_osm_type": "node"
      },
      "geometry": {
        "type": "Point",
        "coordinates": [
          114.1322063,
          22.576969
        ]
      }
    },
    {
      "type": "Feature",
      "properties": {
        "name": "前湾站 - 无障碍设施",
        "station": "前湾站",
        "line": "9号线",
        "facility": "1.盲道：车站公共区域。                  \n2.无障碍电梯：站厅到站外：B出入口1部。站厅到站台：5号线站厅中部付费区1部，9号线站厅中部付费区1部。                              \n3.无障碍卫生间：5号线往赤湾方向头端站台，B出入口出站闸机旁。                                                \n4.宽闸机：5号线站厅中部。\n5.宽闸机：9号线站厅中部。",
        "type": "地铁站无障碍设施",
        "_source": "sz_metro",
        "_osm_type": "node"
      },
      "geometry": {
        "type": "Point",
        "coordinates": [
          113.8906677,
          22.5248447
        ]
      }
    },
    {
      "type": "Feature",
      "properties": {
        "name": "梦海站 - 无障碍设施",
        "station": "梦海站",
        "line": "9号线",
        "facility": "1.盲道：车站公共区域。\n2.无障碍电梯：站厅到站台垂直电梯1部、在站厅付费区内中部。\n3.无障碍电梯：C出入口站厅到站外垂直电梯1部。\n4.无障碍卫生间：D出入口物业通道。\n5.宽闸机：站厅中部。",
        "type": "地铁站无障碍设施",
        "_source": "sz_metro",
        "_osm_type": "node"
      },
      "geometry": {
        "type": "Point",
        "coordinates": [
          113.8937975,
          22.5221008
        ]
      }
    },
    {
      "type": "Feature",
      "properties": {
        "name": "怡海站 - 无障碍设施",
        "station": "怡海站",
        "line": "9号线",
        "facility": "1.盲道：车站公共区域。\n2.无障碍电梯：站厅到站外：A出入口1部；站厅到站台：站厅中部付费区1部。\n3.无障碍卫生间：站厅（C出入口通道内）。\n4.宽闸机：站厅中部。",
        "type": "地铁站无障碍设施",
        "_source": "sz_metro",
        "_osm_type": "node"
      },
      "geometry": {
        "type": "Point",
        "coordinates": [
          113.8980481,
          22.5186357
        ]
      }
    },
    {
      "type": "Feature",
      "properties": {
        "name": "荔林站 - 无障碍设施",
        "station": "荔林站",
        "line": "9号线",
        "facility": "1.盲道：车站公共区域。\n2.无障碍电梯：站厅到站外：B1出入口1部，C出入口1部，D出入口1部；站厅到站台：站厅中部付费区1部。\n3.无障碍卫生间：站厅（E出入口通道）。\n4.宽闸机：站厅中部。",
        "type": "地铁站无障碍设施",
        "_source": "sz_metro",
        "_osm_type": "node"
      },
      "geometry": {
        "type": "Point",
        "coordinates": [
          113.9084735,
          22.5148217
        ]
      }
    },
    {
      "type": "Feature",
      "properties": {
        "name": "南油西站 - 无障碍设施",
        "station": "南油西站",
        "line": "9号线",
        "facility": "1.盲道：车站公共区域。\n2.无障碍电梯：站厅到站外：A出入口1部、C出入口1部；站厅到站台：站厅中部付费区1部。\n3.无障碍卫生间：站厅（D出入口通道内）。\n4.宽闸机：站厅中部。",
        "type": "地铁站无障碍设施",
        "_source": "sz_metro",
        "_osm_type": "node"
      },
      "geometry": {
        "type": "Point",
        "coordinates": [
          113.9134979,
          22.5123465
        ]
      }
    },
    {
      "type": "Feature",
      "properties": {
        "name": "南油站 - 无障碍设施",
        "station": "南油站",
        "line": "9号线",
        "facility": "1.盲道：车站公共区域。\n2.无障碍电梯：站厅到站外：A出入口1部，F1出入口1部；站厅到站台：站厅中部付费区2部。\n3.无障碍卫生间：9号线站台（往文锦方向头端）。\n4.第三卫生间：站厅（近E出入口）。\n5.宽闸机：客服中心2旁。",
        "type": "地铁站无障碍设施",
        "_source": "sz_metro",
        "_osm_type": "node"
      },
      "geometry": {
        "type": "Point",
        "coordinates": [
          113.9212265,
          22.5135563
        ]
      }
    },
    {
      "type": "Feature",
      "properties": {
        "name": "南山书城站 - 无障碍设施",
        "station": "南山书城站",
        "line": "9号线",
        "facility": "1.盲道：车站公共区域。\n2.无障碍电梯：站厅到站台1部，在站厅付费区内中部；站厅到站外1部：在B出入口通道。\n3.无障碍卫生间：在E出入口通道。\n4.宽闸机：站厅中部。",
        "type": "地铁站无障碍设施",
        "_source": "sz_metro",
        "_osm_type": "node"
      },
      "geometry": {
        "type": "Point",
        "coordinates": [
          113.9235746,
          22.5214793
        ]
      }
    },
    {
      "type": "Feature",
      "properties": {
        "name": "深大南站 - 无障碍设施",
        "station": "深大南站",
        "line": "9号线",
        "facility": "1.盲道：车站公共区域。\n2.无障碍电梯：站厅到站台1部，在站厅付费区内中部；站厅到站外1部，在B出入口通道。\n3.无障碍卫生间：A出入口通道。\n4.宽闸机：站厅中部。",
        "type": "地铁站无障碍设施",
        "_source": "sz_metro",
        "_osm_type": "node"
      },
      "geometry": {
        "type": "Point",
        "coordinates": [
          113.9310244,
          22.5290519
        ]
      }
    },
    {
      "type": "Feature",
      "properties": {
        "name": "粤海门站 - 无障碍设施",
        "station": "粤海门站",
        "line": "9号线",
        "facility": "1.盲道：车站公共区域。\n2.无障碍电梯：站厅到站外1部，在A出入口通道；站台到站厅1部，在站厅中部付费区内。\n3.无障碍卫生间：站厅A出入口通道。\n4.宽闸机：站厅中部。",
        "type": "地铁站无障碍设施",
        "_source": "sz_metro",
        "_osm_type": "node"
      },
      "geometry": {
        "type": "Point",
        "coordinates": [
          113.9407687,
          22.535709
        ]
      }
    },
    {
      "type": "Feature",
      "properties": {
        "name": "高新南站 - 无障碍设施",
        "station": "高新南站",
        "line": "9号线",
        "facility": "1.盲道：车站公共区域。\n2.无障碍电梯：站厅到站台1部，在站厅付费区内中部；站厅到站外1部，在D出入口通道。\n3.无障碍卫生间：站厅C出入口通道。\n4.宽闸机：站厅中部免费专用通道旁。",
        "type": "地铁站无障碍设施",
        "_source": "sz_metro",
        "_osm_type": "node"
      },
      "geometry": {
        "type": "Point",
        "coordinates": [
          113.9464973,
          22.5357515
        ]
      }
    },
    {
      "type": "Feature",
      "properties": {
        "name": "红树湾南站 - 无障碍设施",
        "station": "红树湾南站",
        "line": "9号线",
        "facility": "1.盲道：车站公共区域。\n2.无障碍电梯：站厅付费区内中部，从站厅至站台2部；B出入口通道，从站厅至站外1部。\n3.无障碍卫生间：站厅A出入口通道内，站台9号线文锦方向头端处。\n4.宽闸机：站厅中部。",
        "type": "地铁站无障碍设施",
        "_source": "sz_metro",
        "_osm_type": "node"
      },
      "geometry": {
        "type": "Point",
        "coordinates": [
          113.9664581,
          22.526104
        ]
      }
    },
    {
      "type": "Feature",
      "properties": {
        "name": "深湾站 - 无障碍设施",
        "station": "深湾站",
        "line": "9号线",
        "facility": "1.盲道：车站公共区域。\n2.无障碍电梯：站厅到站外：B出入口1部；站厅到站台：站厅中部付费区1部。\n3.无障碍卫生间：站厅（B出入口通道内）。\n4.宽闸机：站厅中部。",
        "type": "地铁站无障碍设施",
        "_source": "sz_metro",
        "_osm_type": "node"
      },
      "geometry": {
        "type": "Point",
        "coordinates": [
          113.9736703,
          22.5260191
        ]
      }
    },
    {
      "type": "Feature",
      "properties": {
        "name": "深圳湾公园站 - 无障碍设施",
        "station": "深圳湾公园站",
        "line": "9号线",
        "facility": "1.盲道：车站公共区域。\n2.无障碍电梯：站厅到站外：A出入口1部，D1出入口1部，D2出入口一部；站厅到站台：站厅中部付费区。\n3.无障碍卫生间：E出入口通道，A出入口通道。\n4.宽闸机：站厅中部，E出入口旁，D出入口通道旁。",
        "type": "地铁站无障碍设施",
        "_source": "sz_metro",
        "_osm_type": "node"
      },
      "geometry": {
        "type": "Point",
        "coordinates": [
          113.9879978,
          22.5244887
        ]
      }
    },
    {
      "type": "Feature",
      "properties": {
        "name": "下沙站 - 无障碍设施",
        "station": "下沙站",
        "line": "9号线",
        "facility": "1.盲道：车站公共区域。\n2.无障碍电梯：站厅到站外：B出入口1部，C出入口1部；站厅到站台：站厅中部付费区1部\n3.无障碍卫生间：站厅（站厅C出入口）旁。\n4.宽闸机：站厅中部。",
        "type": "地铁站无障碍设施",
        "_source": "sz_metro",
        "_osm_type": "node"
      },
      "geometry": {
        "type": "Point",
        "coordinates": [
          114.0186343,
          22.5316545
        ]
      }
    },
    {
      "type": "Feature",
      "properties": {
        "name": "车公庙站 - 无障碍设施",
        "station": "车公庙站",
        "line": "9号线",
        "facility": "1.盲道：车站公共区域。\n2.无障碍电梯：站厅到站外：B出入口1部，D1出入口1部，J1出入口1部，J2口出入口1部；站厅到站台：1号线站厅中部付费区1部，7/9号线站厅中部付费区2部，11号线站厅中部付费区1部。\n3.无障碍卫生间：1号线站厅（B出入口通道内）。11号线站台（往碧头方向头端）。7号线站台（往太安方向头端）。9号线站台（往前湾方向头端)。\n4.宽闸机：1号线站厅客服中心旁；1号线站厅近A出入口；11号线站厅近C出入口；11号线站厅近D出入口；7/9号线站厅近F出入口；7/9号线站厅近J出入口。",
        "type": "地铁站无障碍设施",
        "_source": "sz_metro",
        "_osm_type": "node"
      },
      "geometry": {
        "type": "Point",
        "coordinates": [
          114.0226605,
          22.5388378
        ]
      }
    },
    {
      "type": "Feature",
      "properties": {
        "name": "香梅站 - 无障碍设施",
        "station": "香梅站",
        "line": "9号线",
        "facility": "1.盲道：车站公共区域。\n2.无障碍电梯：站厅到站台垂直电梯1部：站厅付费区内中部；站厅到站外垂直电梯1部：B出入口。\n3.无障碍卫生间：站厅D出入口处。\n4.宽闸机：站厅中部。",
        "type": "地铁站无障碍设施",
        "_source": "sz_metro",
        "_osm_type": "node"
      },
      "geometry": {
        "type": "Point",
        "coordinates": [
          114.0342936,
          22.5482775
        ]
      }
    },
    {
      "type": "Feature",
      "properties": {
        "name": "景田站 - 无障碍设施",
        "station": "景田站",
        "line": "9号线",
        "facility": "1.盲道：车站公共区域。\n2.无障碍电梯：站厅到站外：A出入口1部，D出入口1部；站厅到站台：站厅付费区到8号线溪涌方向站台和9号线站台1部，站厅付费区到2号线赤湾方向站台和9号线站台1部。\n3.无障碍卫生间：D出入口通道内、9号线站台（往前湾方向头端）。\n4.宽闸机：站厅C出入口端、站厅E出入口端。",
        "type": "地铁站无障碍设施",
        "_source": "sz_metro",
        "_osm_type": "node"
      },
      "geometry": {
        "type": "Point",
        "coordinates": [
          114.0385546,
          22.5561853
        ]
      }
    },
    {
      "type": "Feature",
      "properties": {
        "name": "梅景站 - 无障碍设施",
        "station": "梅景站",
        "line": "9号线",
        "facility": "1.盲道：车站公共区域。\n2.无障碍电梯：站厅到站外：A1出入口1部，A2出入口1部；站厅到站台：站厅中部付费区1部。\n3.无障碍卫生间：站厅（近A出入口）。\n4.宽闸机：站厅中部。",
        "type": "地铁站无障碍设施",
        "_source": "sz_metro",
        "_osm_type": "node"
      },
      "geometry": {
        "type": "Point",
        "coordinates": [
          114.0329297,
          22.5635951
        ]
      }
    },
    {
      "type": "Feature",
      "properties": {
        "name": "下梅林站 - 无障碍设施",
        "station": "下梅林站",
        "line": "9号线",
        "facility": "1.盲道：车站公共区域。\n2.无障碍电梯：站厅到站外：D出入口1部；站厅到站台：站厅中部付费区1部。\n3.无障碍卫生间：站厅（B出入口通道内）。\n4.宽闸机：站厅中部。",
        "type": "地铁站无障碍设施",
        "_source": "sz_metro",
        "_osm_type": "node"
      },
      "geometry": {
        "type": "Point",
        "coordinates": [
          114.036884,
          22.5684708
        ]
      }
    },
    {
      "type": "Feature",
      "properties": {
        "name": "梅村站 - 无障碍设施",
        "station": "梅村站",
        "line": "9号线",
        "facility": "1.盲道：E出入口、C1出入口、C2出入口、站厅、站台。\n2.无障碍电梯：站厅到站外：E出入口1部；站厅到站台：站厅中部付费区1部。\n3.无障碍卫生间：E出入口通道内。\n4.宽闸机：站厅中部。",
        "type": "地铁站无障碍设施",
        "_source": "sz_metro",
        "_osm_type": "node"
      },
      "geometry": {
        "type": "Point",
        "coordinates": [
          114.0471738,
          22.5711785
        ]
      }
    },
    {
      "type": "Feature",
      "properties": {
        "name": "上梅林站 - 无障碍设施",
        "station": "上梅林站",
        "line": "9号线",
        "facility": "1.盲道：车站公共区域。\n2.无障碍电梯：站厅到站外：近J2出入口1部；站厅到站台：站厅往9号线前湾方向付费区头端1部。\n3.无障碍洗手间：站厅（近J1出入口），9号线站台（往前湾方向头端）\n4.宽闸机：近G出入口旁。近L出入口旁。\n5.母婴室：站厅近J1出入口旁。\n6.4、9号线站厅换乘通道。\n7.盲文地图：H出入口、J1出入口、E出入口、G出入口、站厅付费区垂梯旁。",
        "type": "地铁站无障碍设施",
        "_source": "sz_metro",
        "_osm_type": "node"
      },
      "geometry": {
        "type": "Point",
        "coordinates": [
          114.0543521,
          22.573058
        ]
      }
    },
    {
      "type": "Feature",
      "properties": {
        "name": "孖岭站 - 无障碍设施",
        "station": "孖岭站",
        "line": "9号线",
        "facility": "1.盲道：车站公共区域。\n2.无障碍电梯：站厅到站外：10号线A1出入口3部，10号线A2出入口1部，9号线C出入口1部；站厅到物业夹层：10号线E通道1部；站厅到站台：9号线站厅付费区中部1部，10号线站厅付费区中部1部；付费区至换乘通道：10号线付费区2部。                   \n3.无障碍卫生间：10号线站厅A端非付费区，9号线C出入口旁。\n4.宽闸机：9号线站厅中部，10号线站厅中部。",
        "type": "地铁站无障碍设施",
        "_source": "sz_metro",
        "_osm_type": "node"
      },
      "geometry": {
        "type": "Point",
        "coordinates": [
          114.0631448,
          22.5711352
        ]
      }
    },
    {
      "type": "Feature",
      "properties": {
        "name": "银湖站 - 无障碍设施",
        "station": "银湖站",
        "line": "9号线",
        "facility": "1.盲道：车站公共区域。\n2.无障碍电梯：站厅到站外：近B出入口1部；站厅到站台：站厅往文锦方向付费区头端1部。\n3.无障碍卫生间：站厅（近B出入口）；6号线站台（往科学馆方向尾端）。\n4.宽闸机：站厅中部客服中心旁；站厅无障碍电梯前方。",
        "type": "地铁站无障碍设施",
        "_source": "sz_metro",
        "_osm_type": "node"
      },
      "geometry": {
        "type": "Point",
        "coordinates": [
          114.0843467,
          22.5714073
        ]
      }
    },
    {
      "type": "Feature",
      "properties": {
        "name": "泥岗站 - 无障碍设施",
        "station": "泥岗站",
        "line": "9号线",
        "facility": "1.盲道：车站公共区域。\n2.无障碍电梯：站厅到站外：A出入口1部；站厅到站台：站厅中部付费区1部。\n3.无障碍卫生间：站厅（近A出入口）。\n4.宽闸机：站厅中部。",
        "type": "地铁站无障碍设施",
        "_source": "sz_metro",
        "_osm_type": "node"
      },
      "geometry": {
        "type": "Point",
        "coordinates": [
          114.0920496,
          22.5702261
        ]
      }
    },
    {
      "type": "Feature",
      "properties": {
        "name": "红岭北站 - 无障碍设施",
        "station": "红岭北站",
        "line": "9号线",
        "facility": "1.盲道：车站公共区域。\n2.无障碍电梯：站厅到站外：B出入口1部；站厅到站台：站厅付费区内中部2部。\n3.无障碍卫生间：站厅（A、B出入口通道之间)；7号线站台(往太安方向头端）。\n4.宽闸机：靠近D出入口客服中心旁；靠近J出入口客服中心旁。",
        "type": "地铁站无障碍设施",
        "_source": "sz_metro",
        "_osm_type": "node"
      },
      "geometry": {
        "type": "Point",
        "coordinates": [
          114.0994515,
          22.5646871
        ]
      }
    },
    {
      "type": "Feature",
      "properties": {
        "name": "园岭站 - 无障碍设施",
        "station": "园岭站",
        "line": "9号线",
        "facility": "1.盲道：车站公共区域。\n2.无障碍电梯：站厅到站外：A出入口1部，C出入口1部；站厅到站台：站厅中部付费区1部。\n3.无障碍卫生间：站厅（近C出入口）。\n4.宽闸机：客服中心旁。",
        "type": "地铁站无障碍设施",
        "_source": "sz_metro",
        "_osm_type": "node"
      },
      "geometry": {
        "type": "Point",
        "coordinates": [
          114.0994748,
          22.5588156
        ]
      }
    },
    {
      "type": "Feature",
      "properties": {
        "name": "红岭站 - 无障碍设施",
        "station": "红岭站",
        "line": "9号线",
        "facility": "1.盲道：车站公共区域。\n2.无障碍电梯：站厅到站外：B出入口1部；站厅到站台：站厅中部付费区1部。\n3.无障碍卫生间：站厅B出入口通道内。\n4.宽闸机：9号线站厅中部客服中心旁、C1口客服中心旁。",
        "type": "地铁站无障碍设施",
        "_source": "sz_metro",
        "_osm_type": "node"
      },
      "geometry": {
        "type": "Point",
        "coordinates": [
          114.0991765,
          22.5517084
        ]
      }
    },
    {
      "type": "Feature",
      "properties": {
        "name": "红岭南站 - 无障碍设施",
        "station": "红岭南站",
        "line": "9号线",
        "facility": "1.盲道：车站公共区域（9号线）（11号线）。\n2.无障碍电梯：站厅到站外：D出入口1部；站厅到站台：站厅中部付费区1部（9号线）。\n站厅到站外：G出入口1部，E出入口1部；站厅到站台：站厅中部付费区1部（11号线）。\n3.无障碍卫生间：站厅D出入口通道（9号线）。站厅G出入口通道（11号线）\n4.宽闸机：客服中心旁（9号线）（11号线）。",
        "type": "地铁站无障碍设施",
        "_source": "sz_metro",
        "_osm_type": "node"
      },
      "geometry": {
        "type": "Point",
        "coordinates": [
          114.1009321,
          22.5411579
        ]
      }
    },
    {
      "type": "Feature",
      "properties": {
        "name": "鹿丹村站 - 无障碍设施",
        "station": "鹿丹村站",
        "line": "9号线",
        "facility": "1.盲道：车站公共区域。\n2.无障碍电梯：站外到站厅：D出入口1部，A2出入口1部。站厅到站台：站厅中部付费区1部。\n3.无障碍卫生间：站厅（近C出入口）。\n4.宽闸机：客服中心旁。",
        "type": "地铁站无障碍设施",
        "_source": "sz_metro",
        "_osm_type": "node"
      },
      "geometry": {
        "type": "Point",
        "coordinates": [
          114.1038014,
          22.5383111
        ]
      }
    },
    {
      "type": "Feature",
      "properties": {
        "name": "人民南站 - 无障碍设施",
        "station": "人民南站",
        "line": "9号线",
        "facility": "1.盲道：车站公共区域。\n2.无障碍电梯：站厅到站外：C出入口1部；站厅到站台：站厅中部付费区1部。\n3.无障碍卫生间：站厅（A出入口通道内）。\n4.宽闸机：站厅中部。",
        "type": "地铁站无障碍设施",
        "_source": "sz_metro",
        "_osm_type": "node"
      },
      "geometry": {
        "type": "Point",
        "coordinates": [
          114.1131281,
          22.5380996
        ]
      }
    },
    {
      "type": "Feature",
      "properties": {
        "name": "向西村站 - 无障碍设施",
        "station": "向西村站",
        "line": "9号线",
        "facility": "1.盲道：车站公共区域。\n2.无障碍电梯：站厅到站外：B出入口1部。站厅到站台：站厅中部付费区1部。\n3.无障碍卫生间：B出入口通道。\n4.宽闸机：站厅靠近C口。",
        "type": "地铁站无障碍设施",
        "_source": "sz_metro",
        "_osm_type": "node"
      },
      "geometry": {
        "type": "Point",
        "coordinates": [
          114.1206023,
          22.5425522
        ]
      }
    },
    {
      "type": "Feature",
      "properties": {
        "name": "文锦站 - 无障碍设施",
        "station": "文锦站",
        "line": "9号线",
        "facility": "1.盲道：车站公共区域。\n2.无障碍电梯：站厅到站外：C出入口1部；站厅到站台：站厅中部付费区1部。\n3.无障碍卫生间：C出入口通道。\n4.宽闸机：客服中心旁。",
        "type": "地铁站无障碍设施",
        "_source": "sz_metro",
        "_osm_type": "node"
      },
      "geometry": {
        "type": "Point",
        "coordinates": [
          114.1259145,
          22.5450815
        ]
      }
    },
    {
      "type": "Feature",
      "properties": {
        "name": "福田口岸站 - 无障碍设施",
        "station": "福田口岸站",
        "line": "10号线",
        "facility": "1.盲道：车站公共区域。                       \n2.无障碍电梯：站厅到站外：D1出入口1部，E出入口1部，C出入口1部；站厅到站台：站厅中部付费区1部。\n3.第三方卫生间：站厅（D出入口通道内），10号线站台（往双拥街方向尾端）。          \n4.宽闸机：站厅中部。",
        "type": "地铁站无障碍设施",
        "_source": "sz_metro",
        "_osm_type": "node"
      },
      "geometry": {
        "type": "Point",
        "coordinates": [
          114.0627302,
          22.5179435
        ]
      }
    },
    {
      "type": "Feature",
      "properties": {
        "name": "福民站 - 无障碍设施",
        "station": "福民站",
        "line": "10号线",
        "facility": "1.盲道：车站公共区域。\n2.无障碍电梯：站厅到站外：10号线H出入口1部，10号线K出入口1部，7号线E出入口1部；站厅到站台：10号线站厅中部付费区1部，7号线站厅中部付费区1部。\n3.无障碍卫生间：7号线站台（往太安方向方向尾端）。\n4.第三卫生间：10号线站厅（J出入口通道），10号线站台（往福田口岸方向头端） 。\n5.宽闸机：7号线、10号线站厅中部。",
        "type": "地铁站无障碍设施",
        "_source": "sz_metro",
        "_osm_type": "node"
      },
      "geometry": {
        "type": "Point",
        "coordinates": [
          114.0606395,
          22.5259462
        ]
      }
    },
    {
      "type": "Feature",
      "properties": {
        "name": "岗厦站 - 无障碍设施",
        "station": "岗厦站",
        "line": "10号线",
        "facility": "1.盲道：车站公共区域。                       \n2.无障碍电梯：站厅到站外：10号线D出入口1部，10号线E出入口1部，1号线G出入口1部；站厅到站台：1号线站厅中部付费区1部，10号线站厅中部付费区1部。\n3.无障碍卫生间：1号线站厅（G出入口通道内）。                                    \n4.第三卫生间：10号线站台（福田口岸方向头端）。     \n5.宽闸机：1号线、10号线客服中心旁。",
        "type": "地铁站无障碍设施",
        "_source": "sz_metro",
        "_osm_type": "node"
      },
      "geometry": {
        "type": "Point",
        "coordinates": [
          114.0629464,
          22.5375885
        ]
      }
    },
    {
      "type": "Feature",
      "properties": {
        "name": "岗厦北站 - 无障碍设施",
        "station": "岗厦北站",
        "line": "10号线",
        "facility": "1.盲道：车站公共区域。\n2.无障碍电梯：站厅到站外：1出入口1部，7出入口1部，12出入口1部，16出入口1部，19出入口1部；站厅到站台：11/14号线站厅中部付费区4部，2号线站厅站厅中部付费区1部，14号线换乘通道至站厅1部。\n3.无障碍卫生间：10号线站台（往福田口岸方向头端）；10号线站台（往双拥街方向尾端）；16号出入口。\n4.第三卫生间：站厅（近7号出入口）；站厅（近19号出入口）；2&8号线换乘通道（近19号口）。\n5.宽闸机：1出入口旁；12出入口旁；7出入口旁；18出入口旁；2号线站厅中部。",
        "type": "地铁站无障碍设施",
        "_source": "sz_metro",
        "_osm_type": "node"
      },
      "geometry": {
        "type": "Point",
        "coordinates": [
          114.0628443,
          22.5427932
        ]
      }
    },
    {
      "type": "Feature",
      "properties": {
        "name": "莲花村站 - 无障碍设施",
        "station": "莲花村站",
        "line": "10号线",
        "facility": "1.盲道：车站公共区域。\n2.无障碍电梯：站厅到站外：3号线A1出入口1部，10号线C2出入口1部，10号线E出入口1部；站厅到站台：3号线站厅中部付费区1部，10号线站厅中部付费区1部。\n3.无障碍卫生间：3号线站厅（A1出入口通道内）、10号线站厅（E出入口通道旁）、10号线站台（双拥街方向头端）。\n4.宽闸机：3号线客服中心旁、10号线站厅中部客服中心旁。",
        "type": "地铁站无障碍设施",
        "_source": "sz_metro",
        "_osm_type": "node"
      },
      "geometry": {
        "type": "Point",
        "coordinates": [
          114.0626684,
          22.5513659
        ]
      }
    },
    {
      "type": "Feature",
      "properties": {
        "name": "冬瓜岭站 - 无障碍设施",
        "station": "冬瓜岭站",
        "line": "10号线",
        "facility": "1.盲道：车站公共区域。\n2.无障碍电梯：站厅到站外：A出入口1部，C出入口1部，E出入口1部；站厅到站台：站厅中部付费区2部。\n3.无障碍卫生间：站厅（C出入口通道内）。\n4.宽闸机：A出入口通道旁。",
        "type": "地铁站无障碍设施",
        "_source": "sz_metro",
        "_osm_type": "node"
      },
      "geometry": {
        "type": "Point",
        "coordinates": [
          114.0624693,
          22.5635058
        ]
      }
    },
    {
      "type": "Feature",
      "properties": {
        "name": "孖岭站 - 无障碍设施",
        "station": "孖岭站",
        "line": "10号线",
        "facility": "1.盲道：车站公共区域。\n2.无障碍电梯：站厅到站外：10号线A1出入口3部，10号线A2出入口1部，9号线C出入口1部；站厅到物业夹层：10号线E通道1部；站厅到站台：9号线站厅付费区中部1部，10号线站厅付费区中部1部；付费区至换乘通道：10号线付费区2部。                   \n3.无障碍卫生间：10号线站厅A端非付费区，9号线C出入口旁。\n4.宽闸机：9号线站厅中部，10号线站厅中部。",
        "type": "地铁站无障碍设施",
        "_source": "sz_metro",
        "_osm_type": "node"
      },
      "geometry": {
        "type": "Point",
        "coordinates": [
          114.0631448,
          22.5711352
        ]
      }
    },
    {
      "type": "Feature",
      "properties": {
        "name": "雅宝站 - 无障碍设施",
        "station": "雅宝站",
        "line": "10号线",
        "facility": "1.盲道：车站公共区域。\n2.无障碍电梯：站厅至站外：E1出入口1部，E2出入口1部；站厅到夹层：A、E出口侧出站闸机旁；站厅至站台：站厅中部付费区1部。\n3.无障碍卫生间：C出入口通道。\n4.宽闸机：站厅中部。",
        "type": "地铁站无障碍设施",
        "_source": "sz_metro",
        "_osm_type": "node"
      },
      "geometry": {
        "type": "Point",
        "coordinates": [
          114.0551348,
          22.6062604
        ]
      }
    },
    {
      "type": "Feature",
      "properties": {
        "name": "南坑站 - 无障碍设施",
        "station": "南坑站",
        "line": "10号线",
        "facility": "1.盲道：车站公共区域。\n2.无障碍电梯：站厅至站外：B出入口1部，C出入口1部；站厅至站台：站厅中部付费区1部。\n3.无障碍卫生间：C出入口旁。\n4.宽闸机：站厅中部。",
        "type": "地铁站无障碍设施",
        "_source": "sz_metro",
        "_osm_type": "node"
      },
      "geometry": {
        "type": "Point",
        "coordinates": [
          114.0554796,
          22.6139872
        ]
      }
    },
    {
      "type": "Feature",
      "properties": {
        "name": "光雅园站 - 无障碍设施",
        "station": "光雅园站",
        "line": "10号线",
        "facility": "1.盲道：车站公共区域。\n2.无障碍电梯：站厅至站外：B出入口1部，C出入口1部；站厅到站台：站厅中部付费区1部。\n3.无障碍卫生间：D出入口通道。                        \n4.宽闸机：站厅中部。",
        "type": "地铁站无障碍设施",
        "_source": "sz_metro",
        "_osm_type": "node"
      },
      "geometry": {
        "type": "Point",
        "coordinates": [
          114.0557217,
          22.6191375
        ]
      }
    },
    {
      "type": "Feature",
      "properties": {
        "name": "五和站 - 无障碍设施",
        "station": "五和站",
        "line": "10号线",
        "facility": "1.盲道：车站公共区域。\n2.无障碍电梯：站厅到站外：A出入口1部，D1出入口1部，H出入口1部；站厅到站台：5号线站厅中部付费区1部，10号线站厅中部付费区1部。\n3.无障碍卫生间：A出入口通道内。\n4.第三卫生间：10号线站台（往福田口岸头端）。                          \n5.宽闸机：5号线站厅B出入口旁，5号线站厅客服中心旁，10号线站厅客服中心旁。\n6.母婴室：10号线站厅近H出入口。",
        "type": "地铁站无障碍设施",
        "_source": "sz_metro",
        "_osm_type": "node"
      },
      "geometry": {
        "type": "Point",
        "coordinates": [
          114.0556417,
          22.6293923
        ]
      }
    },
    {
      "type": "Feature",
      "properties": {
        "name": "坂田北站 - 无障碍设施",
        "station": "坂田北站",
        "line": "10号线",
        "facility": "1.盲道：车站公共区域。\n2.无障碍电梯：站厅至站外：A出入口1部，B出入口1部；站厅至站台：站厅中部付费区1部。\n3.无障碍卫生间：A出入口通道。\n4.宽闸机：站厅中部。",
        "type": "地铁站无障碍设施",
        "_source": "sz_metro",
        "_osm_type": "node"
      },
      "geometry": {
        "type": "Point",
        "coordinates": [
          114.0582273,
          22.6375807
        ]
      }
    },
    {
      "type": "Feature",
      "properties": {
        "name": "贝尔路站 - 无障碍设施",
        "station": "贝尔路站",
        "line": "10号线",
        "facility": "1.盲道：车站公共区域。\n2.无障碍电梯：站厅至站外：C出入口1部，D出入口1部；站厅至站台：站厅中部付费区1部。\n3.无障碍卫生间：D出入口通道。\n4.宽闸机：站厅中部。",
        "type": "地铁站无障碍设施",
        "_source": "sz_metro",
        "_osm_type": "node"
      },
      "geometry": {
        "type": "Point",
        "coordinates": [
          114.0612505,
          22.6442907
        ]
      }
    },
    {
      "type": "Feature",
      "properties": {
        "name": "华为站 - 无障碍设施",
        "station": "华为站",
        "line": "10号线",
        "facility": "1.盲道：车站公共区域。\n2.无障碍电梯：站厅至站外：A出入口1部，E出入口1部；站厅到站台：站厅中部付费区1部。\n3.第三卫生间：F出入口旁。\n4.宽闸机：站厅中部。",
        "type": "地铁站无障碍设施",
        "_source": "sz_metro",
        "_osm_type": "node"
      },
      "geometry": {
        "type": "Point",
        "coordinates": [
          114.0620241,
          22.6531258
        ]
      }
    },
    {
      "type": "Feature",
      "properties": {
        "name": "岗头站 - 无障碍设施",
        "station": "岗头站",
        "line": "10号线",
        "facility": "1.盲道：车站公共区域。\n2.无障碍电梯：站厅至站外：A出入口1部，E出入口1部；站厅至站台：站厅中部付费区1部。\n3.无障碍卫生间：E出入口通道。\n4.宽闸机：站厅中部。",
        "type": "地铁站无障碍设施",
        "_source": "sz_metro",
        "_osm_type": "node"
      },
      "geometry": {
        "type": "Point",
        "coordinates": [
          114.0666044,
          22.6595311
        ]
      }
    },
    {
      "type": "Feature",
      "properties": {
        "name": "雪象站 - 无障碍设施",
        "station": "雪象站",
        "line": "10号线",
        "facility": "1.盲道：车站公共区域。\n2.无障碍电梯：站厅至站外：D出入口1部；站厅至站台：站厅中部付费区1部。\n3.第三卫生间：C出入口旁。                         \n4.宽闸机：站厅中部。",
        "type": "地铁站无障碍设施",
        "_source": "sz_metro",
        "_osm_type": "node"
      },
      "geometry": {
        "type": "Point",
        "coordinates": [
          114.0736029,
          22.6597064
        ]
      }
    },
    {
      "type": "Feature",
      "properties": {
        "name": "甘坑站 - 无障碍设施",
        "station": "甘坑站",
        "line": "10号线",
        "facility": "1.盲道：车站公共区域。\n2.无障碍电梯：站厅至站外：A出入口1部，B出入口1部；站厅至站台：站厅中部付费区1部。           \n3.第三卫生间：B出入口警务室旁。                    \n4.宽闸机：站厅中部。",
        "type": "地铁站无障碍设施",
        "_source": "sz_metro",
        "_osm_type": "node"
      },
      "geometry": {
        "type": "Point",
        "coordinates": [
          114.1009526,
          22.6503232
        ]
      }
    },
    {
      "type": "Feature",
      "properties": {
        "name": "凉帽山站 - 无障碍设施",
        "station": "凉帽山站",
        "line": "10号线",
        "facility": "1.盲道：车站公共区域。\n2.无障碍电梯：站厅至站外：B出入口1部；站厅至站台：站厅中部付费区2部。\n3.第三卫生间：B出入口通道。\n4.宽闸机：站厅中部。",
        "type": "地铁站无障碍设施",
        "_source": "sz_metro",
        "_osm_type": "node"
      },
      "geometry": {
        "type": "Point",
        "coordinates": [
          114.1135848,
          22.6489575
        ]
      }
    },
    {
      "type": "Feature",
      "properties": {
        "name": "上李朗站 - 无障碍设施",
        "station": "上李朗站",
        "line": "10号线",
        "facility": "1.盲道：车站公共区域。\n2.无障碍电梯：站厅至站外：C出入口1部；站厅至站台：站厅中部付费区1部。\n3.第三方卫生间：B出入口旁。          \n4.宽闸机：站厅中部。",
        "type": "地铁站无障碍设施",
        "_source": "sz_metro",
        "_osm_type": "node"
      },
      "geometry": {
        "type": "Point",
        "coordinates": [
          114.1218689,
          22.6566764
        ]
      }
    },
    {
      "type": "Feature",
      "properties": {
        "name": "木古站 - 无障碍设施",
        "station": "木古站",
        "line": "10号线",
        "facility": "1.盲道：车站公共区域。\n2.无障碍电梯：站厅至站外：B出入口1部，C出入口1部；站厅至站台：站厅中部付费区1部。\n3.无障碍卫生间：D出入口通道。                 \n4.宽闸机：站厅中部。",
        "type": "地铁站无障碍设施",
        "_source": "sz_metro",
        "_osm_type": "node"
      },
      "geometry": {
        "type": "Point",
        "coordinates": [
          114.1289236,
          22.6722731
        ]
      }
    },
    {
      "type": "Feature",
      "properties": {
        "name": "华南城站 - 无障碍设施",
        "station": "华南城站",
        "line": "10号线",
        "facility": "1.盲道：车站公共区域。\n2.无障碍电梯：站厅至站外：D出入口1部，市政通道1部；站厅至站台：站厅中部付费区1部。\n3.第三卫生间：A出入口旁边。\n4.宽闸机：站厅中部。",
        "type": "地铁站无障碍设施",
        "_source": "sz_metro",
        "_osm_type": "node"
      },
      "geometry": {
        "type": "Point",
        "coordinates": [
          114.1172129,
          22.6785574
        ]
      }
    },
    {
      "type": "Feature",
      "properties": {
        "name": "禾花站 - 无障碍设施",
        "station": "禾花站",
        "line": "10号线",
        "facility": "1.盲道：车站公共区域。\n2.无障碍电梯：站厅至站外：A出入口站厅至站外1部；站厅至站台：站厅中部付费区1部。\n3.第三卫生间：B出入口对面通道。\n4.宽闸机：站厅中部。",
        "type": "地铁站无障碍设施",
        "_source": "sz_metro",
        "_osm_type": "node"
      },
      "geometry": {
        "type": "Point",
        "coordinates": [
          114.1160105,
          22.6891212
        ]
      }
    },
    {
      "type": "Feature",
      "properties": {
        "name": "平湖站 - 无障碍设施",
        "station": "平湖站",
        "line": "10号线",
        "facility": "1.盲道：车站公共区域。\n2.无障碍电梯：站厅至站外：A出入口1部，B出入口1部；站厅至站台：站厅中部付费区1部。\n3.无障碍卫生间：B出入口通道，站台往双拥街方向尾端。\n4.宽闸机：站厅中部、站厅B端。",
        "type": "地铁站无障碍设施",
        "_source": "sz_metro",
        "_osm_type": "node"
      },
      "geometry": {
        "type": "Point",
        "coordinates": [
          114.1208569,
          22.696483
        ]
      }
    },
    {
      "type": "Feature",
      "properties": {
        "name": "双拥街站 - 无障碍设施",
        "station": "双拥街站",
        "line": "10号线",
        "facility": "1.盲道：车站公共区域。\n2.无障碍电梯：站厅至站外：B出入口1部；站厅至站台：站厅中部付费区1部。\n3.无障碍卫生间：C出入口旁。                           \n4.宽闸机：站厅中部。",
        "type": "地铁站无障碍设施",
        "_source": "sz_metro",
        "_osm_type": "node"
      },
      "geometry": {
        "type": "Point",
        "coordinates": [
          114.1277003,
          22.7011655
        ]
      }
    },
    {
      "type": "Feature",
      "properties": {
        "name": "红岭南站 - 无障碍设施",
        "station": "红岭南站",
        "line": "11号线",
        "facility": "1.盲道：车站公共区域（9号线）（11号线）。\n2.无障碍电梯：站厅到站外：D出入口1部；站厅到站台：站厅中部付费区1部（9号线）。\n站厅到站外：G出入口1部，E出入口1部；站厅到站台：站厅中部付费区1部（11号线）。\n3.无障碍卫生间：站厅D出入口通道（9号线）。站厅G出入口通道（11号线）\n4.宽闸机：客服中心旁（9号线）（11号线）。",
        "type": "地铁站无障碍设施",
        "_source": "sz_metro",
        "_osm_type": "node"
      },
      "geometry": {
        "type": "Point",
        "coordinates": [
          114.1009321,
          22.5411579
        ]
      }
    },
    {
      "type": "Feature",
      "properties": {
        "name": "华强南站 - 无障碍设施",
        "station": "华强南站",
        "line": "11号线",
        "facility": "1.盲道：车站公共区域。\n2.无障碍电梯：站厅到站外：7号线C出入口1部，11号线E出入口1部；站厅到站台：7号线站厅中部付费区1部，11号线站厅中部付费区1部。\n3.无障碍卫生间：7号线站厅（近C出入口）。\n4.第三卫生间：11号线站厅（近F出入口）；11号线站台（往华强南方向头端）。\n5.宽闸机：7号线站厅中部；11号线站厅中部；11号线站厅近B出入口；11号线站厅近E出入口。",
        "type": "地铁站无障碍设施",
        "_source": "sz_metro",
        "_osm_type": "node"
      },
      "geometry": {
        "type": "Point",
        "coordinates": [
          114.0829812,
          22.5407047
        ]
      }
    },
    {
      "type": "Feature",
      "properties": {
        "name": "福星站 - 无障碍设施",
        "station": "福星站",
        "line": "11号线",
        "facility": "1.盲道：车站公共区域。\n2.无障碍电梯：站厅到站外：A出入口1部；站厅到站台：站厅中部付费区1部。\n3.第三卫生间：站厅（近C出入口）。                           \n4.宽闸机：站厅中部；站厅近A出入口；站厅近D出入口。",
        "type": "地铁站无障碍设施",
        "_source": "sz_metro",
        "_osm_type": "node"
      },
      "geometry": {
        "type": "Point",
        "coordinates": [
          114.0763,
          22.5401886
        ]
      }
    },
    {
      "type": "Feature",
      "properties": {
        "name": "岗厦北站 - 无障碍设施",
        "station": "岗厦北站",
        "line": "11号线",
        "facility": "1.盲道：车站公共区域。\n2.无障碍电梯：站厅到站外：1出入口1部，7出入口1部，12出入口1部，16出入口1部，19出入口1部；站厅到站台：11/14号线站厅中部付费区4部，2号线站厅站厅中部付费区1部，14号线换乘通道至站厅1部。\n3.无障碍卫生间：10号线站台（往福田口岸方向头端）；10号线站台（往双拥街方向尾端）；16号出入口。\n4.第三卫生间：站厅（近7号出入口）；站厅（近19号出入口）；2&8号线换乘通道（近19号口）。\n5.宽闸机：1出入口旁；12出入口旁；7出入口旁；18出入口旁；2号线站厅中部。",
        "type": "地铁站无障碍设施",
        "_source": "sz_metro",
        "_osm_type": "node"
      },
      "geometry": {
        "type": "Point",
        "coordinates": [
          114.0628443,
          22.5427932
        ]
      }
    },
    {
      "type": "Feature",
      "properties": {
        "name": "福田站 - 无障碍设施",
        "station": "福田站",
        "line": "11号线",
        "facility": "1.盲道：车站公共区域。\n2.无障碍电梯：站厅到站外：2A出入口1部，3出入口1部，4出入口1部，15出入口1部，30B出入口1部，31出入口1部；\n站厅到站台：11号线站厅中部付费区内2部，2号线站厅中部付费区内1部，3号线站厅小付费区内2部。\n3.无障碍卫生间：站厅（1出入口通道处），31出入口无障碍电梯处，高铁通道旁，4b出入口往高铁通道近高铁。\n4.宽闸机：3号线客服中心一旁，3号线客服中心二旁，站厅近1出入口付费区，站厅近32出入口旁。",
        "type": "地铁站无障碍设施",
        "_source": "sz_metro",
        "_osm_type": "node"
      },
      "geometry": {
        "type": "Point",
        "coordinates": [
          114.0482367,
          22.5427538
        ]
      }
    },
    {
      "type": "Feature",
      "properties": {
        "name": "车公庙站 - 无障碍设施",
        "station": "车公庙站",
        "line": "11号线",
        "facility": "1.盲道：车站公共区域。\n2.无障碍电梯：站厅到站外：B出入口1部，D1出入口1部，J1出入口1部，J2口出入口1部；站厅到站台：1号线站厅中部付费区1部，7/9号线站厅中部付费区2部，11号线站厅中部付费区1部。\n3.无障碍卫生间：1号线站厅（B出入口通道内）。11号线站台（往碧头方向头端）。7号线站台（往太安方向头端）。9号线站台（往前湾方向头端)。\n4.宽闸机：1号线站厅客服中心旁；1号线站厅近A出入口；11号线站厅近C出入口；11号线站厅近D出入口；7/9号线站厅近F出入口；7/9号线站厅近J出入口。",
        "type": "地铁站无障碍设施",
        "_source": "sz_metro",
        "_osm_type": "node"
      },
      "geometry": {
        "type": "Point",
        "coordinates": [
          114.0226605,
          22.5388378
        ]
      }
    },
    {
      "type": "Feature",
      "properties": {
        "name": "红树湾南站 - 无障碍设施",
        "station": "红树湾南站",
        "line": "11号线",
        "facility": "1.盲道：车站公共区域。\n2.无障碍电梯：站厅付费区内中部，从站厅至站台2部；B出入口通道，从站厅至站外1部。\n3.无障碍卫生间：站厅A出入口通道内，站台9号线文锦方向头端处。\n4.宽闸机：站厅中部。",
        "type": "地铁站无障碍设施",
        "_source": "sz_metro",
        "_osm_type": "node"
      },
      "geometry": {
        "type": "Point",
        "coordinates": [
          113.9664581,
          22.526104
        ]
      }
    },
    {
      "type": "Feature",
      "properties": {
        "name": "后海站 - 无障碍设施",
        "station": "后海站",
        "line": "11号线",
        "facility": "1.盲道:车站公共区域。\n2.无障碍电梯：站厅到站外：2号线E出入口站厅到站外1部； 11号线H出入口站厅到站外1部。                   \n站厅到站台：2号线站厅中部付费区1部，11号线站厅中部付费区1部。\n换乘垂梯：2号线站厅到换乘通道换乘1部。\n3.无障碍卫生间：2号线站厅（D出入口通道内），11号线站厅（H出入口通道内）。\n4.宽闸机：2号线站厅中部，换乘平台与深圳湾万象城二期通道连接处；11号线站厅中部。",
        "type": "地铁站无障碍设施",
        "_source": "sz_metro",
        "_osm_type": "node"
      },
      "geometry": {
        "type": "Point",
        "coordinates": [
          113.9353794,
          22.5203848
        ]
      }
    },
    {
      "type": "Feature",
      "properties": {
        "name": "南山站 - 无障碍设施",
        "station": "南山站",
        "line": "11号线",
        "facility": "1.盲道：车站公共区域。\n2.无障碍电梯：站厅到站外：11号线D出入口1部，11号线H出入口1部，12号线B出入口1部；站厅到站台：11号线站厅中部付费区2部，12号线站厅往左炮台东方向付费区头端1部，12号线站厅往左炮台东方向尾端1部，12号线站厅往松岗方向头端1部，12号线站厅往松岗方向尾端1部。\n3.无障碍卫生间：11号线站厅（E1出入口通道内），11号线站台（往碧头方向头端）。\n4.第三卫生间：12号线站台（往左炮台东方向尾端），12号线站台（往松岗方向尾端）。\n5.宽闸机：11号线站厅近A出入口，11号线站厅近E1出入口，12号线站厅客服中心旁。",
        "type": "地铁站无障碍设施",
        "_source": "sz_metro",
        "_osm_type": "node"
      },
      "geometry": {
        "type": "Point",
        "coordinates": [
          113.9187026,
          22.527154
        ]
      }
    },
    {
      "type": "Feature",
      "properties": {
        "name": "前海湾站 - 无障碍设施",
        "station": "前海湾站",
        "line": "11号线",
        "facility": "1.盲道：车站公共区域。\n2.无障碍电梯：站厅到站外：B出入口1部；站厅到站台：1号线站厅中部付费区1部，5号线站厅中部付费区1部，11号线站厅中部付费区1部。\n3.无障碍卫生间：站厅（B出入口通道）。\n4.宽闸机：1号线站厅靠近B出入口；5号线站厅靠近A出入口；11号线站厅。",
        "type": "地铁站无障碍设施",
        "_source": "sz_metro",
        "_osm_type": "node"
      },
      "geometry": {
        "type": "Point",
        "coordinates": [
          113.8927681,
          22.5403059
        ]
      }
    },
    {
      "type": "Feature",
      "properties": {
        "name": "宝安站 - 无障碍设施",
        "station": "宝安站",
        "line": "11号线",
        "facility": "1.盲道：车站公共区域。\n2.无障碍电梯：站厅到站外：D出入口1部，B出入口1部；站厅到站台：站厅中部付费区1部。\n3.无障碍卫生间：站厅（A出入口通道）。\n4.宽闸机：站厅中部。",
        "type": "地铁站无障碍设施",
        "_source": "sz_metro",
        "_osm_type": "node"
      },
      "geometry": {
        "type": "Point",
        "coordinates": [
          113.8755026,
          22.5577281
        ]
      }
    },
    {
      "type": "Feature",
      "properties": {
        "name": "碧海湾站 - 无障碍设施",
        "station": "碧海湾站",
        "line": "11号线",
        "facility": "1.盲道：车站公共区域。\n2.无障碍电梯：站厅到站外：A出入口1部，C出入口1部；站厅到站台：站厅中部付费区1部。\n3.无障碍卫生间：站厅（A出入口通道）。\n4.宽闸机：站厅中部。",
        "type": "地铁站无障碍设施",
        "_source": "sz_metro",
        "_osm_type": "node"
      },
      "geometry": {
        "type": "Point",
        "coordinates": [
          113.8502805,
          22.5787973
        ]
      }
    },
    {
      "type": "Feature",
      "properties": {
        "name": "机场站 - 无障碍设施",
        "station": "机场站",
        "line": "11号线",
        "facility": "1.盲道：车站公共区域。\n2.无障碍电梯：站厅到GTC地面交通中心：B出入口2部，C出入口2部；站厅到航站楼：1#换乘口2部，2#换乘口2部；站厅到站台：站厅中部付费区2部。\n3.无障碍卫生间：站厅（B出入口通道）。\n4.宽闸机：站厅靠近B出入口，站厅靠近A出入口，站厅靠近D出入口。",
        "type": "地铁站无障碍设施",
        "_source": "sz_metro",
        "_osm_type": "node"
      },
      "geometry": {
        "type": "Point",
        "coordinates": [
          113.8089739,
          22.626387
        ]
      }
    },
    {
      "type": "Feature",
      "properties": {
        "name": "机场北站 - 无障碍设施",
        "station": "机场北站",
        "line": "11号线",
        "facility": "1.盲道：车站公共区域。\n2.无障碍电梯：B出入口站厅到站外垂直电梯1部。\n3.无障碍电梯：D出入口站厅到站外垂直电梯1部。\n4.无障碍电梯：站厅到站台垂直电梯1部在11号线站厅付费区中部。\n5.无障碍电梯：站厅到设备层及站台垂直电梯1部在20号线站厅付费区中部。\n6.无障碍卫生间：A出入口通道。\n7.无障碍卫生间：D出入口通道。\n8.无障碍卫生间：11号线站台往碧头方向头端。\n9.无障碍卫生间：20号线站台往会展城方向头端\n10：宽闸机：站厅中部。\n11：宽闸机：站厅两端出站闸机。",
        "type": "地铁站无障碍设施",
        "_source": "sz_metro",
        "_osm_type": "node"
      },
      "geometry": {
        "type": "Point",
        "coordinates": [
          113.7932431,
          22.6541954
        ]
      }
    },
    {
      "type": "Feature",
      "properties": {
        "name": "福永站 - 无障碍设施",
        "station": "福永站",
        "line": "11号线",
        "facility": "1.盲道：车站公共区域。\n2.无障碍电梯：站厅到站外：11号线B出入口1部，11号线C出入口1部，12号线E出入口1部，12号线F出入口1部；站厅到站台：11号线站厅中部付费区1部，12号线站厅中部付费区1部。\n3.无障碍生间：11号线站厅（C出入口通道内），12号线站台（往松岗方向头端）。\n4.第三卫生间：12号线站厅（E出入口通道内）。\n5.宽闸机：站厅中部。",
        "type": "地铁站无障碍设施",
        "_source": "sz_metro",
        "_osm_type": "node"
      },
      "geometry": {
        "type": "Point",
        "coordinates": [
          113.802612,
          22.6783466
        ]
      }
    },
    {
      "type": "Feature",
      "properties": {
        "name": "桥头站 - 无障碍设施",
        "station": "桥头站",
        "line": "11号线",
        "facility": "1.盲道：车站公共区域。\n2.无障碍电梯：站厅到站外：B出入口1部，C出入口1部；站厅到站台：站厅中部付费区1部。\n3.无障碍卫生间：站厅（近C出入口）。\n4.宽闸机：站厅中部；站厅近A出入口。",
        "type": "地铁站无障碍设施",
        "_source": "sz_metro",
        "_osm_type": "node"
      },
      "geometry": {
        "type": "Point",
        "coordinates": [
          113.8059431,
          22.6910062
        ]
      }
    },
    {
      "type": "Feature",
      "properties": {
        "name": "塘尾站 - 无障碍设施",
        "station": "塘尾站",
        "line": "11号线",
        "facility": "1.盲道：车站公共区域。\n2.无障碍电梯：站厅到站外：B出入口1部，C出入口1部；站厅到站台：站厅中部付费区1部。\n3.无障碍卫生间：站厅（近C出入口）。\n4.宽闸机：站厅中部。",
        "type": "地铁站无障碍设施",
        "_source": "sz_metro",
        "_osm_type": "node"
      },
      "geometry": {
        "type": "Point",
        "coordinates": [
          113.8128202,
          22.704935
        ]
      }
    },
    {
      "type": "Feature",
      "properties": {
        "name": "马安山站 - 无障碍设施",
        "station": "马安山站",
        "line": "11号线",
        "facility": "1.盲道：车站公共区域。\n2.无障碍电梯：站厅到站外：B出入口1部，C出入口1部；站厅到站台：站厅中部付费区1部。\n3.无障碍卫生间：站厅（近C出入口）。\n4.宽闸机：站厅中部。",
        "type": "地铁站无障碍设施",
        "_source": "sz_metro",
        "_osm_type": "node"
      },
      "geometry": {
        "type": "Point",
        "coordinates": [
          113.8119522,
          22.7198095
        ]
      }
    },
    {
      "type": "Feature",
      "properties": {
        "name": "沙井站 - 无障碍设施",
        "station": "沙井站",
        "line": "11号线",
        "facility": "1.盲道：车站公共区域。\n2.无障碍电梯：站厅到站外：A出入口1部，D出入口1部；站厅到站台：站厅中部付费区1部。\n3.无障碍卫生间：站厅（近C出入口）。\n4.宽闸机：站厅中部。",
        "type": "地铁站无障碍设施",
        "_source": "sz_metro",
        "_osm_type": "node"
      },
      "geometry": {
        "type": "Point",
        "coordinates": [
          113.8194007,
          22.7335893
        ]
      }
    },
    {
      "type": "Feature",
      "properties": {
        "name": "后亭站 - 无障碍设施",
        "station": "后亭站",
        "line": "11号线",
        "facility": "1.盲道：车站公共区域。\n2.无障碍电梯：站厅到站外：A出入口1部，B出入口1部，D出入口1部；站厅到站台：站厅中部付费区1部。\n3.无障碍卫生间：站厅（A出入口通道）。\n4.宽闸机：站厅中部；站厅近A出入口。",
        "type": "地铁站无障碍设施",
        "_source": "sz_metro",
        "_osm_type": "node"
      },
      "geometry": {
        "type": "Point",
        "coordinates": [
          113.8217817,
          22.7555536
        ]
      }
    },
    {
      "type": "Feature",
      "properties": {
        "name": "松岗站 - 无障碍设施",
        "station": "松岗站",
        "line": "11号线",
        "facility": "1.盲道：车站公共区域。\n2.无障碍电梯：站厅到站外：6、11号线C出入口1部，6、11号线G出入口1部，12号线H出入口1部，12号线K出入口1部；站厅到站台：站厅中部付费区11号线1部，站厅中部付费区6号线2部，12号线站厅中部付费区3部。\n3.无障碍卫生间：6/11号线站厅（近F出入口），6号线站台（往松岗方向中部），6号线站台（往科学馆方向中部），11号线站台（往碧头方向头端）。\n4.第三卫生间：12号线站厅（J出入口通道内），12号线站台（往左炮台东方向头端）。\n5.宽闸机：6、11号线站厅近E出入口，6、11号线站厅近G出入口，12号线站厅客服中心旁。",
        "type": "地铁站无障碍设施",
        "_source": "sz_metro",
        "_osm_type": "node"
      },
      "geometry": {
        "type": "Point",
        "coordinates": [
          113.8246153,
          22.7751914
        ]
      }
    },
    {
      "type": "Feature",
      "properties": {
        "name": "碧头站 - 无障碍设施",
        "station": "碧头站",
        "line": "11号线",
        "facility": "1.盲道：车站公共区域。\n2.无障碍电梯：站厅到站外：B出入口1部，C出入口1部；站厅到站台：站厅中部付费区1部。\n3.无障碍卫生间：站厅（近E出入口）。\n4.宽闸机：站厅中部；站厅近A出入口。",
        "type": "地铁站无障碍设施",
        "_source": "sz_metro",
        "_osm_type": "node"
      },
      "geometry": {
        "type": "Point",
        "coordinates": [
          113.8149923,
          22.7862306
        ]
      }
    },
    {
      "type": "Feature",
      "properties": {
        "name": "左炮台东站 - 无障碍设施",
        "station": "左炮台东站",
        "line": "12号线",
        "facility": "1.盲道：车站公共区域。\n2.无障碍电梯：站厅到站外：B出入口1部（暂停服务），C出入口1部（暂停服务）；站厅到站台：站厅中部付费区1部。\n3.第三卫生间：站厅（A出入口通道内）。\n4.宽闸机：站厅中部。",
        "type": "地铁站无障碍设施",
        "_source": "sz_metro",
        "_osm_type": "node"
      },
      "geometry": {
        "type": "Point",
        "coordinates": [
          113.8962603,
          22.4734087
        ]
      }
    },
    {
      "type": "Feature",
      "properties": {
        "name": "太子湾站 - 无障碍设施",
        "station": "太子湾站",
        "line": "12号线",
        "facility": "1.盲道：车站公共区域。\n2.无障碍电梯：站厅到站外：B出入口1部，C出入口1部；站厅到站台：站厅中部付费区1部。\n3.第三卫生间：站厅（B出入口通道内）。\n4.宽闸机：站厅中部。",
        "type": "地铁站无障碍设施",
        "_source": "sz_metro",
        "_osm_type": "node"
      },
      "geometry": {
        "type": "Point",
        "coordinates": [
          113.9068609,
          22.4761311
        ]
      }
    },
    {
      "type": "Feature",
      "properties": {
        "name": "海上世界站 - 无障碍设施",
        "station": "海上世界站",
        "line": "12号线",
        "facility": "1.盲道：车站公共区域。\n2.无障碍电梯：站厅到站外：2号线C出入口1部，12号线H出入口1部，12号线F出入口1部；站厅到站台：2号线站厅中部付费区1部，12号线站厅中部付费区1部。换乘：2号线12号线站厅换乘1部。\n3.无障碍卫生间：2号线站厅（近D出入口），12号线站台（往松岗方向头端），12号线站厅（近H出入口）。\n4.宽闸机：站厅中部。",
        "type": "地铁站无障碍设施",
        "_source": "sz_metro",
        "_osm_type": "node"
      },
      "geometry": {
        "type": "Point",
        "coordinates": [
          113.9088351,
          22.4880191
        ]
      }
    },
    {
      "type": "Feature",
      "properties": {
        "name": "花果山站 - 无障碍设施",
        "station": "花果山站",
        "line": "12号线",
        "facility": "1.盲道：车站公共区域。\n2.无障碍电梯：站厅到站外：A出入口1部；站厅到站台：站厅中部付费区1部。\n3.第三卫生间：站厅（近B出入口）。                                              \n4.宽闸机：站厅中部。",
        "type": "地铁站无障碍设施",
        "_source": "sz_metro",
        "_osm_type": "node"
      },
      "geometry": {
        "type": "Point",
        "coordinates": [
          113.9141015,
          22.4972856
        ]
      }
    },
    {
      "type": "Feature",
      "properties": {
        "name": "四海站 - 无障碍设施",
        "station": "四海站",
        "line": "12号线",
        "facility": "1.盲道：车站公共区域。\n2.无障碍电梯：站厅到站外：D出入口1部，J出入口1部；站厅到站台：站厅中部付费区2部。\n3.第三卫生间：站厅（近J出入口）。    \n4.宽闸机：站厅（近A出入口），站厅（近D出入口）。",
        "type": "地铁站无障碍设施",
        "_source": "sz_metro",
        "_osm_type": "node"
      },
      "geometry": {
        "type": "Point",
        "coordinates": [
          113.9170382,
          22.5033048
        ]
      }
    },
    {
      "type": "Feature",
      "properties": {
        "name": "南油站 - 无障碍设施",
        "station": "南油站",
        "line": "12号线",
        "facility": "1.盲道：车站公共区域。\n2.无障碍电梯：站厅到站外：A出入口1部，F1出入口1部；站厅到站台：站厅中部付费区2部。\n3.无障碍卫生间：9号线站台（往文锦方向头端）。\n4.第三卫生间：站厅（近E出入口）。\n5.宽闸机：客服中心2旁。",
        "type": "地铁站无障碍设施",
        "_source": "sz_metro",
        "_osm_type": "node"
      },
      "geometry": {
        "type": "Point",
        "coordinates": [
          113.9212265,
          22.5135563
        ]
      }
    },
    {
      "type": "Feature",
      "properties": {
        "name": "南光站 - 无障碍设施",
        "station": "南光站",
        "line": "12号线",
        "facility": "1.盲道：车站公共区域。\n2.无障碍电梯：站厅到站外：B出入口1部；站台到站厅：站厅中部付费区1部。\n3.第三卫生间：站厅（近C出入口）。\n4.宽闸机：客服中心旁。",
        "type": "地铁站无障碍设施",
        "_source": "sz_metro",
        "_osm_type": "node"
      },
      "geometry": {
        "type": "Point",
        "coordinates": [
          113.9196472,
          22.5194767
        ]
      }
    },
    {
      "type": "Feature",
      "properties": {
        "name": "南山站 - 无障碍设施",
        "station": "南山站",
        "line": "12号线",
        "facility": "1.盲道：车站公共区域。\n2.无障碍电梯：站厅到站外：11号线D出入口1部，11号线H出入口1部，12号线B出入口1部；站厅到站台：11号线站厅中部付费区2部，12号线站厅往左炮台东方向付费区头端1部，12号线站厅往左炮台东方向尾端1部，12号线站厅往松岗方向头端1部，12号线站厅往松岗方向尾端1部。\n3.无障碍卫生间：11号线站厅（E1出入口通道内），11号线站台（往碧头方向头端）。\n4.第三卫生间：12号线站台（往左炮台东方向尾端），12号线站台（往松岗方向尾端）。\n5.宽闸机：11号线站厅近A出入口，11号线站厅近E1出入口，12号线站厅客服中心旁。",
        "type": "地铁站无障碍设施",
        "_source": "sz_metro",
        "_osm_type": "node"
      },
      "geometry": {
        "type": "Point",
        "coordinates": [
          113.9187026,
          22.527154
        ]
      }
    },
    {
      "type": "Feature",
      "properties": {
        "name": "桃园站 - 无障碍设施",
        "station": "桃园站",
        "line": "12号线",
        "facility": "1.盲道：车站公共区域。\n2.无障碍电梯：站厅到站外：1号线C出入口1部，12号线E出入口1部；站厅到站台：1号线站厅中部付费区1部，12号线站厅中部付费区1部。\n3.无障碍生间：1号线站厅（C出入口通道内）。\n4.第三卫生间：12号线站厅中部（闸机内）。\n5.宽闸机：1号线站厅中部，12号线站厅中部。",
        "type": "地铁站无障碍设施",
        "_source": "sz_metro",
        "_osm_type": "node"
      },
      "geometry": {
        "type": "Point",
        "coordinates": [
          113.9198061,
          22.5353507
        ]
      }
    },
    {
      "type": "Feature",
      "properties": {
        "name": "南头古城站 - 无障碍设施",
        "station": "南头古城站",
        "line": "12号线",
        "facility": "1.盲道：车站公共区域。\n2.无障碍电梯：站厅到站外：A出入口1部，C出入口1部，D出入口1部，E3出入口1部，E4出入口1部；站厅到站台：站厅中部付费区1部。\n3.第三卫生间：站厅（E出入口通道内）。\n4.宽闸机：客服中心旁。",
        "type": "地铁站无障碍设施",
        "_source": "sz_metro",
        "_osm_type": "node"
      },
      "geometry": {
        "type": "Point",
        "coordinates": [
          113.9194304,
          22.5403527
        ]
      }
    },
    {
      "type": "Feature",
      "properties": {
        "name": "中山公园站 - 无障碍设施",
        "station": "中山公园站",
        "line": "12号线",
        "facility": "1.盲道：车站公共区域。\n2.无障碍电梯：站厅到站外：B出入口1部，D出入口1部；站厅到站台：站厅中部付费区1部。\n3.第三卫生间：站厅（近B出入口）。  \n4.宽闸机：站厅中部。",
        "type": "地铁站无障碍设施",
        "_source": "sz_metro",
        "_osm_type": "node"
      },
      "geometry": {
        "type": "Point",
        "coordinates": [
          113.9184616,
          22.5496509
        ]
      }
    },
    {
      "type": "Feature",
      "properties": {
        "name": "同乐南站 - 无障碍设施",
        "station": "同乐南站",
        "line": "12号线",
        "facility": "1.盲道：车站公共区域。\n2.无障碍电梯：站厅到站外：B出入口1部，C出入口1部；站厅到站台：站厅往左炮台东方向付费区头端1部。\n3.第三卫生间：站厅（近B出入口）。\n4.宽闸机：站厅中部。",
        "type": "地铁站无障碍设施",
        "_source": "sz_metro",
        "_osm_type": "node"
      },
      "geometry": {
        "type": "Point",
        "coordinates": [
          113.9139656,
          22.5593325
        ]
      }
    },
    {
      "type": "Feature",
      "properties": {
        "name": "新安公园站 - 无障碍设施",
        "station": "新安公园站",
        "line": "12号线",
        "facility": "1.盲道：车站公共区域。\n2.无障碍电梯：站厅到站外：B出入口1部；站厅到站台：站厅中部付费区1部。\n3.第三卫生间：站厅（近B出入口）。\n4.宽闸机：站厅中部。",
        "type": "地铁站无障碍设施",
        "_source": "sz_metro",
        "_osm_type": "node"
      },
      "geometry": {
        "type": "Point",
        "coordinates": [
          113.9059616,
          22.5652752
        ]
      }
    },
    {
      "type": "Feature",
      "properties": {
        "name": "灵芝站 - 无障碍设施",
        "station": "灵芝站",
        "line": "12号线",
        "facility": "1.盲道：车站公共区域。\n2.无障碍电梯：站厅至站外：A1出入口1部，C1出入口1部，F出入口1部；站厅至站台：5号线站厅中部付费区1部，12号线站厅中部付费区往松岗方向1部，12号线站厅中部付费区往左炮台东方向1部。\n3.无障碍卫生间：站厅（B出入口通道内）。\n4.第三卫生间：12号线站台（往松岗方向头端），12号线站台（往左炮台东方向尾端）。                          \n5.宽闸机：站厅近F出入口，站厅近A1出入口。",
        "type": "地铁站无障碍设施",
        "_source": "sz_metro",
        "_osm_type": "node"
      },
      "geometry": {
        "type": "Point",
        "coordinates": [
          113.8991983,
          22.572046
        ]
      }
    },
    {
      "type": "Feature",
      "properties": {
        "name": "上川站 - 无障碍设施",
        "station": "上川站",
        "line": "12号线",
        "facility": "1.盲道：车站公共区域。\n2.无障碍电梯：站厅到站外：B2出入口1部；站厅到站台：站厅中部付费区1部。\n3.第三卫生间：站厅（近H出入口）。\n4.宽闸机：站厅中部。",
        "type": "地铁站无障碍设施",
        "_source": "sz_metro",
        "_osm_type": "node"
      },
      "geometry": {
        "type": "Point",
        "coordinates": [
          113.891464,
          22.5797596
        ]
      }
    },
    {
      "type": "Feature",
      "properties": {
        "name": "流塘站 - 无障碍设施",
        "station": "流塘站",
        "line": "12号线",
        "facility": "1.盲道：车站公共区域。\n2.无障碍电梯：站厅到站外：A出入口1部，C出入口1部；站厅到站台：站厅中部付费区1部。\n3.第三卫生间：站厅（近B出入口）。\n4.宽闸机：站厅中部。",
        "type": "地铁站无障碍设施",
        "_source": "sz_metro",
        "_osm_type": "node"
      },
      "geometry": {
        "type": "Point",
        "coordinates": [
          113.8846491,
          22.5866899
        ]
      }
    },
    {
      "type": "Feature",
      "properties": {
        "name": "宝安客运站 - 无障碍设施",
        "station": "宝安客运站",
        "line": "12号线",
        "facility": "1.盲道：车站公共区域。\n2.无障碍电梯：站厅到站外：A出入口1部，B出入口1部；站厅到站台：站厅中部付费区1部。\n3.第三方卫生间：站厅（C出入口通道内）。\n4.宽闸机：站厅中部。",
        "type": "地铁站无障碍设施",
        "_source": "sz_metro",
        "_osm_type": "node"
      },
      "geometry": {
        "type": "Point",
        "coordinates": [
          113.8786706,
          22.5925216
        ]
      }
    },
    {
      "type": "Feature",
      "properties": {
        "name": "宝田一路站 - 无障碍设施",
        "station": "宝田一路站",
        "line": "12号线",
        "facility": "1.盲道：车站公共区域。\n2.无障碍电梯：站厅到站外：A出入口1部，B出入口1部；站厅到站台：站厅中部付费区1部。\n3.第三卫生间：站厅（近A出入口）。\n4.宽闸机：站厅中部。",
        "type": "地铁站无障碍设施",
        "_source": "sz_metro",
        "_osm_type": "node"
      },
      "geometry": {
        "type": "Point",
        "coordinates": [
          113.8735497,
          22.5976255
        ]
      }
    },
    {
      "type": "Feature",
      "properties": {
        "name": "平峦山站 - 无障碍设施",
        "station": "平峦山站",
        "line": "12号线",
        "facility": "1.盲道：车站公共区域。\n2.无障碍电梯：站厅到站外：B出入口1部，C出入口1部；站厅到站台：站厅中部付费区1部。      \n3.第三方卫生间：站厅（A出入口通道内）。      \n4.宽闸机：站厅中部。",
        "type": "地铁站无障碍设施",
        "_source": "sz_metro",
        "_osm_type": "node"
      },
      "geometry": {
        "type": "Point",
        "coordinates": [
          113.864776,
          22.6064509
        ]
      }
    },
    {
      "type": "Feature",
      "properties": {
        "name": "西乡桃源站 - 无障碍设施",
        "station": "西乡桃源站",
        "line": "12号线",
        "facility": "1.盲道：车站公共区域。\n2.无障碍电梯：站厅到站外：A出入口1部、C出入口1部；站厅到站台：站厅中部付费区1部。\n3.第三卫生间：站厅（A出入口通道内）。\n4.宽闸机：站厅中部。",
        "type": "地铁站无障碍设施",
        "_source": "sz_metro",
        "_osm_type": "node"
      },
      "geometry": {
        "type": "Point",
        "coordinates": [
          113.8573436,
          22.6140896
        ]
      }
    },
    {
      "type": "Feature",
      "properties": {
        "name": "钟屋南站 - 无障碍设施",
        "station": "钟屋南站",
        "line": "12号线",
        "facility": "1.盲道：车站公共区域。\n2.无障碍电梯：站厅到站外：A出入口1部，E2出入口1部；站厅到站台：站厅中部付费区1部。\n3.第三卫生间：站厅（B出入口通道内）。                           \n4.宽闸机：站厅中部。",
        "type": "地铁站无障碍设施",
        "_source": "sz_metro",
        "_osm_type": "node"
      },
      "geometry": {
        "type": "Point",
        "coordinates": [
          113.854091,
          22.6218178
        ]
      }
    },
    {
      "type": "Feature",
      "properties": {
        "name": "黄田站 - 无障碍设施",
        "station": "黄田站",
        "line": "12号线",
        "facility": "1.盲道：车站公共区域。\n2.无障碍电梯：站厅到站外：B出入口1部，C出入口1部，D出入口1部；站厅到站台：站厅中部付费区2部。\n3.第三卫生间：站厅（D出入口通道内）。\n4.宽闸机：站厅中部。",
        "type": "地铁站无障碍设施",
        "_source": "sz_metro",
        "_osm_type": "node"
      },
      "geometry": {
        "type": "Point",
        "coordinates": [
          113.8401573,
          22.6339294
        ]
      }
    },
    {
      "type": "Feature",
      "properties": {
        "name": "兴围站 - 无障碍设施",
        "station": "兴围站",
        "line": "12号线",
        "facility": "1.盲道：车站公共区域。\n2.无障碍电梯：站厅到站外：A出入口1部，D出入口1部；站厅到站台：站厅中部付费区1部。\n3.第三卫生间：站厅（C出入口通道内）。\n4.宽闸机：站厅中部。",
        "type": "地铁站无障碍设施",
        "_source": "sz_metro",
        "_osm_type": "node"
      },
      "geometry": {
        "type": "Point",
        "coordinates": [
          113.8294921,
          22.6459396
        ]
      }
    },
    {
      "type": "Feature",
      "properties": {
        "name": "机场东站 - 无障碍设施",
        "station": "机场东站",
        "line": "12号线",
        "facility": "1.盲道：车站公共区域。\n2.无障碍电梯：1号线1层站厅到2层站厅1部，近A出入口；站厅到站外：12号线站厅D出入口1部；站厅到站台：1号线2层站厅中部付费区往机场东方向站台1部，1号线2层站厅中部付费区往罗湖方向站台1部，12号线站厅中部付费区2部。\n3.无障碍卫生间：1号线1层站厅（近无障碍电梯）。\n4.第三卫生间：12号线站厅（D出入口通道内），12号线站台（往松岗方向头端）。\n5.宽闸机：12号线站厅近D出入口，12号线站厅中部。",
        "type": "地铁站无障碍设施",
        "_source": "sz_metro",
        "_osm_type": "node"
      },
      "geometry": {
        "type": "Point",
        "coordinates": [
          113.8170998,
          22.6503143
        ]
      }
    },
    {
      "type": "Feature",
      "properties": {
        "name": "福围站 - 无障碍设施",
        "station": "福围站",
        "line": "12号线",
        "facility": "1.盲道：车站公共区域。\n2.无障碍电梯：站厅到站外：A出入口1部；站厅到站台：站厅中部付费区1部。\n3.第三卫生间：站厅（C出入口通道内）。\n4.宽闸机：站厅中部。",
        "type": "地铁站无障碍设施",
        "_source": "sz_metro",
        "_osm_type": "node"
      },
      "geometry": {
        "type": "Point",
        "coordinates": [
          113.8163368,
          22.6598467
        ]
      }
    },
    {
      "type": "Feature",
      "properties": {
        "name": "怀德站 - 无障碍设施",
        "station": "怀德站",
        "line": "12号线",
        "facility": "1.盲道：车站公共区域。\n2.无障碍电梯：站厅到站外：A出入口1部，C出入口1部；站厅到站台：站厅中部付费区1部。\n3.第三卫生间：站厅（近C出入口）。\n4.宽闸机：客服中心旁。",
        "type": "地铁站无障碍设施",
        "_source": "sz_metro",
        "_osm_type": "node"
      },
      "geometry": {
        "type": "Point",
        "coordinates": [
          113.8140415,
          22.6693828
        ]
      }
    },
    {
      "type": "Feature",
      "properties": {
        "name": "福永站 - 无障碍设施",
        "station": "福永站",
        "line": "12号线",
        "facility": "1.盲道：车站公共区域。\n2.无障碍电梯：站厅到站外：11号线B出入口1部，11号线C出入口1部，12号线E出入口1部，12号线F出入口1部；站厅到站台：11号线站厅中部付费区1部，12号线站厅中部付费区1部。\n3.无障碍生间：11号线站厅（C出入口通道内），12号线站台（往松岗方向头端）。\n4.第三卫生间：12号线站厅（E出入口通道内）。\n5.宽闸机：站厅中部。",
        "type": "地铁站无障碍设施",
        "_source": "sz_metro",
        "_osm_type": "node"
      },
      "geometry": {
        "type": "Point",
        "coordinates": [
          113.802612,
          22.6783466
        ]
      }
    },
    {
      "type": "Feature",
      "properties": {
        "name": "桥头西站 - 无障碍设施",
        "station": "桥头西站",
        "line": "12号线",
        "facility": "1.盲道：车站公共区域。\n2.无障碍电梯：站厅到站外：B出入口1部，C出入口1部；站厅到站台：站厅中部付费区1部。\n3.第三卫生间：站厅（A出入口通道内）。                           \n4.宽闸机：站厅中部。",
        "type": "地铁站无障碍设施",
        "_source": "sz_metro",
        "_osm_type": "node"
      },
      "geometry": {
        "type": "Point",
        "coordinates": [
          113.7923365,
          22.6857775
        ]
      }
    },
    {
      "type": "Feature",
      "properties": {
        "name": "福海西站 - 无障碍设施",
        "station": "福海西站",
        "line": "12号线",
        "facility": "1.盲道：车站公共区域。\n2.无障碍电梯：站厅到站外：C出入口1部，D出入口1部；站厅到站台：站厅中部付费区1部。\n3.第三卫生间：站厅（C出入口通道内）。                           \n4.宽闸机：站厅中部。",
        "type": "地铁站无障碍设施",
        "_source": "sz_metro",
        "_osm_type": "node"
      },
      "geometry": {
        "type": "Point",
        "coordinates": [
          113.7843254,
          22.6912156
        ]
      }
    },
    {
      "type": "Feature",
      "properties": {
        "name": "国展站 - 无障碍设施",
        "station": "国展站",
        "line": "12号线",
        "facility": "1.盲道：车站公共区域。\n2.无障碍电梯：站厅到站外：A出入口1部，C1出入口1部，C2出入口1部；站厅到站台：站厅中部付费区12号线1部，站厅中部付费区20号线1部。\n3.无障碍卫生间：站厅（C1出口通道内），20号线站台（往机场北方向头端）。\n4.宽闸机：站厅中部，站厅近B出入口，站厅近D出入口。",
        "type": "地铁站无障碍设施",
        "_source": "sz_metro",
        "_osm_type": "node"
      },
      "geometry": {
        "type": "Point",
        "coordinates": [
          113.773343,
          22.6982687
        ]
      }
    },
    {
      "type": "Feature",
      "properties": {
        "name": "国展北站 - 无障碍设施",
        "station": "国展北站",
        "line": "12号线",
        "facility": "1.盲道：车站公共区域。\n2.无障碍电梯：站厅到站外：C1出入口1部，C2出入口1部；站厅到站台：站厅中部付费区12号线1部，站厅中部付费区20号线1部。\n3.无障碍卫生间：站厅（C1出入口通道内），20号线站台（往会展城方向头端）。\n4.宽闸机：站厅中部。",
        "type": "地铁站无障碍设施",
        "_source": "sz_metro",
        "_osm_type": "node"
      },
      "geometry": {
        "type": "Point",
        "coordinates": [
          113.7718269,
          22.708033
        ]
      }
    },
    {
      "type": "Feature",
      "properties": {
        "name": "海上田园南站 - 无障碍设施",
        "station": "海上田园南站",
        "line": "12号线",
        "facility": "1.盲道：车站公共区域。\n2.无障碍电梯：站厅到站外：A出入口1部，C出入口1部；站厅到站台：站厅中部付费区1部。                                             \n3.第三卫生间：站厅（C出入口通道内）。\n4.宽闸机：站厅中部。",
        "type": "地铁站无障碍设施",
        "_source": "sz_metro",
        "_osm_type": "node"
      },
      "geometry": {
        "type": "Point",
        "coordinates": [
          113.7693877,
          22.721462
        ]
      }
    },
    {
      "type": "Feature",
      "properties": {
        "name": "海上田园东站 - 无障碍设施",
        "station": "海上田园东站",
        "line": "12号线",
        "facility": "1.盲道：车站公共区域。\n2.无障碍电梯：站厅到站外：A出入口1部，C出入口1部；站厅到站台：站厅中部付费区1部。\n3.无障碍卫生间：站台（往松岗方向头端）。\n4.第三卫生间：站厅（B出入口通道内）。\n5.宽闸机：站厅中部。",
        "type": "地铁站无障碍设施",
        "_source": "sz_metro",
        "_osm_type": "node"
      },
      "geometry": {
        "type": "Point",
        "coordinates": [
          113.7761111,
          22.7339933
        ]
      }
    },
    {
      "type": "Feature",
      "properties": {
        "name": "蚝乡站 - 无障碍设施",
        "station": "蚝乡站",
        "line": "12号线",
        "facility": "1.盲道：车站公共区域。\n2.无障碍电梯：站厅到站外：A出入口1部，D出入口1部；站厅到站台：站厅中部付费区1部。\n3.第三卫生间：站厅（D出入口通道内）。\n4.宽闸机：站厅客服中心旁，站厅近C出入口，站厅近D出入口。",
        "type": "地铁站无障碍设施",
        "_source": "sz_metro",
        "_osm_type": "node"
      },
      "geometry": {
        "type": "Point",
        "coordinates": [
          113.785069,
          22.7434607
        ]
      }
    },
    {
      "type": "Feature",
      "properties": {
        "name": "沙蚝站 - 无障碍设施",
        "station": "沙蚝站",
        "line": "12号线",
        "facility": "1.盲道：车站公共区域。\n2.无障碍电梯：站厅到站外：B出入口1部，C出入口1部；站厅到站台：站厅中部付费区1部。\n3.第三卫生间：站厅（A出入口通道内）。\n4.宽闸机：站厅客服中心旁，站厅近C出入口，站厅近D出入口。",
        "type": "地铁站无障碍设施",
        "_source": "sz_metro",
        "_osm_type": "node"
      },
      "geometry": {
        "type": "Point",
        "coordinates": [
          113.7966431,
          22.7425196
        ]
      }
    },
    {
      "type": "Feature",
      "properties": {
        "name": "沙井古墟站 - 无障碍设施",
        "station": "沙井古墟站",
        "line": "12号线",
        "facility": "1.盲道：车站公共区域。\n2.无障碍电梯：站厅到站外：D出入口1部；站厅到站台：站厅中部付费区1部。                                                                                                                                                                                                                                              \n3.第三卫生间：站厅（D出入口通道内）。\n4.宽闸机：站厅中部。",
        "type": "地铁站无障碍设施",
        "_source": "sz_metro",
        "_osm_type": "node"
      },
      "geometry": {
        "type": "Point",
        "coordinates": [
          113.8034169,
          22.7472142
        ]
      }
    },
    {
      "type": "Feature",
      "properties": {
        "name": "步涌站 - 无障碍设施",
        "station": "步涌站",
        "line": "12号线",
        "facility": "1.盲道：车站公共区域。\n2.无障碍电梯：站厅到站外：B出入口1部，C出入口1部；站厅到站台：站厅中部付费区1部。\n3.第三卫生间：站厅（B出入口通道内）。\n4.宽闸机：站厅客服中心旁，站厅近A出入口，站厅近B出入口。",
        "type": "地铁站无障碍设施",
        "_source": "sz_metro",
        "_osm_type": "node"
      },
      "geometry": {
        "type": "Point",
        "coordinates": [
          113.8074361,
          22.7610369
        ]
      }
    },
    {
      "type": "Feature",
      "properties": {
        "name": "朗下站 - 无障碍设施",
        "station": "朗下站",
        "line": "12号线",
        "facility": "1.盲道：车站公共区域。\n2.无障碍电梯：站厅到站外：B出入口1部，C3出入口1部；站厅到站台：站厅中部付费区1部。\n3.第三卫生间：站厅（D出入口通道内）。                           \n4.宽闸机：站厅客服中心旁，站厅近D出入口。",
        "type": "地铁站无障碍设施",
        "_source": "sz_metro",
        "_osm_type": "node"
      },
      "geometry": {
        "type": "Point",
        "coordinates": [
          113.8130269,
          22.7703924
        ]
      }
    },
    {
      "type": "Feature",
      "properties": {
        "name": "松岗站 - 无障碍设施",
        "station": "松岗站",
        "line": "12号线",
        "facility": "1.盲道：车站公共区域。\n2.无障碍电梯：站厅到站外：6、11号线C出入口1部，6、11号线G出入口1部，12号线H出入口1部，12号线K出入口1部；站厅到站台：站厅中部付费区11号线1部，站厅中部付费区6号线2部，12号线站厅中部付费区3部。\n3.无障碍卫生间：6/11号线站厅（近F出入口），6号线站台（往松岗方向中部），6号线站台（往科学馆方向中部），11号线站台（往碧头方向头端）。\n4.第三卫生间：12号线站厅（J出入口通道内），12号线站台（往左炮台东方向头端）。\n5.宽闸机：6、11号线站厅近E出入口，6、11号线站厅近G出入口，12号线站厅客服中心旁。",
        "type": "地铁站无障碍设施",
        "_source": "sz_metro",
        "_osm_type": "node"
      },
      "geometry": {
        "type": "Point",
        "coordinates": [
          113.8246153,
          22.7751914
        ]
      }
    },
    {
      "type": "Feature",
      "properties": {
        "name": "岗厦北站 - 无障碍设施",
        "station": "岗厦北站",
        "line": "14号线",
        "facility": "1.盲道：车站公共区域。\n2.无障碍电梯：站厅到站外：1出入口1部，7出入口1部，12出入口1部，16出入口1部，19出入口1部；站厅到站台：11/14号线站厅中部付费区4部，2号线站厅站厅中部付费区1部，14号线换乘通道至站厅1部。\n3.无障碍卫生间：10号线站台（往福田口岸方向头端）；10号线站台（往双拥街方向尾端）；16号出入口。\n4.第三卫生间：站厅（近7号出入口）；站厅（近19号出入口）；2&8号线换乘通道（近19号口）。\n5.宽闸机：1出入口旁；12出入口旁；7出入口旁；18出入口旁；2号线站厅中部。",
        "type": "地铁站无障碍设施",
        "_source": "sz_metro",
        "_osm_type": "node"
      },
      "geometry": {
        "type": "Point",
        "coordinates": [
          114.0628443,
          22.5427932
        ]
      }
    },
    {
      "type": "Feature",
      "properties": {
        "name": "黄木岗站 - 无障碍设施",
        "station": "黄木岗站",
        "line": "14号线",
        "facility": "1.盲道：车站公共区域。\n2.无障碍电梯：站厅到站外：1号出入口1部，2号出入口1部，3号出入口1部，4号出入口1部，5号出入口1部，6A出入口1部，8A出入口1部，8B出入口1部，9A出入口1部，9B出入口1部，10号出入口1部，11号出入口1部，12B出入口1部，13号出入口1部，14号出入口1部，15号出入口1部；负三层站台往负二层站台：负三层站台中部2部，负三层站台两端各1部；负二层站台往站厅：负二层站台两端非付费区各1部。\n3.无障碍卫生间：负三层站台（7号线往深大丽湖方向站台尾端），10号出入口旁。\n4.第三卫生间：1号出入口旁，5号出入口旁，8A出入口旁，13号出入口往14号出入口通道旁，负二层站台（14号线往沙田方向站台尾端），负三层站台（14号线往岗厦北方向站台头端）。\n5.宽闸机：负二层站台两端客服中心旁，负三层站台两端客服中心旁。",
        "type": "地铁站无障碍设施",
        "_source": "sz_metro",
        "_osm_type": "node"
      },
      "geometry": {
        "type": "Point",
        "coordinates": [
          114.0821888,
          22.5585802
        ]
      }
    },
    {
      "type": "Feature",
      "properties": {
        "name": "罗湖北站 - 无障碍设施",
        "station": "罗湖北站",
        "line": "14号线",
        "facility": "1.盲道：车站公共区域。\n2.无障碍电梯：站厅到站台垂直电梯4部在站厅付费区内、G出入口站厅到出入口垂直电梯1部。\n3.第三卫生间：B出入口旁、14号线站台往沙田方向头端、14号线站台往岗厦北方向尾端。     \n4.宽闸机：客服中心1部。",
        "type": "地铁站无障碍设施",
        "_source": "sz_metro",
        "_osm_type": "node"
      },
      "geometry": {
        "type": "Point",
        "coordinates": [
          114.1079178,
          22.5835265
        ]
      }
    },
    {
      "type": "Feature",
      "properties": {
        "name": "布吉站 - 无障碍设施",
        "station": "布吉站",
        "line": "14号线",
        "facility": "1.盲道：车站公共区域。\n2.无障碍电梯：站厅到站外：C出入口站厅到C口平台付费区无障碍电梯2部 ，14号线E1出入口站厅到E1口站厅到站外无障碍电梯1部，14号线东广场东01号，东02号到东广场公交站、深圳东火车站，5号线东广场东03号，东04号到布吉街、深圳东火车站（5号线）。\n站厅到站厅：14号线站厅至5号线站厅无障碍电梯2部。14号线C口平台至3号线站厅无障碍电梯1部，14号线、3号线站厅到5号线站厅无障碍电梯1部（3号线）；\n站厅到站台：3号线站厅到站台无障碍电梯1部，3号线、5号线站厅到站台无障碍电梯1部，5号线、14号线站厅到站台无障碍电梯2部在站厅付费区内中部（14号线）。\n3.第三卫生间：D出入口旁。（14号线），14号线站台往沙田方向头端（14号线）。\n4.宽闸机：14号线站厅中部（14号线），C口平台客服中心旁（14号线），3号线站厅客服中心旁（3号线），3号线站厅B出口（3号线）。",
        "type": "地铁站无障碍设施",
        "_source": "sz_metro",
        "_osm_type": "node"
      },
      "geometry": {
        "type": "Point",
        "coordinates": [
          114.1165075,
          22.6044178
        ]
      }
    },
    {
      "type": "Feature",
      "properties": {
        "name": "石芽岭站 - 无障碍设施",
        "station": "石芽岭站",
        "line": "14号线",
        "facility": "1.盲道：车站公共区域。\n2.无障碍电梯：站厅到站台：站厅付费区内中部1部、站厅到出入口：B出入口1部、K出入口1部。\n3.第三卫生间：H出入口通道、往岗厦北方向站台尾端。\n4.宽闸机：站厅中部客服中心附近、站厅中部无障碍电梯旁 。",
        "type": "地铁站无障碍设施",
        "_source": "sz_metro",
        "_osm_type": "node"
      },
      "geometry": {
        "type": "Point",
        "coordinates": [
          114.1328049,
          22.6311356
        ]
      }
    },
    {
      "type": "Feature",
      "properties": {
        "name": "六约北站 - 无障碍设施",
        "station": "六约北站",
        "line": "14号线",
        "facility": "1.盲道：车站公共区域。\n2.无障碍电梯：站厅到站外：A出入口1部，D出入口1部；站厅到站台：站厅中部付费区1部。 \n3.第三卫生间：站厅（近B出入口）。                           \n4.宽闸机：站厅中部。",
        "type": "地铁站无障碍设施",
        "_source": "sz_metro",
        "_osm_type": "node"
      },
      "geometry": {
        "type": "Point",
        "coordinates": [
          114.1707378,
          22.645337
        ]
      }
    },
    {
      "type": "Feature",
      "properties": {
        "name": "四联站 - 无障碍设施",
        "station": "四联站",
        "line": "14号线",
        "facility": "1.盲道：车站公共区域。\n2.无障碍电梯：14号线站厅到站台1部在站厅付费区内中部。\n3.无障碍电梯：A出入口1部，B出入口1部，E1出入口站厅到出入口1部。\n4.第三方卫生间：站厅D口通道、往岗厦北方向站台尾端。\n5.宽闸机：站厅客服中心旁2部、夹层客服中心旁1部。",
        "type": "地铁站无障碍设施",
        "_source": "sz_metro",
        "_osm_type": "node"
      },
      "geometry": {
        "type": "Point",
        "coordinates": [
          114.1880265,
          22.6513088
        ]
      }
    },
    {
      "type": "Feature",
      "properties": {
        "name": "坳背站 - 无障碍设施",
        "station": "坳背站",
        "line": "14号线",
        "facility": "1.盲道：车站公共区域。\n2.无障碍电梯：站厅到站外：C出入口1部，D出入口1部；站厅到站台：站厅中部付费区2部。                                   \n3.第三卫生间：站厅（近A出入口），14号线站台（往岗厦北方向头端），14号线站台（往沙田方向尾端）。\n4.宽闸机：客服中心旁。",
        "type": "地铁站无障碍设施",
        "_source": "sz_metro",
        "_osm_type": "node"
      },
      "geometry": {
        "type": "Point",
        "coordinates": [
          114.2087583,
          22.6718343
        ]
      }
    },
    {
      "type": "Feature",
      "properties": {
        "name": "大运站 - 无障碍设施",
        "station": "大运站",
        "line": "14号线",
        "facility": "1.盲道：车站公共区域。\n2.无障碍电梯：站厅到站外：2、3、5、10A、11、13号出入口各一部，14号出入口2部；站厅到站台：3号线站厅付费区中部2部，14/16站厅付费区中部2部；换乘通道：14/16站厅到3号线站厅4部。\n3.第三卫生间：11/12出入口通道；往14号线往岗厦北/16园山西坑站台尾端；往14号线沙田/16号田心站台尾端。\n4.宽闸机：3号线站厅智能客服中心旁；14/16号线站厅智能客服中心1旁；14/16号线站厅智能客服中心2。",
        "type": "地铁站无障碍设施",
        "_source": "sz_metro",
        "_osm_type": "node"
      },
      "geometry": {
        "type": "Point",
        "coordinates": [
          114.222823,
          22.6886005
        ]
      }
    },
    {
      "type": "Feature",
      "properties": {
        "name": "嶂背站 - 无障碍设施",
        "station": "嶂背站",
        "line": "14号线",
        "facility": "2.无障碍电梯：站厅到站外：2、3、5、10A、11、13号出入口各一部，14号出入口2部；站厅到站台：3号线站厅付费区中部2部，14/16站厅付费区中部2部；换乘通道：14/16站厅到3号线站厅4部。",
        "type": "地铁站无障碍设施",
        "_source": "sz_metro",
        "_osm_type": "node"
      },
      "geometry": {
        "type": "Point",
        "coordinates": [
          114.2453158,
          22.6947375
        ]
      }
    },
    {
      "type": "Feature",
      "properties": {
        "name": "南约站 - 无障碍设施",
        "station": "南约站",
        "line": "14号线",
        "facility": "3.第三卫生间：11/12出入口通道；往14号线往岗厦北/16园山西坑站台尾端；往14号线沙田/16号田心站台尾端。",
        "type": "地铁站无障碍设施",
        "_source": "sz_metro",
        "_osm_type": "node"
      },
      "geometry": {
        "type": "Point",
        "coordinates": [
          114.272893,
          22.6907639
        ]
      }
    },
    {
      "type": "Feature",
      "properties": {
        "name": "宝龙站 - 无障碍设施",
        "station": "宝龙站",
        "line": "14号线",
        "facility": "4.宽闸机：3号线站厅智能客服中心旁；14/16号线站厅智能客服中心1旁；14/16号线站厅智能客服中心2。",
        "type": "地铁站无障碍设施",
        "_source": "sz_metro",
        "_osm_type": "node"
      },
      "geometry": {
        "type": "Point",
        "coordinates": [
          114.2929874,
          22.6911903
        ]
      }
    },
    {
      "type": "Feature",
      "properties": {
        "name": "锦龙站 - 无障碍设施",
        "station": "锦龙站",
        "line": "14号线",
        "facility": "1.盲道：车站公共区域。\n2.无障碍电梯：站厅到站台：站厅付费区内中部1部；站厅到站外：C2出入口1部。\n3.第三卫生间：A出入口旁。\n4.宽闸机：站厅中部1部，客服中心旁1部。",
        "type": "地铁站无障碍设施",
        "_source": "sz_metro",
        "_osm_type": "node"
      },
      "geometry": {
        "type": "Point",
        "coordinates": [
          114.3289793,
          22.6829134
        ]
      }
    },
    {
      "type": "Feature",
      "properties": {
        "name": "坪山围站 - 无障碍设施",
        "station": "坪山围站",
        "line": "14号线",
        "facility": "1.盲道：车站公共区域。\n2.无障碍电梯：14号线站厅到14号线站台、16号线换乘通道1部在14号线站厅付费区内中部，16号线站厅到16号线站台1部在16号线站厅付费区内中部，A出入口到站外无障碍电梯1部（14号线），B出入口到站外无障碍电梯1部（14号线），C出入口到站外无障碍电梯1部，D出入口到站外无障碍电梯1部，E出入口到站外无障碍电梯1部（16号线），F出入口到站外无障碍电梯1部（16号线）。\n3.第三卫生间：C出入口通道。 （16号线）。14号线站台往岗厦北方向尾端。\n4.宽闸机：14号线站厅客服中心旁，16号线站厅客服中心旁，16号线站厅近E出入口，16号线站厅近F出入口。",
        "type": "地铁站无障碍设施",
        "_source": "sz_metro",
        "_osm_type": "node"
      },
      "geometry": {
        "type": "Point",
        "coordinates": [
          114.3374248,
          22.6940392
        ]
      }
    },
    {
      "type": "Feature",
      "properties": {
        "name": "坪山广场站 - 无障碍设施",
        "station": "坪山广场站",
        "line": "14号线",
        "facility": "1.盲道：车站公共区域。\n2.无障碍电梯：站厅到站外：C2出入口1部、D2出入口1部；站厅到站台：站厅中部付费区1部。\n3.第三卫生间：站厅（A出入口通道旁）。\n4.宽闸机：站厅中部。",
        "type": "地铁站无障碍设施",
        "_source": "sz_metro",
        "_osm_type": "node"
      },
      "geometry": {
        "type": "Point",
        "coordinates": [
          114.3437289,
          22.7033433
        ]
      }
    },
    {
      "type": "Feature",
      "properties": {
        "name": "坪山中心站 - 无障碍设施",
        "station": "坪山中心站",
        "line": "14号线",
        "facility": "1.盲道：车站公共区域。\n2.无障碍电梯：A出入口1部、C出入口1部；站厅到站台：站厅中部付费区1部。\n3.第三卫生间：站厅：（C出入口通道旁）；站台（往沙田方向头端）。\n4.宽闸机：站厅中部。",
        "type": "地铁站无障碍设施",
        "_source": "sz_metro",
        "_osm_type": "node"
      },
      "geometry": {
        "type": "Point",
        "coordinates": [
          114.3466814,
          22.7137077
        ]
      }
    },
    {
      "type": "Feature",
      "properties": {
        "name": "坑梓站 - 无障碍设施",
        "station": "坑梓站",
        "line": "14号线",
        "facility": "1.盲道：车站公共区域。\n2.无障碍电梯：站厅到站外：A出入口1部，C出入口1部；站厅到站台： 站厅中部付费区1部。                                  \n3.第三方卫生间：：站厅（C出入口通道内）。                           \n4.宽闸机：站厅中部。",
        "type": "地铁站无障碍设施",
        "_source": "sz_metro",
        "_osm_type": "node"
      },
      "geometry": {
        "type": "Point",
        "coordinates": [
          114.3659273,
          22.747963
        ]
      }
    },
    {
      "type": "Feature",
      "properties": {
        "name": "沙田站 - 无障碍设施",
        "station": "沙田站",
        "line": "14号线",
        "facility": "1.盲道：车站公共区域。\n2.无障碍电梯：B出入口1部，D出入口1部；站厅到站台：站厅中部付费区1部。\n3.第三方卫生间：站厅：（D出入口通道旁）；站台（往沙田方向头端）。\n4.宽闸机：站厅中部。",
        "type": "地铁站无障碍设施",
        "_source": "sz_metro",
        "_osm_type": "node"
      },
      "geometry": {
        "type": "Point",
        "coordinates": [
          114.3955296,
          22.7587003
        ]
      }
    },
    {
      "type": "Feature",
      "properties": {
        "name": "园山西坑站 - 无障碍设施",
        "station": "园山西坑站",
        "line": "16号线",
        "facility": "1.盲道：车站公共区域。\n2.无障碍电梯：站厅到站外：B出入口1部，D出入口1部；站厅到站台：站厅中部付费区1部。\n3.第三卫生间：站厅（A出入口通道）。\n4.宽闸机：站厅中部客服中心旁、近A出入口出站闸机、近B出入口出站闸机。",
        "type": "地铁站无障碍设施",
        "_source": "sz_metro",
        "_osm_type": "node"
      },
      "geometry": {
        "type": "Point",
        "coordinates": [
          114.2201636,
          22.6188804
        ]
      }
    },
    {
      "type": "Feature",
      "properties": {
        "name": "安良站 - 无障碍设施",
        "station": "安良站",
        "line": "16号线",
        "facility": "1.盲道：车站公共区域。\n2.无障碍电梯：站厅到站外：B出入口1部，C出入口1部；站厅到站台：站厅中部付费区2部。\n3.第三卫生间：站厅（B出入口通道）。\n4.宽闸机：站厅中部客服中心旁、近A出入口出站闸机、近B出入口出站闸机、近C出入口出站闸机、近D出入口出站闸机。",
        "type": "地铁站无障碍设施",
        "_source": "sz_metro",
        "_osm_type": "node"
      },
      "geometry": {
        "type": "Point",
        "coordinates": [
          114.2149402,
          22.6305497
        ]
      }
    },
    {
      "type": "Feature",
      "properties": {
        "name": "福坑站 - 无障碍设施",
        "station": "福坑站",
        "line": "16号线",
        "facility": "1.盲道：车站公共区域。\n2.无障碍电梯：站厅到站外：A出入口1部，C出入口1部；站厅到站台：站厅中部付费区1部。\n3.第三卫生间：站厅（A出入口通道）。\n4.宽闸机：站厅中部客服中心旁，近C出入口出站闸机、近D出入口出站闸机。",
        "type": "地铁站无障碍设施",
        "_source": "sz_metro",
        "_osm_type": "node"
      },
      "geometry": {
        "type": "Point",
        "coordinates": [
          114.2172785,
          22.6385104
        ]
      }
    },
    {
      "type": "Feature",
      "properties": {
        "name": "大康站 - 无障碍设施",
        "station": "大康站",
        "line": "16号线",
        "facility": "1.盲道：车站公共区域。\n2.无障碍电梯：站厅到站外：B出入口1部，D出入口1部；站厅到站台：站厅中部付费区1部。\n3.第三卫生间：站厅（B出入口通道）。\n4.宽闸机：站厅中部客服中心旁、近C出入口出站闸机、近D出入口出站闸机。",
        "type": "地铁站无障碍设施",
        "_source": "sz_metro",
        "_osm_type": "node"
      },
      "geometry": {
        "type": "Point",
        "coordinates": [
          114.2245329,
          22.6420133
        ]
      }
    },
    {
      "type": "Feature",
      "properties": {
        "name": "园山站 - 无障碍设施",
        "station": "园山站",
        "line": "16号线",
        "facility": "1.盲道：车站公共区域。\n2.无障碍电梯：站厅到站外：B出入口1部，D出入口1部；站厅到站台：站厅中部付费区1部。\n3.第三卫生间：站厅（C出入口通道）。\n4.宽闸机：站厅中部客服中心旁；近C出入口出站闸机；近D出入口出站闸机。",
        "type": "地铁站无障碍设施",
        "_source": "sz_metro",
        "_osm_type": "node"
      },
      "geometry": {
        "type": "Point",
        "coordinates": [
          114.2331871,
          22.6483337
        ]
      }
    },
    {
      "type": "Feature",
      "properties": {
        "name": "大安站 - 无障碍设施",
        "station": "大安站",
        "line": "16号线",
        "facility": "1.盲道：车站公共区域。\n2.无障碍电梯：站厅到站外：A出入口1部；站厅到站台：站厅中部付费区1部。\n3.第三卫生间：站厅（B出入口通道）。\n4.宽闸机：站厅中部客服中心旁、近A出入口出站闸机、近B出入口出站闸机。",
        "type": "地铁站无障碍设施",
        "_source": "sz_metro",
        "_osm_type": "node"
      },
      "geometry": {
        "type": "Point",
        "coordinates": [
          114.2310491,
          22.6577327
        ]
      }
    },
    {
      "type": "Feature",
      "properties": {
        "name": "吉溪站 - 无障碍设施",
        "station": "吉溪站",
        "line": "16号线",
        "facility": "1.盲道：车站公共区域。\n2.无障碍电梯：站厅到站外：A出入口1部，B出入口1部；站厅到站台：站厅中部付费区1部。\n3.第三卫生间：站厅（B出入口对面）。\n4.宽闸机：站厅中部客服中心旁、近B出入口出站闸机、近C出入口出站闸机。",
        "type": "地铁站无障碍设施",
        "_source": "sz_metro",
        "_osm_type": "node"
      },
      "geometry": {
        "type": "Point",
        "coordinates": [
          114.2277539,
          22.6632515
        ]
      }
    },
    {
      "type": "Feature",
      "properties": {
        "name": "金源站 - 无障碍设施",
        "station": "金源站",
        "line": "16号线",
        "facility": "1.盲道：车站公共区域。\n2.无障碍电梯：站厅到站外：B出入口1部，C出入口1部；站厅到站台：站厅中部付费区1部。\n3.第三卫生间：站厅C出入口通道。\n4.宽闸机：站厅中部客服中心旁、近B出入口旁、近A出入口旁。",
        "type": "地铁站无障碍设施",
        "_source": "sz_metro",
        "_osm_type": "node"
      },
      "geometry": {
        "type": "Point",
        "coordinates": [
          114.226688,
          22.6759777
        ]
      }
    },
    {
      "type": "Feature",
      "properties": {
        "name": "大运站 - 无障碍设施",
        "station": "大运站",
        "line": "16号线",
        "facility": "1.盲道：车站公共区域。\n2.无障碍电梯：站厅到站外：2、3、5、10A、11、13号出入口各一部，14号出入口2部；站厅到站台：3号线站厅付费区中部2部，14/16站厅付费区中部2部；换乘通道：14/16站厅到3号线站厅4部。\n3.第三卫生间：11/12出入口通道；往14号线往岗厦北/16园山西坑站台尾端；往14号线沙田/16号田心站台尾端。\n4.宽闸机：3号线站厅智能客服中心旁；14/16号线站厅智能客服中心1旁；14/16号线站厅智能客服中心2。",
        "type": "地铁站无障碍设施",
        "_source": "sz_metro",
        "_osm_type": "node"
      },
      "geometry": {
        "type": "Point",
        "coordinates": [
          114.222823,
          22.6886005
        ]
      }
    },
    {
      "type": "Feature",
      "properties": {
        "name": "大运中心站 - 无障碍设施",
        "station": "大运中心站",
        "line": "16号线",
        "facility": "1.盲道：车站公共区域。\n2.无障碍电梯：站厅到站外：A2出入口1部，D出入口1部；站厅到站台：站厅中部付费区1部。\n3.第三卫生间：C出入口通道。\n4.宽闸机：站厅中部。",
        "type": "地铁站无障碍设施",
        "_source": "sz_metro",
        "_osm_type": "node"
      },
      "geometry": {
        "type": "Point",
        "coordinates": [
          114.2156531,
          22.6983619
        ]
      }
    },
    {
      "type": "Feature",
      "properties": {
        "name": "龙城公园站 - 无障碍设施",
        "station": "龙城公园站",
        "line": "16号线",
        "facility": "1.盲道：车站公共区域。\n2.无障碍电梯：站厅到站外：C出入口1部，D出入口1部；站厅到站台：站厅中部付费区1部。\n3.第三卫生间：A出入口通道。\n4.宽闸机：站厅中部。",
        "type": "地铁站无障碍设施",
        "_source": "sz_metro",
        "_osm_type": "node"
      },
      "geometry": {
        "type": "Point",
        "coordinates": [
          114.2135657,
          22.7072487
        ]
      }
    },
    {
      "type": "Feature",
      "properties": {
        "name": "黄阁坑站 - 无障碍设施",
        "station": "黄阁坑站",
        "line": "16号线",
        "facility": "1.盲道：车站公共区域。\n2.无障碍电梯：站厅到站外：C出入口1部，B出入口1部；双方向换乘区域：站厅付费区2部，站厅非付费区4部。                                  \n3.第三卫生间：站厅近C出入口。         \n4.宽闸机：站厅中部。",
        "type": "地铁站无障碍设施",
        "_source": "sz_metro",
        "_osm_type": "node"
      },
      "geometry": {
        "type": "Point",
        "coordinates": [
          114.2133411,
          22.7220594
        ]
      }
    },
    {
      "type": "Feature",
      "properties": {
        "name": "愉园站 - 无障碍设施",
        "station": "愉园站",
        "line": "16号线",
        "facility": "1.盲道：车站公共区域。\n2.无障碍电梯：站厅到站外：B出入口1部，D出入口1部；站厅到站台：站厅中部付费区1部。\n3.第三卫生间：B出入口通道内。\n4.宽闸机：站厅客服中心旁。",
        "type": "地铁站无障碍设施",
        "_source": "sz_metro",
        "_osm_type": "node"
      },
      "geometry": {
        "type": "Point",
        "coordinates": [
          114.2184935,
          22.7311092
        ]
      }
    },
    {
      "type": "Feature",
      "properties": {
        "name": "回龙埔站 - 无障碍设施",
        "station": "回龙埔站",
        "line": "16号线",
        "facility": "1.盲道：车站公共区域。\n2.无障碍电梯：站厅到站外：B出入口1部，C出入口1部；站厅到站台：站厅中部付费区1部。\n3.第三卫生间：C出入口通道内。\n4.宽闸机：站厅客服中心旁。",
        "type": "地铁站无障碍设施",
        "_source": "sz_metro",
        "_osm_type": "node"
      },
      "geometry": {
        "type": "Point",
        "coordinates": [
          114.2310832,
          22.7319875
        ]
      }
    },
    {
      "type": "Feature",
      "properties": {
        "name": "尚景站 - 无障碍设施",
        "station": "尚景站",
        "line": "16号线",
        "facility": "1.盲道：车站公共区域。\n2.无障碍电梯：站厅到站外：A出入口1部，C出入口1部；站厅到站台：站厅中部付费区1部。\n3.第三卫生间：D出入口通道内。\n4.宽闸机：站厅客服中心旁。",
        "type": "地铁站无障碍设施",
        "_source": "sz_metro",
        "_osm_type": "node"
      },
      "geometry": {
        "type": "Point",
        "coordinates": [
          114.2388844,
          22.7321725
        ]
      }
    },
    {
      "type": "Feature",
      "properties": {
        "name": "盛平站 - 无障碍设施",
        "station": "盛平站",
        "line": "16号线",
        "facility": "1.盲道：车站公共区域。\n2.无障碍电梯：站厅到站外：A出入口1部，C出入口1部；站厅到站台：站厅中部付费区1部。\n3.第三卫生间：D出入口通道内。\n4.宽闸机：站厅客服中心旁。",
        "type": "地铁站无障碍设施",
        "_source": "sz_metro",
        "_osm_type": "node"
      },
      "geometry": {
        "type": "Point",
        "coordinates": [
          114.247672,
          22.7344012
        ]
      }
    },
    {
      "type": "Feature",
      "properties": {
        "name": "龙园站 - 无障碍设施",
        "station": "龙园站",
        "line": "16号线",
        "facility": "1.盲道：车站公共区域。\n2.无障碍电梯：站厅到站外：B出入口1部；站厅到站台：站厅付费区近D出入口1部。\n3.第三卫生间：C出入口通道内。\n4.宽闸机：站厅客服中心旁。",
        "type": "地铁站无障碍设施",
        "_source": "sz_metro",
        "_osm_type": "node"
      },
      "geometry": {
        "type": "Point",
        "coordinates": [
          114.261476,
          22.7338548
        ]
      }
    },
    {
      "type": "Feature",
      "properties": {
        "name": "双龙站 - 无障碍设施",
        "station": "双龙站",
        "line": "16号线",
        "facility": "1.盲道：车站公共区域。\n2.无障碍电梯：站厅到站外：C出入口1部，B出入口外1部；站厅到站台：3号线站厅付费区内中部1部，16号线站厅付费区中部1部；换乘通道：16号线站厅一层到3号线站厅二层1部。\n3.第三卫生间：16号线站台（往园山西坑方向尾端）。\n4.宽闸机：3号线站厅客服中心旁，16号线站厅客服中心旁，16号线站厅近F出入口，16号线站厅近G2出入口，16号线站厅近H出入口。",
        "type": "地铁站无障碍设施",
        "_source": "sz_metro",
        "_osm_type": "node"
      },
      "geometry": {
        "type": "Point",
        "coordinates": [
          114.2723894,
          22.7321167
        ]
      }
    },
    {
      "type": "Feature",
      "properties": {
        "name": "新塘围站 - 无障碍设施",
        "station": "新塘围站",
        "line": "16号线",
        "facility": "1.盲道：车站公共区域。\n2.无障碍电梯：站厅到站外：A出入口1部，D出入口1部；站厅到站台：站厅中部付费区1部。\n3.第三卫生间：站厅D出入口通道内。\n4.宽闸机：站厅中部客服旁。",
        "type": "地铁站无障碍设施",
        "_source": "sz_metro",
        "_osm_type": "node"
      },
      "geometry": {
        "type": "Point",
        "coordinates": [
          114.2811942,
          22.7284271
        ]
      }
    },
    {
      "type": "Feature",
      "properties": {
        "name": "龙东站 - 无障碍设施",
        "station": "龙东站",
        "line": "16号线",
        "facility": "1.盲道：车站公共区域。\n2.无障碍电梯：站厅到站外：A1出入口1部、A3出入口1部；站厅到站台：站厅付费区1部。\n3.第三卫生间：站厅B出入口通道内。\n4.宽闸机：站厅中部客服旁。",
        "type": "地铁站无障碍设施",
        "_source": "sz_metro",
        "_osm_type": "node"
      },
      "geometry": {
        "type": "Point",
        "coordinates": [
          114.2915182,
          22.7244754
        ]
      }
    },
    {
      "type": "Feature",
      "properties": {
        "name": "宝龙同乐站 - 无障碍设施",
        "station": "宝龙同乐站",
        "line": "16号线",
        "facility": "1.盲道：车站公共区域。\n2.无障碍电梯：站厅到站外：A出入口1部，C出入口1部；站厅到站台：站厅中部付费区1部。\n3.第三卫生间：站厅C出入口通道内。\n4.宽闸机：站厅中部。",
        "type": "地铁站无障碍设施",
        "_source": "sz_metro",
        "_osm_type": "node"
      },
      "geometry": {
        "type": "Point",
        "coordinates": [
          114.3074206,
          22.7120271
        ]
      }
    },
    {
      "type": "Feature",
      "properties": {
        "name": "坪山站 - 无障碍设施",
        "station": "坪山站",
        "line": "16号线",
        "facility": "1.盲道：车站公共区域。\n2.无障碍电梯：站厅到站外：A出入口1部，D出入口1部；站厅到站台：站厅中部付费区1部\n3.第三卫生间：站厅B出入口通道内。\n4.宽闸机：站厅中部。",
        "type": "地铁站无障碍设施",
        "_source": "sz_metro",
        "_osm_type": "node"
      },
      "geometry": {
        "type": "Point",
        "coordinates": [
          114.3227002,
          22.7086738
        ]
      }
    },
    {
      "type": "Feature",
      "properties": {
        "name": "新和站 - 无障碍设施",
        "station": "新和站",
        "line": "16号线",
        "facility": "1.盲道：车站公共区域。\n2.无障碍电梯：站厅到站外：B出入口1部，D出入口1部；\n站厅到站台：站厅中部付费区1部。\n3.第三卫生间：站厅近D出入口。\n4.宽闸机：站厅中部。",
        "type": "地铁站无障碍设施",
        "_source": "sz_metro",
        "_osm_type": "node"
      },
      "geometry": {
        "type": "Point",
        "coordinates": [
          114.330522,
          22.706018
        ]
      }
    },
    {
      "type": "Feature",
      "properties": {
        "name": "六和站 - 无障碍设施",
        "station": "六和站",
        "line": "16号线",
        "facility": "1.盲道：车站公共区域。\n2.无障碍电梯：站厅到站外：A3出入口1部，B2出入口1部；站厅到站台：站厅中部付费区1部。\n3.第三卫生间：站厅A出入口通道内。\n4.宽闸机：站厅中部。",
        "type": "地铁站无障碍设施",
        "_source": "sz_metro",
        "_osm_type": "node"
      },
      "geometry": {
        "type": "Point",
        "coordinates": [
          114.3328291,
          22.6986338
        ]
      }
    },
    {
      "type": "Feature",
      "properties": {
        "name": "坪山围站 - 无障碍设施",
        "station": "坪山围站",
        "line": "16号线",
        "facility": "1.盲道：车站公共区域。\n2.无障碍电梯：14号线站厅到14号线站台、16号线换乘通道1部在14号线站厅付费区内中部，16号线站厅到16号线站台1部在16号线站厅付费区内中部，A出入口到站外无障碍电梯1部（14号线），B出入口到站外无障碍电梯1部（14号线），C出入口到站外无障碍电梯1部，D出入口到站外无障碍电梯1部，E出入口到站外无障碍电梯1部（16号线），F出入口到站外无障碍电梯1部（16号线）。\n3.第三卫生间：C出入口通道。 （16号线）。14号线站台往岗厦北方向尾端。\n4.宽闸机：14号线站厅客服中心旁，16号线站厅客服中心旁，16号线站厅近E出入口，16号线站厅近F出入口。",
        "type": "地铁站无障碍设施",
        "_source": "sz_metro",
        "_osm_type": "node"
      },
      "geometry": {
        "type": "Point",
        "coordinates": [
          114.3374248,
          22.6940392
        ]
      }
    },
    {
      "type": "Feature",
      "properties": {
        "name": "坪环站 - 无障碍设施",
        "station": "坪环站",
        "line": "16号线",
        "facility": "1.盲道：车站公共区域。\n2.无障碍电梯：站厅到站外：A1出入口1部，A2出入口1部；站厅到站台：站厅中部付费区1部。\n3.第三卫生间：站厅D出入口旁。\n4.宽闸机：站厅客服中心旁。",
        "type": "地铁站无障碍设施",
        "_source": "sz_metro",
        "_osm_type": "node"
      },
      "geometry": {
        "type": "Point",
        "coordinates": [
          114.3416582,
          22.6880888
        ]
      }
    },
    {
      "type": "Feature",
      "properties": {
        "name": "东纵纪念馆站 - 无障碍设施",
        "station": "东纵纪念馆站",
        "line": "16号线",
        "facility": "1.盲道：车站公共区域。\n2.无障碍电梯：站厅到站外：B出入口1部，D出入口1部；站厅到站台：站厅中部付费区1部。\n3.第三卫生间：A出入口通道。\n4.宽闸机：站厅客服中心旁。",
        "type": "地铁站无障碍设施",
        "_source": "sz_metro",
        "_osm_type": "node"
      },
      "geometry": {
        "type": "Point",
        "coordinates": [
          114.3508246,
          22.6887952
        ]
      }
    },
    {
      "type": "Feature",
      "properties": {
        "name": "沙壆站 - 无障碍设施",
        "station": "沙壆站",
        "line": "16号线",
        "facility": "1.盲道：车站公共区域。\n2.无障碍电梯：站厅到站外：B出入口1部，C出入口1部；站厅到站台：站厅中部付费区1部。\n3.第三卫生间：A出入口通道。\n4.宽闸机：站厅客服中心旁。",
        "type": "地铁站无障碍设施",
        "_source": "sz_metro",
        "_osm_type": "node"
      },
      "geometry": {
        "type": "Point",
        "coordinates": [
          114.3598624,
          22.689146
        ]
      }
    },
    {
      "type": "Feature",
      "properties": {
        "name": "燕子湖站 - 无障碍设施",
        "station": "燕子湖站",
        "line": "16号线",
        "facility": "1.盲道：车站公共区域。\n2.无障碍电梯：站厅到站外：B出入口1部，C出入口1部；站厅到站台：站厅中部付费区1部。\n3.第三卫生间：D出入口通道。\n4.宽闸机：站厅客服中心旁。",
        "type": "地铁站无障碍设施",
        "_source": "sz_metro",
        "_osm_type": "node"
      },
      "geometry": {
        "type": "Point",
        "coordinates": [
          114.3700908,
          22.6910981
        ]
      }
    },
    {
      "type": "Feature",
      "properties": {
        "name": "石井站 - 无障碍设施",
        "station": "石井站",
        "line": "16号线",
        "facility": "1.盲道：车站公共区域。\n2.无障碍电梯：站厅到站外：B出入口1部，D出入口1部；站厅到站台：站厅中部付费区1部。\n3.第三卫生间：B出入口通道。\n4.宽闸机：站厅客服中心旁。",
        "type": "地铁站无障碍设施",
        "_source": "sz_metro",
        "_osm_type": "node"
      },
      "geometry": {
        "type": "Point",
        "coordinates": [
          114.3782412,
          22.6945466
        ]
      }
    },
    {
      "type": "Feature",
      "properties": {
        "name": "技术大学站 - 无障碍设施",
        "station": "技术大学站",
        "line": "16号线",
        "facility": "1.盲道：车站公共区域。\n2.无障碍电梯：站厅到站外：A出入口1部，D出入口1部；站厅到站台：站厅中部付费区1部。      \n3.第三卫生间：D出入口通道。\n4.宽闸机：站厅客服中心旁。",
        "type": "地铁站无障碍设施",
        "_source": "sz_metro",
        "_osm_type": "node"
      },
      "geometry": {
        "type": "Point",
        "coordinates": [
          114.3954865,
          22.7010346
        ]
      }
    },
    {
      "type": "Feature",
      "properties": {
        "name": "田心站 - 无障碍设施",
        "station": "田心站",
        "line": "16号线",
        "facility": "1.盲道：车站公共区域。\n2.无障碍电梯：站厅到站外：A出入口1部，B出入口1部；站厅到站台：站厅中部付费区1部。\n3.第三卫生间：A出入口旁。   \n4.宽闸机：站厅客服中心旁。",
        "type": "地铁站无障碍设施",
        "_source": "sz_metro",
        "_osm_type": "node"
      },
      "geometry": {
        "type": "Point",
        "coordinates": [
          114.4093087,
          22.6963691
        ]
      }
    },
    {
      "type": "Feature",
      "properties": {
        "name": "机场北站 - 无障碍设施",
        "station": "机场北站",
        "line": "20号线",
        "facility": "1.盲道：车站公共区域。\n2.无障碍电梯：B出入口站厅到站外垂直电梯1部。\n3.无障碍电梯：D出入口站厅到站外垂直电梯1部。\n4.无障碍电梯：站厅到站台垂直电梯1部在11号线站厅付费区中部。\n5.无障碍电梯：站厅到设备层及站台垂直电梯1部在20号线站厅付费区中部。\n6.无障碍卫生间：A出入口通道。\n7.无障碍卫生间：D出入口通道。\n8.无障碍卫生间：11号线站台往碧头方向头端。\n9.无障碍卫生间：20号线站台往会展城方向头端\n10：宽闸机：站厅中部。\n11：宽闸机：站厅两端出站闸机。",
        "type": "地铁站无障碍设施",
        "_source": "sz_metro",
        "_osm_type": "node"
      },
      "geometry": {
        "type": "Point",
        "coordinates": [
          113.7932431,
          22.6541954
        ]
      }
    },
    {
      "type": "Feature",
      "properties": {
        "name": "国展南站 - 无障碍设施",
        "station": "国展南站",
        "line": "20号线",
        "facility": "1.盲道：车站公共区域。\n2.无障碍电梯：站厅到站台垂直电梯1部在站厅付费区内中部。\n3.无障碍电梯：C出入口站厅到站外垂直电梯1部。\n4.无障碍电梯：D出入口站厅到站外垂直电梯1部。\n5.无障碍电梯：E出入口站厅到站外垂直电梯1部。\n6.无障碍卫生间：A出入口旁。                           \n7.宽闸机：站厅中部。\n8.宽闸机：靠近站厅A出入口端。\n9.宽闸机：靠近站厅C出入口端。",
        "type": "地铁站无障碍设施",
        "_source": "sz_metro",
        "_osm_type": "node"
      },
      "geometry": {
        "type": "Point",
        "coordinates": [
          113.7730651,
          22.6867052
        ]
      }
    },
    {
      "type": "Feature",
      "properties": {
        "name": "国展站 - 无障碍设施",
        "station": "国展站",
        "line": "20号线",
        "facility": "1.盲道：车站公共区域。\n2.无障碍电梯：站厅到站外：A出入口1部，C1出入口1部，C2出入口1部；站厅到站台：站厅中部付费区12号线1部，站厅中部付费区20号线1部。\n3.无障碍卫生间：站厅（C1出口通道内），20号线站台（往机场北方向头端）。\n4.宽闸机：站厅中部，站厅近B出入口，站厅近D出入口。",
        "type": "地铁站无障碍设施",
        "_source": "sz_metro",
        "_osm_type": "node"
      },
      "geometry": {
        "type": "Point",
        "coordinates": [
          113.773343,
          22.6982687
        ]
      }
    },
    {
      "type": "Feature",
      "properties": {
        "name": "国展北站 - 无障碍设施",
        "station": "国展北站",
        "line": "20号线",
        "facility": "1.盲道：车站公共区域。\n2.无障碍电梯：站厅到站外：C1出入口1部，C2出入口1部；站厅到站台：站厅中部付费区12号线1部，站厅中部付费区20号线1部。\n3.无障碍卫生间：站厅（C1出入口通道内），20号线站台（往会展城方向头端）。\n4.宽闸机：站厅中部。",
        "type": "地铁站无障碍设施",
        "_source": "sz_metro",
        "_osm_type": "node"
      },
      "geometry": {
        "type": "Point",
        "coordinates": [
          113.7718269,
          22.708033
        ]
      }
    },
    {
      "type": "Feature",
      "properties": {
        "name": "会展城站 - 无障碍设施",
        "station": "会展城站",
        "line": "20号线",
        "facility": "1.盲道：车站公共区域。\n2.无障碍电梯：站厅到站外：B出入口1部，C出入口1部；站厅到站台：站厅中部付费区1部。\n3.无障碍卫生间：站厅（C出入口通道内）。\n4.宽闸机：站厅中部。",
        "type": "地铁站无障碍设施",
        "_source": "sz_metro",
        "_osm_type": "node"
      },
      "geometry": {
        "type": "Point",
        "coordinates": [
          113.7646171,
          22.7150388
        ]
      }
    }
  ]
}