{
  "type": "FeatureCollection",
  "features": [
    {
      "type": "Feature",
      "properties": {
        "access": "yes",
        "addr:place": "元崗新村 Yuen Kong San Tsuen",
        "addr:place:en": "Yuen Kong San Tsuen",
        "addr:place:zh": "元崗新村",
        "amenity": "toilets",
        "building": "toilets",
        "building:levels": "1",
        "fee": "no",
        "name": "元崗新村公廁 Yuen Kong San Tsuen Public Toilet",
        "name:en": "Yuen Kong San Tsuen Public Toilet",
        "name:zh": "元崗新村公廁",
        "operator": "食物環境衞生署 Food and Environmental Hygiene Department",
        "operator:en": "Food and Environmental Hygiene Department",
        "operator:ownership": "government",
        "operator:wikidata": "Q2355063",
        "operator:zh": "食物環境衞生署",
        "ownership": "government",
        "ref": "YL-69",
        "roof:levels": "1",
        "roof:shape": "flat",
        "toilets:disposal": "flush",
        "wheelchair": "yes",
        "_osm_id": 32945314,
        "_osm_type": "node"
      },
      "geometry": {
        "type": "Point",
        "coordinates": [
          114.074318,
          22.420459
        ]
      }
    },
    {
      "type": "Feature",
      "properties": {
        "access": "yes",
        "addr:place": "大旗嶺 Tai Kei Leng",
        "addr:place:en": "Tai Kei Leng",
        "addr:place:zh": "大旗嶺",
        "amenity": "toilets",
        "building": "toilets",
        "building:levels": "1",
        "fee": "no",
        "name": "大旗嶺公廁 Tai Kei Leng Public Toilet",
        "name:en": "Tai Kei Leng Public Toilet",
        "name:zh": "大旗嶺公廁",
        "operator": "食物環境衞生署 Food and Environmental Hygiene Department",
        "operator:en": "Food and Environmental Hygiene Department",
        "operator:ownership": "government",
        "operator:short": "食環署 FEHD",
        "operator:short:en": "FEHD",
        "operator:short:zh": "食環署",
        "operator:short:zh-Hans": "食环署",
        "operator:short:zh-Hant": "食環署",
        "operator:wikidata": "Q2355063",
        "operator:zh": "食物環境衞生署",
        "operator:zh-Hans": "食物环境卫生署",
        "operator:zh-Hant": "食物環境衞生署",
        "ownership": "government",
        "ref": "YL-25",
        "roof:levels": "1",
        "roof:shape": "flat",
        "toilets:disposal": "flush",
        "wheelchair": "yes",
        "_osm_id": 291158245,
        "_osm_type": "node"
      },
      "geometry": {
        "type": "Point",
        "coordinates": [
          114.032385,
          22.4332
        ]
      }
    },
    {
      "type": "Feature",
      "properties": {
        "access": "yes",
        "amenity": "toilets",
        "fee": "no",
        "name": "馬田村公廁 Ma Tin Tsuen Public Toilet",
        "name:en": "Ma Tin Tsuen Public Toilet",
        "name:zh": "馬田村公廁",
        "operator": "FEHD",
        "ref": "YL-1",
        "toilets:disposal": "flush",
        "wheelchair": "yes",
        "_osm_id": 291158246,
        "_osm_type": "node"
      },
      "geometry": {
        "type": "Point",
        "coordinates": [
          114.02403,
          22.44006
        ]
      }
    },
    {
      "type": "Feature",
      "properties": {
        "access": "yes",
        "amenity": "toilets",
        "fee": "no",
        "operator": "AFCD",
        "toilets:disposal": "flush",
        "wheelchair": "yes",
        "_osm_id": 297147717,
        "_osm_type": "node"
      },
      "geometry": {
        "type": "Point",
        "coordinates": [
          114.237213,
          22.502382
        ]
      }
    },
    {
      "type": "Feature",
      "properties": {
        "access": "yes",
        "amenity": "toilets",
        "fee": "no",
        "name": "西邊圍(1)公廁 Sai Pin Wai (1) Public Toilet",
        "name:en": "Sai Pin Wai (1) Public Toilet",
        "name:zh": "西邊圍(1)公廁",
        "operator": "FEHD",
        "ref": "YL-32",
        "toilets:disposal": "flush",
        "wheelchair": "no",
        "_osm_id": 470818149,
        "_osm_type": "node"
      },
      "geometry": {
        "type": "Point",
        "coordinates": [
          114.031598,
          22.44744
        ]
      }
    },
    {
      "type": "Feature",
      "properties": {
        "access": "yes",
        "amenity": "toilets",
        "fee": "no",
        "name": "西邊圍(2)公廁 Sai Pin Wai (2) Public Toilet",
        "name:en": "Sai Pin Wai (2) Public Toilet",
        "name:zh": "西邊圍(2)公廁",
        "operator": "FEHD",
        "ref": "YL-33",
        "toilets:disposal": "flush",
        "wheelchair": "yes",
        "_osm_id": 490734866,
        "_osm_type": "node"
      },
      "geometry": {
        "type": "Point",
        "coordinates": [
          114.03207,
          22.448765
        ]
      }
    },
    {
      "type": "Feature",
      "properties": {
        "access": "yes",
        "addr:place": "輞井村 Mong Tseng Tsuen",
        "addr:place:en": "Mong Tseng Tsuen",
        "addr:place:zh": "輞井村",
        "amenity": "toilets",
        "building": "toilets",
        "building:levels": "1",
        "fee": "no",
        "name": "輞井村(1)公廁 Mong Tseng Tsuen (1) Public Toilet",
        "name:en": "Mong Tseng Tsuen (1) Public Toilet",
        "name:zh": "輞井村(1)公廁",
        "operation": "government",
        "operator": "食物環境衞生署 Food and Environmental Hygiene Department",
        "operator:en": "Food and Environmental Hygiene Department",
        "operator:wikidata": "Q2355063",
        "operator:zh": "食物環境衞生署",
        "ownership": "government",
        "ref": "YL-102",
        "toilets:disposal": "flush",
        "wheelchair": "no",
        "_osm_id": 490735023,
        "_osm_type": "node"
      },
      "geometry": {
        "type": "Point",
        "coordinates": [
          113.999386,
          22.476843
        ]
      }
    },
    {
      "type": "Feature",
      "properties": {
        "access": "yes",
        "addr:place": "輞井村 Mong Tseng Tsuen",
        "addr:place:en": "Mong Tseng Tsuen",
        "addr:place:zh": "輞井村",
        "amenity": "toilets",
        "fee": "no",
        "name": "輞井村(2)公廁 Mong Tseng Tsuen (2) Public Toilet",
        "name:en": "Mong Tseng Tsuen (2) Public Toilet",
        "name:zh": "輞井村(2)公廁",
        "operator": "食物環境衞生署 Food and Environmental Hygiene Department",
        "operator:en": "Food and Environmental Hygiene Department",
        "operator:ownership": "government",
        "operator:wikidata": "Q2355063",
        "operator:zh": "食物環境衞生署",
        "ownership": "government",
        "ref": "YL-103",
        "toilets:disposal": "flush",
        "wheelchair": "no",
        "_osm_id": 490735234,
        "_osm_type": "node"
      },
      "geometry": {
        "type": "Point",
        "coordinates": [
          114.001882,
          22.476926
        ]
      }
    },
    {
      "type": "Feature",
      "properties": {
        "access": "yes",
        "amenity": "toilets",
        "fee": "no",
        "name": "掌牛山公廁 Cheung Ngau Shan Public Toilet",
        "name:en": "Cheung Ngau Shan Public Toilet",
        "name:zh": "掌牛山公廁",
        "operator": "食物環境衞生署 Food and Environmental Hygiene Department",
        "operator:en": "Food and Environmental Hygiene Department",
        "operator:short": "FEHD",
        "operator:wikidata": "Q2355063",
        "operator:zh": "食物環境衞生署",
        "operator:zh-Hans": "食物环境卫生署",
        "operator:zh-Hant": "食物環境衞生署",
        "ref": "YL-22",
        "toilets:disposal": "flush",
        "unisex": "yes",
        "wheelchair": "no",
        "wikimedia_commons": "File:Cheung Ngau Shan Public Toilet (YL-22) in November 2023.jpg",
        "_osm_id": 582596615,
        "_osm_type": "node"
      },
      "geometry": {
        "type": "Point",
        "coordinates": [
          114.045021,
          22.422551
        ]
      }
    },
    {
      "type": "Feature",
      "properties": {
        "access": "yes",
        "amenity": "toilets",
        "fee": "no",
        "name": "馬田壆公廁 Ma Tin Pok Public Toilet",
        "name:en": "Ma Tin Pok Public Toilet",
        "name:zh": "馬田壆公廁",
        "operator": "FEHD",
        "ref": "YL-2",
        "toilets:disposal": "flush",
        "wheelchair": "yes",
        "_osm_id": 582596617,
        "_osm_type": "node"
      },
      "geometry": {
        "type": "Point",
        "coordinates": [
          114.026291,
          22.438561
        ]
      }
    },
    {
      "type": "Feature",
      "properties": {
        "access": "yes",
        "amenity": "toilets",
        "fee": "no",
        "name": "河上鄉新村公廁 Ho Sheung Heung San Tsuen Public Toilet",
        "name:en": "Ho Sheung Heung San Tsuen Public Toilet",
        "name:zh": "河上鄉新村公廁",
        "operator": "FEHD",
        "ref": "N-10",
        "toilets:disposal": "flush",
        "unisex": "yes",
        "wheelchair": "no",
        "_osm_id": 660415111,
        "_osm_type": "node"
      },
      "geometry": {
        "type": "Point",
        "coordinates": [
          114.11092,
          22.515657
        ]
      }
    },
    {
      "type": "Feature",
      "properties": {
        "access": "yes",
        "addr:place": "大棠村 Tai Tong Tsuen",
        "addr:place:en": "Tai Tong Tsuen",
        "addr:place:zh": "大棠村",
        "amenity": "toilets",
        "fee": "no",
        "name": "大棠村公廁 Tai Tong Tsuen Public Toilet",
        "name:en": "Tai Tong Tsuen Public Toilet",
        "name:zh": "大棠村公廁",
        "operator": "食物環境衞生署 Food and Environmental Hygiene Department",
        "operator:en": "Food and Environmental Hygiene Department",
        "operator:ownership": "government",
        "operator:wikidata": "Q2355063",
        "operator:zh": "食物環境衞生署",
        "ownership": "government",
        "ref": "YL-13",
        "toilets:disposal": "flush",
        "wheelchair": "no",
        "wikimedia_commons": "File:Tai Tong Tsuen Public Toilet (YL-13) 2014.JPG",
        "_osm_id": 1012752090,
        "_osm_type": "node"
      },
      "geometry": {
        "type": "Point",
        "coordinates": [
          114.02521,
          22.417963
        ]
      }
    },
    {
      "type": "Feature",
      "properties": {
        "access": "yes",
        "addr:place": "三椏村 Sam A Tsuen",
        "addr:place:en": "Sam A Tsuen",
        "addr:place:zh": "三椏村",
        "amenity": "toilets",
        "name": "三椏公廁 Sam Ah Public Toilet",
        "name:en": "Sam Ah Public Toilet",
        "name:zh": "三椏公廁",
        "operator": "食物環境衞生署 Food and Environmental Hygiene Department",
        "operator:en": "Food and Environmental Hygiene Department",
        "operator:ownership": "government",
        "operator:short": "食環署 FEHD",
        "operator:short:en": "FEHD",
        "operator:short:zh": "食環署",
        "operator:short:zh-Hans": "食环署",
        "operator:short:zh-Hant": "食環署",
        "operator:wikidata": "Q2355063",
        "operator:zh": "食物環境衞生署",
        "operator:zh-Hans": "食物环境卫生署",
        "operator:zh-Hant": "食物環境衞生署",
        "ownership": "government",
        "ref": "N-102",
        "toilets:disposal": "flush",
        "unisex": "yes",
        "wheelchair": "no",
        "_osm_id": 1485667461,
        "_osm_type": "node"
      },
      "geometry": {
        "type": "Point",
        "coordinates": [
          114.270858,
          22.517687
        ]
      }
    },
    {
      "type": "Feature",
      "properties": {
        "access": "yes",
        "amenity": "toilets",
        "changing_table": "yes",
        "fee": "no",
        "name": "沙嶺長甫頭公廁 Sha Ling Cheung Po Tau Public Toilet",
        "name:en": "Sha Ling Cheung Po Tau Public Toilet",
        "name:zh": "沙嶺長甫頭公廁",
        "operator": "FEHD",
        "ref": "N-145",
        "toilets:disposal": "flush",
        "unisex": "yes",
        "wheelchair": "yes",
        "_osm_id": 1580863823,
        "_osm_type": "node"
      },
      "geometry": {
        "type": "Point",
        "coordinates": [
          114.1247372,
          22.5271122
        ]
      }
    },
    {
      "type": "Feature",
      "properties": {
        "access": "yes",
        "amenity": "toilets",
        "fee": "no",
        "name": "企嶺下老圍公廁 Kei Ling Ha Lo Wai Public Toilet",
        "name:en": "Kei Ling Ha Lo Wai Public Toilet",
        "name:zh": "企嶺下老圍公廁",
        "operator": "FEHD",
        "ref": "SK-64",
        "toilets:disposal": "flush",
        "wheelchair": "no",
        "_osm_id": 1592030115,
        "_osm_type": "node"
      },
      "geometry": {
        "type": "Point",
        "coordinates": [
          114.274737,
          22.410859
        ]
      }
    },
    {
      "type": "Feature",
      "properties": {
        "access": "yes",
        "amenity": "toilets",
        "changing_table": "yes",
        "fee": "no",
        "name": "小坑新村公廁 Siu Hang San Tsuen Public Toilet",
        "name:en": "Siu Hang San Tsuen Public Toilet",
        "name:zh": "小坑新村公廁",
        "operator": "FEHD",
        "ref": "N-74",
        "toilets:disposal": "flush",
        "unisex": "yes",
        "wheelchair": "yes",
        "_osm_id": 1601302367,
        "_osm_type": "node"
      },
      "geometry": {
        "type": "Point",
        "coordinates": [
          114.1468943,
          22.5084069
        ]
      }
    },
    {
      "type": "Feature",
      "properties": {
        "access": "yes",
        "amenity": "toilets",
        "fee": "no",
        "name": "永寧圍公廁 Wing Ning Wai Public Toilet",
        "name:en": "Wing Ning Wai Public Toilet",
        "name:zh": "永寧圍公廁",
        "operator": "FEHD",
        "ref": "N-82",
        "toilets:disposal": "flush",
        "unisex": "yes",
        "wheelchair": "no",
        "_osm_id": 1601391545,
        "_osm_type": "node"
      },
      "geometry": {
        "type": "Point",
        "coordinates": [
          114.150144,
          22.501011
        ]
      }
    },
    {
      "type": "Feature",
      "properties": {
        "access": "yes",
        "amenity": "toilets",
        "changing_table": "yes",
        "fee": "no",
        "name": "新成街公廁及浴室 San Shing Avenue Public Toilet and Bathhouse",
        "name:en": "San Shing Avenue Public Toilet and Bathhouse",
        "name:zh": "新成街公廁及浴室",
        "operator": "食物環境衞生署 Food and Environmental Hygiene Department",
        "operator:en": "Food and Environmental Hygiene Department",
        "operator:short": "食環署 FEHD",
        "operator:short:en": "FEHD",
        "operator:short:zh": "食環署",
        "operator:short:zh-Hans": "食环署",
        "operator:short:zh-Hant": "食環署",
        "operator:wikidata": "Q2355063",
        "operator:zh": "食物環境衞生署",
        "operator:zh-Hans": "食物环境卫生署",
        "operator:zh-Hant": "食物環境衞生署",
        "ref": "N-131",
        "toilets:disposal": "flush",
        "unisex": "yes",
        "wheelchair": "yes",
        "_osm_id": 1606823735,
        "_osm_type": "node"
      },
      "geometry": {
        "type": "Point",
        "coordinates": [
          114.129421,
          22.504779
        ]
      }
    },
    {
      "type": "Feature",
      "properties": {
        "access": "yes",
        "amenity": "toilets",
        "changing_table": "yes",
        "fee": "no",
        "name": "上水東慶路停車場公廁 Sheung Shui Tung Hing Road Carpark Public Toilet",
        "name:en": "Sheung Shui Tung Hing Road Carpark Public Toilet",
        "name:zh": "上水東慶路停車場公廁",
        "operator": "食物環境衞生署 Food and Environmental Hygiene Department",
        "operator:en": "Food and Environmental Hygiene Department",
        "operator:short": "食環署 FEHD",
        "operator:short:en": "FEHD",
        "operator:short:zh": "食環署",
        "operator:short:zh-Hans": "食环署",
        "operator:short:zh-Hant": "食環署",
        "operator:wikidata": "Q2355063",
        "operator:zh": "食物環境衞生署",
        "operator:zh-Hans": "食物环境卫生署",
        "operator:zh-Hant": "食物環境衞生署",
        "ref": "N-36",
        "toilets:disposal": "flush",
        "unisex": "yes",
        "wheelchair": "yes",
        "_osm_id": 1606824694,
        "_osm_type": "node"
      },
      "geometry": {
        "type": "Point",
        "coordinates": [
          114.1231755,
          22.5086995
        ]
      }
    },
    {
      "type": "Feature",
      "properties": {
        "access": "yes",
        "amenity": "toilets",
        "fee": "no",
        "name": "麒麟圍公廁 Kei Lun Wai Public Toilet",
        "name:en": "Kei Lun Wai Public Toilet",
        "name:zh": "麒麟圍公廁",
        "name:zh-Hans": "麒麟围公厕",
        "name:zh-Hant": "麒麟圍公廁",
        "operator": "食物環境衞生署 Food and Environmental Hygiene Department",
        "operator:en": "Food and Environmental Hygiene Department",
        "operator:short": "食環署 FEHD",
        "operator:short:en": "FEHD",
        "operator:short:zh": "食環署",
        "operator:short:zh-Hans": "食环署",
        "operator:short:zh-Hant": "食環署",
        "operator:wikidata": "Q2355063",
        "operator:zh": "食物環境衞生署",
        "operator:zh-Hans": "食物环境卫生署",
        "operator:zh-Hant": "食物環境衞生署",
        "ref": "TM-120",
        "toilets:disposal": "flush",
        "wheelchair": "no",
        "wikimedia_commons": "File:Kei Lun Wai Public Toilet (TM-120) 2010.jpg",
        "_osm_id": 1716519052,
        "_osm_type": "node"
      },
      "geometry": {
        "type": "Point",
        "coordinates": [
          113.976292,
          22.411447
        ]
      }
    },
    {
      "type": "Feature",
      "properties": {
        "access": "yes",
        "amenity": "toilets",
        "fee": "no",
        "name": "樟樹灘(一)公廁 Cheung Shue Tan Site 1 Public Toilet",
        "name:en": "Cheung Shue Tan Site 1 Public Toilet",
        "name:zh": "樟樹灘(一)公廁",
        "operator": "FEHD",
        "ref": "TP-3",
        "toilets:disposal": "flush",
        "wheelchair": "yes",
        "_osm_id": 1779205612,
        "_osm_type": "node"
      },
      "geometry": {
        "type": "Point",
        "coordinates": [
          114.1990972,
          22.4262306
        ]
      }
    },
    {
      "type": "Feature",
      "properties": {
        "access": "yes",
        "amenity": "toilets",
        "fee": "no",
        "name": "深涌村公廁 Sham Chung Tsuen Public Toilet",
        "name:en": "Sham Chung Tsuen Public Toilet",
        "name:zh": "深涌村公廁",
        "operator": "FEHD",
        "ref": "YL-18",
        "toilets:disposal": "flush",
        "wheelchair": "yes",
        "_osm_id": 1815946781,
        "_osm_type": "node"
      },
      "geometry": {
        "type": "Point",
        "coordinates": [
          114.027064,
          22.43384
        ]
      }
    },
    {
      "type": "Feature",
      "properties": {
        "access": "yes",
        "amenity": "toilets",
        "fee": "no",
        "name": "馬尾下公廁 Ma Mei Ha Public Toilet",
        "name:en": "Ma Mei Ha Public Toilet",
        "name:zh": "馬尾下公廁",
        "operator": "FEHD",
        "ref": "N-65",
        "toilets:disposal": "flush",
        "unisex": "yes",
        "wheelchair": "yes",
        "_osm_id": 1861067370,
        "_osm_type": "node"
      },
      "geometry": {
        "type": "Point",
        "coordinates": [
          114.174097,
          22.518043
        ]
      }
    },
    {
      "type": "Feature",
      "properties": {
        "amenity": "toilets",
        "fee": "no",
        "operator": "AFCD",
        "ref": "PB725",
        "toilets:disposal": "flush",
        "toilets:paper_supplied": "yes",
        "toilets:position": "squat",
        "wheelchair": "yes",
        "wheelchair:description:en": "Seated toilet available",
        "_osm_id": 1958095274,
        "_osm_type": "node"
      },
      "geometry": {
        "type": "Point",
        "coordinates": [
          114.104158,
          22.4227532
        ]
      }
    },
    {
      "type": "Feature",
      "properties": {
        "access": "yes",
        "amenity": "toilets",
        "fee": "no",
        "name": "大棠谷公廁 Tai Tong Kok Public Toilet",
        "name:en": "Tai Tong Kok Public Toilet",
        "name:zh": "大棠谷公廁",
        "operator": "FEHD",
        "ref": "YL-12",
        "toilets:disposal": "flush",
        "wheelchair": "no",
        "wikimedia_commons": "File:Tai Tong Kuk Public Toilet (YL-12) 2011.jpg",
        "_osm_id": 1959034670,
        "_osm_type": "node"
      },
      "geometry": {
        "type": "Point",
        "coordinates": [
          114.023845,
          22.416091
        ]
      }
    },
    {
      "type": "Feature",
      "properties": {
        "access": "yes",
        "amenity": "toilets",
        "fee": "no",
        "name": "麒麟村公廁 Ki Lun Tsuen Public Toilet",
        "name:en": "Ki Lun Tsuen Public Toilet",
        "name:zh": "麒麟村公廁",
        "operator": "FEHD",
        "ref": "N-16",
        "toilets:disposal": "flush",
        "unisex": "yes",
        "wheelchair": "no",
        "_osm_id": 1960246615,
        "_osm_type": "node"
      },
      "geometry": {
        "type": "Point",
        "coordinates": [
          114.096655,
          22.492705
        ]
      }
    },
    {
      "type": "Feature",
      "properties": {
        "access": "yes",
        "amenity": "toilets",
        "changing_table": "yes",
        "fee": "no",
        "name": "坪輋村(2)公廁 Ping Che Tsuen (2) Public Toilet",
        "name:en": "Ping Che Tsuen (2) Public Toilet",
        "name:zh": "坪輋村(2)公廁",
        "operator": "FEHD",
        "ref": "N-123",
        "toilets:disposal": "flush",
        "unisex": "yes",
        "wheelchair": "yes",
        "_osm_id": 1961328734,
        "_osm_type": "node"
      },
      "geometry": {
        "type": "Point",
        "coordinates": [
          114.16203,
          22.522975
        ]
      }
    },
    {
      "type": "Feature",
      "properties": {
        "amenity": "toilets",
        "name": "坑頭(藝園)公廁 Hang Tau (Ngai Yuen) Public Toilet",
        "name:en": "Hang Tau (Ngai Yuen) Public Toilet",
        "name:zh": "坑頭(藝園)公廁",
        "operator": "食物環境衞生署 Food and Environmental Hygiene Department",
        "operator:en": "Food and Environmental Hygiene Department",
        "operator:short": "食環署 FEHD",
        "operator:short:en": "FEHD",
        "operator:short:zh": "食環署",
        "operator:short:zh-Hans": "食环署",
        "operator:short:zh-Hant": "食環署",
        "operator:wikidata": "Q2355063",
        "operator:zh": "食物環境衞生署",
        "operator:zh-Hans": "食物环境卫生署",
        "operator:zh-Hant": "食物環境衞生署",
        "ref": "N-4",
        "toilets:disposal": "flush",
        "unisex": "yes",
        "wheelchair": "yes",
        "_osm_id": 2155414986,
        "_osm_type": "node"
      },
      "geometry": {
        "type": "Point",
        "coordinates": [
          114.100305,
          22.495132
        ]
      }
    },
    {
      "type": "Feature",
      "properties": {
        "access": "yes",
        "amenity": "toilets",
        "fee": "no",
        "name": "坑頭大布旱廁 Hang Tau Tai Po Aqua Privy",
        "name:en": "Hang Tau Tai Po Aqua Privy",
        "name:zh": "坑頭大布旱廁",
        "operator": "FEHD",
        "ref": "N-6",
        "toilets:disposal": "pitlatrine",
        "toilets:wheelchair": "no",
        "wheelchair": "no",
        "wikimedia_commons": "File:Hang Tau Tai Po Public Toilet (N-6) 2015.JPG",
        "_osm_id": 2155416160,
        "_osm_type": "node"
      },
      "geometry": {
        "type": "Point",
        "coordinates": [
          114.1048853,
          22.4920991
        ]
      }
    },
    {
      "type": "Feature",
      "properties": {
        "access": "yes",
        "amenity": "toilets",
        "fee": "no",
        "name": "古洞田心公廁 Kwu Tung Tin Sum Public Toilet",
        "name:en": "Kwu Tung Tin Sum Public Toilet",
        "name:zh": "古洞田心公廁",
        "operator": "食物環境衞生署 Food and Environmental Hygiene Department",
        "operator:en": "Food and Environmental Hygiene Department",
        "operator:short": "食環署 FEHD",
        "operator:short:en": "FEHD",
        "operator:short:zh": "食環署",
        "operator:short:zh-Hans": "食环署",
        "operator:short:zh-Hant": "食環署",
        "operator:wikidata": "Q2355063",
        "operator:zh": "食物環境衞生署",
        "operator:zh-Hans": "食物环境卫生署",
        "operator:zh-Hant": "食物環境衞生署",
        "ref": "N-18",
        "toilets:disposal": "flush",
        "unisex": "yes",
        "wheelchair": "no",
        "_osm_id": 2155432509,
        "_osm_type": "node"
      },
      "geometry": {
        "type": "Point",
        "coordinates": [
          114.101124,
          22.498742
        ]
      }
    },
    {
      "type": "Feature",
      "properties": {
        "amenity": "toilets",
        "wheelchair": "yes",
        "_osm_id": 2315859113,
        "_osm_type": "node"
      },
      "geometry": {
        "type": "Point",
        "coordinates": [
          114.1612496,
          22.4505758
        ]
      }
    },
    {
      "type": "Feature",
      "properties": {
        "access": "yes",
        "amenity": "toilets",
        "fee": "no",
        "female": "yes",
        "male": "yes",
        "name": "東頭村公廁 Tung Tau Tsuen Public Toilet",
        "name:en": "Tung Tau Tsuen Public Toilet",
        "name:zh": "東頭村公廁",
        "operator": "FEHD",
        "ref": "YL-34",
        "toilets:disposal": "flush",
        "wheelchair": "no",
        "_osm_id": 2406543275,
        "_osm_type": "node"
      },
      "geometry": {
        "type": "Point",
        "coordinates": [
          114.034589,
          22.447439
        ]
      }
    },
    {
      "type": "Feature",
      "properties": {
        "access": "yes",
        "amenity": "toilets",
        "fee": "no",
        "name": "大埔田 (1) 公廁 Tai Po Tin (1) Public Toliet",
        "name:en": "Tai Po Tin (1) Public Toliet",
        "name:zh": "大埔田 (1) 公廁",
        "operator": "FEHD",
        "ref": "N-127",
        "toilets:disposal": "flush",
        "unisex": "yes",
        "wheelchair": "no",
        "_osm_id": 2411695433,
        "_osm_type": "node"
      },
      "geometry": {
        "type": "Point",
        "coordinates": [
          114.155233,
          22.5284341
        ]
      }
    },
    {
      "type": "Feature",
      "properties": {
        "access": "yes",
        "amenity": "toilets",
        "fee": "no",
        "name": "大埔田 (2) 公廁 Tai Po Tin (2) Public Toliet",
        "name:en": "Tai Po Tin (2) Public Toliet",
        "name:zh": "大埔田 (2) 公廁",
        "operator": "FEHD",
        "ref": "N-128",
        "toilets:disposal": "flush",
        "unisex": "yes",
        "wheelchair": "no",
        "_osm_id": 2411695435,
        "_osm_type": "node"
      },
      "geometry": {
        "type": "Point",
        "coordinates": [
          114.1509773,
          22.5278596
        ]
      }
    },
    {
      "type": "Feature",
      "properties": {
        "access": "yes",
        "amenity": "toilets",
        "fee": "no",
        "name": "虎地坳公廁 Fu Tei Au Public Toilet",
        "name:en": "Fu Tei Au Public Toilet",
        "name:zh": "虎地坳公廁",
        "operator": "食物環境衞生署 Food and Environmental Hygiene Department",
        "operator:en": "Food and Environmental Hygiene Department",
        "operator:short": "食環署 FEHD",
        "operator:short:en": "FEHD",
        "operator:short:zh": "食環署",
        "operator:short:zh-Hans": "食环署",
        "operator:short:zh-Hant": "食環署",
        "operator:wikidata": "Q2355063",
        "operator:zh": "食物環境衞生署",
        "operator:zh-Hans": "食物环境卫生署",
        "operator:zh-Hant": "食物環境衞生署",
        "ref": "N-147",
        "toilets:disposal": "flush",
        "unisex": "yes",
        "wheelchair": "no",
        "_osm_id": 2411695443,
        "_osm_type": "node"
      },
      "geometry": {
        "type": "Point",
        "coordinates": [
          114.1248188,
          22.5183457
        ]
      }
    },
    {
      "type": "Feature",
      "properties": {
        "access": "yes",
        "amenity": "toilets",
        "fee": "no",
        "name": "打鼓嶺坪輋村(1)公廁 Ta Kwu Ling Ping Che Tsuen (1) Public Toilet",
        "name:en": "Ta Kwu Ling Ping Che Tsuen (1) Public Toilet",
        "name:zh": "打鼓嶺坪輋村(1)公廁",
        "operator": "FEHD",
        "ref": "N-122",
        "toilets:disposal": "flush",
        "unisex": "yes",
        "wheelchair": "no",
        "_osm_id": 2424053075,
        "_osm_type": "node"
      },
      "geometry": {
        "type": "Point",
        "coordinates": [
          114.1617791,
          22.5260647
        ]
      }
    },
    {
      "type": "Feature",
      "properties": {
        "access": "yes",
        "amenity": "toilets",
        "fee": "no",
        "name": "唐公嶺公廁 Tong Kung Ling Public Toilet",
        "name:en": "Tong Kung Ling Public Toilet",
        "name:zh": "唐公嶺公廁",
        "operator": "FEHD",
        "ref": "N-41",
        "toilets:disposal": "flush",
        "unisex": "yes",
        "wheelchair": "no",
        "_osm_id": 2426845968,
        "_osm_type": "node"
      },
      "geometry": {
        "type": "Point",
        "coordinates": [
          114.106902,
          22.485792
        ]
      }
    },
    {
      "type": "Feature",
      "properties": {
        "access": "yes",
        "amenity": "toilets",
        "fee": "no",
        "name": "丹竹坑公廁 Tan Chuk Hang Public Toilet",
        "name:en": "Tan Chuk Hang Public Toilet",
        "name:zh": "丹竹坑公廁",
        "operator": "FEHD",
        "ref": "N-76",
        "toilets:disposal": "flush",
        "unisex": "yes",
        "wheelchair": "no",
        "_osm_id": 2426845990,
        "_osm_type": "node"
      },
      "geometry": {
        "type": "Point",
        "coordinates": [
          114.175812,
          22.513729
        ]
      }
    },
    {
      "type": "Feature",
      "properties": {
        "access": "yes",
        "amenity": "toilets",
        "fee": "no",
        "name": "嶺皮村公廁 Leng Pei Tsuen Public Toilet",
        "name:en": "Leng Pei Tsuen Public Toilet",
        "name:zh": "嶺皮村公廁",
        "operator": "FEHD",
        "ref": "N-62",
        "toilets:disposal": "flush",
        "unisex": "yes",
        "wheelchair": "no",
        "_osm_id": 2426846131,
        "_osm_type": "node"
      },
      "geometry": {
        "type": "Point",
        "coordinates": [
          114.177059,
          22.515944
        ]
      }
    },
    {
      "type": "Feature",
      "properties": {
        "access": "yes",
        "addr:place": "小坑村 Siu Hang Tsuen",
        "addr:place:en": "Siu Hang Tsuen",
        "addr:place:zh": "小坑村",
        "amenity": "toilets",
        "fee": "no",
        "name": "小坑村公廁 Siu Hang Tsuen Public Toilet",
        "name:en": "Siu Hang Tsuen Public Toilet",
        "name:zh": "小坑村公廁",
        "operator": "食物環境衞生署 Food and Environmental Hygiene Department",
        "operator:en": "Food and Environmental Hygiene Department",
        "operator:short": "食環署 FEHD",
        "operator:short:en": "FEHD",
        "operator:short:zh": "食環署",
        "operator:short:zh-Hans": "食环署",
        "operator:short:zh-Hant": "食環署",
        "operator:wikidata": "Q2355063",
        "operator:zh": "食物環境衞生署",
        "operator:zh-Hans": "食物环境卫生署",
        "operator:zh-Hant": "食物環境衞生署",
        "ref": "TM-116",
        "toilets:disposal": "flush",
        "wheelchair": "no",
        "_osm_id": 2479121734,
        "_osm_type": "node"
      },
      "geometry": {
        "type": "Point",
        "coordinates": [
          113.9716675,
          22.414656
        ]
      }
    },
    {
      "type": "Feature",
      "properties": {
        "access": "yes",
        "amenity": "toilets",
        "fee": "no",
        "name": "馬草壟信義村(1)公廁 Ma Tso Lung Shun Yee Tsuen (1) Public Toilet",
        "name:en": "Ma Tso Lung Shun Yee Tsuen (1) Public Toilet",
        "name:zh": "馬草壟信義村(1)公廁",
        "operator": "食物環境衞生署 Food and Environmental Hygiene Department",
        "operator:en": "Food and Environmental Hygiene Department",
        "operator:short": "食環署 FEHD",
        "operator:short:en": "FEHD",
        "operator:short:zh": "食環署",
        "operator:short:zh-Hans": "食环署",
        "operator:short:zh-Hant": "食環署",
        "operator:wikidata": "Q2355063",
        "operator:zh": "食物環境衞生署",
        "operator:zh-Hans": "食物环境卫生署",
        "operator:zh-Hant": "食物環境衞生署",
        "ref": "N-27",
        "toilets:disposal": "flush",
        "unisex": "yes",
        "wheelchair": "no",
        "_osm_id": 2484960703,
        "_osm_type": "node"
      },
      "geometry": {
        "type": "Point",
        "coordinates": [
          114.098255,
          22.522676
        ]
      }
    },
    {
      "type": "Feature",
      "properties": {
        "access": "yes",
        "amenity": "toilets",
        "fee": "no",
        "name": "元朗落馬洲廁所 Lok Ma Chau Public Toilet",
        "name:en": "Lok Ma Chau Public Toilet",
        "name:zh": "元朗落馬洲廁所",
        "operator": "FEHD",
        "toilets:disposal": "flush",
        "wheelchair": "yes",
        "_osm_id": 2484961992,
        "_osm_type": "node"
      },
      "geometry": {
        "type": "Point",
        "coordinates": [
          114.08,
          22.51069
        ]
      }
    },
    {
      "type": "Feature",
      "properties": {
        "access": "yes",
        "amenity": "toilets",
        "fee": "no",
        "name": "大埔中心公廁 Tai Po Centre Public Toilet",
        "name:en": "Tai Po Centre Public Toilet",
        "name:zh": "大埔中心公廁",
        "opening_hours": "24/7",
        "operator": "食物環境衞生署 Food and Environmental Hygiene Department",
        "operator:en": "Food and Environmental Hygiene Department",
        "operator:short": "食環署 FEHD",
        "operator:short:en": "FEHD",
        "operator:short:zh": "食環署",
        "operator:short:zh-Hans": "食环署",
        "operator:short:zh-Hant": "食環署",
        "operator:wikidata": "Q2355063",
        "operator:zh": "食物環境衞生署",
        "operator:zh-Hans": "食物环境卫生署",
        "operator:zh-Hant": "食物環境衞生署",
        "toilets:disposal": "flush",
        "wheelchair": "yes",
        "_osm_id": 2514290805,
        "_osm_type": "node"
      },
      "geometry": {
        "type": "Point",
        "coordinates": [
          114.1693578,
          22.4502444
        ]
      }
    },
    {
      "type": "Feature",
      "properties": {
        "access": "customers",
        "amenity": "toilets",
        "fee": "no",
        "wheelchair": "designated",
        "_osm_id": 2517372355,
        "_osm_type": "node"
      },
      "geometry": {
        "type": "Point",
        "coordinates": [
          114.2133026,
          22.4253018
        ]
      }
    },
    {
      "type": "Feature",
      "properties": {
        "access": "yes",
        "amenity": "toilets",
        "fee": "no",
        "name": "咸田公廁 Ham Tin Public Toilet",
        "name:en": "Ham Tin Public Toilet",
        "name:zh": "咸田公廁",
        "operator": "FEHD",
        "ref": "SK-82",
        "toilets:disposal": "flush",
        "wheelchair": "no",
        "_osm_id": 2526228273,
        "_osm_type": "node"
      },
      "geometry": {
        "type": "Point",
        "coordinates": [
          114.374483,
          22.409866
        ]
      }
    },
    {
      "type": "Feature",
      "properties": {
        "bus": "yes",
        "highway": "bus_stop",
        "name": "屯門醫院 Tuen Mun Hospital",
        "name:en": "Tuen Mun Hospital",
        "name:zh": "屯門醫院",
        "name:zh-Hans": "屯门医院",
        "name:zh-Hant": "屯門醫院",
        "operator": "九巴 KMB",
        "public_transport": "platform",
        "ref:hkbus": "屯門醫院",
        "ref:kmb": "CA07-N-4425-0",
        "shelter": "yes",
        "toilets:wheelchair": "yes",
        "wheelchair": "yes",
        "_osm_id": 2637779933,
        "_osm_type": "node"
      },
      "geometry": {
        "type": "Point",
        "coordinates": [
          113.9786314,
          22.4072269
        ]
      }
    },
    {
      "type": "Feature",
      "properties": {
        "access": "yes",
        "amenity": "toilets",
        "operator": "LCSD",
        "toilets:disposal": "flush",
        "wheelchair": "yes",
        "_osm_id": 2640700473,
        "_osm_type": "node"
      },
      "geometry": {
        "type": "Point",
        "coordinates": [
          114.231197,
          22.4221895
        ]
      }
    },
    {
      "type": "Feature",
      "properties": {
        "access": "yes",
        "amenity": "toilets",
        "fee": "no",
        "name": "新田公廁 San Tin Public Toilet",
        "name:en": "San Tin Public Toilet",
        "name:zh": "新田公廁",
        "operator": "FEHD",
        "toilets:disposal": "flush",
        "wheelchair": "yes",
        "_osm_id": 2663216668,
        "_osm_type": "node"
      },
      "geometry": {
        "type": "Point",
        "coordinates": [
          114.0783984,
          22.4990429
        ]
      }
    },
    {
      "type": "Feature",
      "properties": {
        "access": "yes",
        "amenity": "toilets",
        "fee": "no",
        "name": "麒麟山公廁 Ki Lun Shan Public Toilet",
        "name:en": "Ki Lun Shan Public Toilet",
        "name:zh": "麒麟山公廁",
        "operator": "FEHD",
        "ref": "YL-161",
        "toilets:disposal": "flush",
        "wheelchair": "yes",
        "_osm_id": 2663218018,
        "_osm_type": "node"
      },
      "geometry": {
        "type": "Point",
        "coordinates": [
          114.08552,
          22.4958
        ]
      }
    },
    {
      "type": "Feature",
      "properties": {
        "access": "yes",
        "amenity": "toilets",
        "fee": "no",
        "name": "馬草壟新村公廁 Ma Tso Lung San Tsuen Public Toilet",
        "name:en": "Ma Tso Lung San Tsuen Public Toilet",
        "name:zh": "馬草壟新村公廁",
        "operator": "食物環境衞生署 Food and Environmental Hygiene Department",
        "operator:en": "Food and Environmental Hygiene Department",
        "operator:short": "食環署 FEHD",
        "operator:short:en": "FEHD",
        "operator:short:zh": "食環署",
        "operator:short:zh-Hans": "食环署",
        "operator:short:zh-Hant": "食環署",
        "operator:wikidata": "Q2355063",
        "operator:zh": "食物環境衞生署",
        "operator:zh-Hans": "食物环境卫生署",
        "operator:zh-Hant": "食物環境衞生署",
        "ref": "N-25",
        "toilets:disposal": "flush",
        "unisex": "yes",
        "wheelchair": "no",
        "_osm_id": 3005351475,
        "_osm_type": "node"
      },
      "geometry": {
        "type": "Point",
        "coordinates": [
          114.100553,
          22.519928
        ]
      }
    },
    {
      "type": "Feature",
      "properties": {
        "access": "yes",
        "amenity": "toilets",
        "fee": "no",
        "name": "馬草壟(餘慶堂)公廁 Ma Tso Lung (Yu Hing Tong) Public Toilet",
        "name:en": "Ma Tso Lung (Yu Hing Tong) Public Toilet",
        "name:zh": "馬草壟(餘慶堂)公廁",
        "operator": "食物環境衞生署 Food and Environmental Hygiene Department",
        "operator:en": "Food and Environmental Hygiene Department",
        "operator:short": "食環署 FEHD",
        "operator:short:en": "FEHD",
        "operator:short:zh": "食環署",
        "operator:short:zh-Hans": "食环署",
        "operator:short:zh-Hant": "食環署",
        "operator:wikidata": "Q2355063",
        "operator:zh": "食物環境衞生署",
        "operator:zh-Hans": "食物环境卫生署",
        "operator:zh-Hant": "食物環境衞生署",
        "ref": "N-28",
        "toilets:disposal": "flush",
        "unisex": "yes",
        "wheelchair": "no",
        "_osm_id": 3005351494,
        "_osm_type": "node"
      },
      "geometry": {
        "type": "Point",
        "coordinates": [
          114.099292,
          22.523189
        ]
      }
    },
    {
      "type": "Feature",
      "properties": {
        "access": "yes",
        "amenity": "toilets",
        "fee": "no",
        "name": "馬草壟信義村(2)公廁 Ma Tso Lung Shun Yee Tsuen (2) Public Toilet",
        "name:en": "Ma Tso Lung Shun Yee Tsuen (2) Public Toilet",
        "name:zh": "馬草壟信義村(2)公廁",
        "operator": "食物環境衞生署 Food and Environmental Hygiene Department",
        "operator:en": "Food and Environmental Hygiene Department",
        "operator:short": "食環署 FEHD",
        "operator:short:en": "FEHD",
        "operator:short:zh": "食環署",
        "operator:short:zh-Hans": "食环署",
        "operator:short:zh-Hant": "食環署",
        "operator:wikidata": "Q2355063",
        "operator:zh": "食物環境衞生署",
        "operator:zh-Hans": "食物环境卫生署",
        "operator:zh-Hant": "食物環境衞生署",
        "ref": "N-26",
        "toilets:disposal": "flush",
        "unisex": "yes",
        "wheelchair": "no",
        "_osm_id": 3005351504,
        "_osm_type": "node"
      },
      "geometry": {
        "type": "Point",
        "coordinates": [
          114.096848,
          22.523298
        ]
      }
    },
    {
      "type": "Feature",
      "properties": {
        "access": "yes",
        "amenity": "toilets",
        "fee": "no",
        "name": "蓮麻坑（1）公廁 Lin Ma Hang (1) Public Toilet",
        "name:en": "Lin Ma Hang (1) Public Toilet",
        "name:zh": "蓮麻坑（1）公廁",
        "operator": "FEHD",
        "ref": "N-93",
        "source": "https://www.fehd.gov.hk/english/pleasant_environment/cleansing/list_of_public_toilets.html?district=NTIs",
        "toilets:disposal": "flush",
        "unisex": "yes",
        "wheelchair": "no",
        "_osm_id": 3005351950,
        "_osm_type": "node"
      },
      "geometry": {
        "type": "Point",
        "coordinates": [
          114.1820756,
          22.5524036
        ]
      }
    },
    {
      "type": "Feature",
      "properties": {
        "amenity": "toilets",
        "fee": "no",
        "name": "松園下村公廁 Tsung Yuen Ha Tsuen Public Toilet",
        "name:en": "Tsung Yuen Ha Tsuen Public Toilet",
        "name:zh": "松園下村公廁",
        "operator": "FEHD",
        "ref": "N-111",
        "toilets:disposal": "flush",
        "unisex": "yes",
        "wheelchair": "no",
        "_osm_id": 3005351963,
        "_osm_type": "node"
      },
      "geometry": {
        "type": "Point",
        "coordinates": [
          114.156098,
          22.552357
        ]
      }
    },
    {
      "type": "Feature",
      "properties": {
        "access": "yes",
        "addr:place": "塘頭埔村 Tong Tau Po Tsuen",
        "addr:place:en": "Tong Tau Po Tsuen",
        "addr:place:zh": "塘頭埔村",
        "amenity": "toilets",
        "building": "toilets",
        "building:levels": "1",
        "fee": "no",
        "name": "塘頭埔村公廁 Tong Tau Po Tsuen Public Toilet",
        "name:en": "Tong Tau Po Tsuen Public Toilet",
        "name:zh": "塘頭埔村公廁",
        "operator": "食物環境衞生署 Food and Environmental Hygiene Department",
        "operator:en": "Food and Environmental Hygiene Department",
        "operator:ownership": "government",
        "operator:wikidata": "Q2355063",
        "operator:zh": "食物環境衞生署",
        "ownership": "government",
        "ref": "YL-21",
        "roof:levels": "1",
        "roof:shape": "flat",
        "toilets:disposal": "flush",
        "wheelchair": "yes",
        "_osm_id": 3063935423,
        "_osm_type": "node"
      },
      "geometry": {
        "type": "Point",
        "coordinates": [
          114.037863,
          22.42587
        ]
      }
    },
    {
      "type": "Feature",
      "properties": {
        "access": "yes",
        "amenity": "toilets",
        "fee": "no",
        "name": "大樹下公廁 Tai Shu Ha Public Toilet",
        "name:en": "Tai Shu Ha Public Toilet",
        "name:zh": "大樹下公廁",
        "operator": "FEHD",
        "ref": "YL-24",
        "toilets:disposal": "flush",
        "wheelchair": "yes",
        "_osm_id": 3063935677,
        "_osm_type": "node"
      },
      "geometry": {
        "type": "Point",
        "coordinates": [
          114.033805,
          22.4292
        ]
      }
    },
    {
      "type": "Feature",
      "properties": {
        "access": "yes",
        "amenity": "toilets",
        "fee": "no",
        "name": "禮修村公廁 Lai Sau Tsuen Public Toilet",
        "name:en": "Lai Sau Tsuen Public Toilet",
        "name:zh": "禮修村公廁",
        "operator": "食物環境衞生署 Food and Environmental Hygiene Department",
        "operator:en": "Food and Environmental Hygiene Department",
        "operator:short": "食環署 FEHD",
        "operator:short:en": "FEHD",
        "operator:short:zh": "食環署",
        "operator:short:zh-Hans": "食环署",
        "operator:short:zh-Hant": "食環署",
        "operator:wikidata": "Q2355063",
        "operator:zh": "食物環境衞生署",
        "operator:zh-Hans": "食物环境卫生署",
        "operator:zh-Hant": "食物環境衞生署",
        "ref": "YL-19",
        "toilets:disposal": "flush",
        "wheelchair": "yes",
        "_osm_id": 3063936923,
        "_osm_type": "node"
      },
      "geometry": {
        "type": "Point",
        "coordinates": [
          114.028682,
          22.435488
        ]
      }
    },
    {
      "type": "Feature",
      "properties": {
        "amenity": "toilets",
        "wheelchair": "limited",
        "_osm_id": 3063943793,
        "_osm_type": "node"
      },
      "geometry": {
        "type": "Point",
        "coordinates": [
          114.0271702,
          22.4437031
        ]
      }
    },
    {
      "type": "Feature",
      "properties": {
        "access": "yes",
        "amenity": "toilets",
        "fee": "no",
        "operator": "AFCD",
        "toilets:disposal": "flush",
        "wheelchair": "yes",
        "_osm_id": 3232940102,
        "_osm_type": "node"
      },
      "geometry": {
        "type": "Point",
        "coordinates": [
          114.242154,
          22.488101
        ]
      }
    },
    {
      "type": "Feature",
      "properties": {
        "access": "yes",
        "amenity": "toilets",
        "fee": "no",
        "name": "鯽魚湖公廁 Tsak Yue Wu Public Toilet",
        "name:en": "Tsak Yue Wu Public Toilet",
        "name:zh": "鯽魚湖公廁",
        "operator": "食物環境衞生署 Food and Environmental Hygiene Department",
        "operator:en": "Food and Environmental Hygiene Department",
        "operator:short": "食環署 FEHD",
        "operator:short:en": "FEHD",
        "operator:short:zh": "食環署",
        "operator:short:zh-Hans": "食环署",
        "operator:short:zh-Hant": "食環署",
        "operator:wikidata": "Q2355063",
        "operator:zh": "食物環境衞生署",
        "operator:zh-Hans": "食物环境卫生署",
        "operator:zh-Hant": "食物環境衞生署",
        "ref": "SK-84",
        "toilets:disposal": "flush",
        "wheelchair": "yes",
        "_osm_id": 3250909227,
        "_osm_type": "node"
      },
      "geometry": {
        "type": "Point",
        "coordinates": [
          114.323368,
          22.401026
        ]
      }
    },
    {
      "type": "Feature",
      "properties": {
        "access": "yes",
        "amenity": "toilets",
        "fee": "no",
        "name": "谷埔(老圍)公廁 Kuk Po (Lo Wai) Public Toilet",
        "name:en": "Kuk Po (Lo Wai) Public Toilet",
        "name:zh": "谷埔(老圍)公廁",
        "operator": "FEHD",
        "ref": "N-91",
        "toilets:disposal": "flush",
        "unisex": "yes",
        "wheelchair": "no",
        "_osm_id": 3408912641,
        "_osm_type": "node"
      },
      "geometry": {
        "type": "Point",
        "coordinates": [
          114.237743,
          22.5283165
        ]
      }
    },
    {
      "type": "Feature",
      "properties": {
        "access": "yes",
        "amenity": "toilets",
        "fee": "no",
        "name": "吉澳洲碼頭公廁 Kat O Chau Pier Public Toilet",
        "name:en": "Kat O Chau Pier Public Toilet",
        "name:zh": "吉澳洲碼頭公廁",
        "operator": "食物環境衞生署 Food and Environmental Hygiene Department",
        "operator:en": "Food and Environmental Hygiene Department",
        "operator:short": "食環署 FEHD",
        "operator:short:en": "FEHD",
        "operator:short:zh": "食環署",
        "operator:short:zh-Hans": "食环署",
        "operator:short:zh-Hant": "食環署",
        "operator:wikidata": "Q2355063",
        "operator:zh": "食物環境衞生署",
        "operator:zh-Hans": "食物环境卫生署",
        "operator:zh-Hant": "食物環境衞生署",
        "ref": "N-138",
        "source": "https://www.fehd.gov.hk/english/pleasant_environment/cleansing/list_of_public_toilets.html?district=NTIs",
        "toilets:disposal": "flush",
        "unisex": "yes",
        "wheelchair": "no",
        "_osm_id": 3440977533,
        "_osm_type": "node"
      },
      "geometry": {
        "type": "Point",
        "coordinates": [
          114.290358,
          22.550408
        ]
      }
    },
    {
      "type": "Feature",
      "properties": {
        "access": "yes",
        "amenity": "toilets",
        "fee": "no",
        "name": "吉澳漁民村公廁 Kat O Fisherman Village Public Toilet",
        "name:en": "Kat O Fisherman Village Public Toilet",
        "name:zh": "吉澳漁民村公廁",
        "operator": "食物環境衞生署 Food and Environmental Hygiene Department",
        "operator:en": "Food and Environmental Hygiene Department",
        "operator:short": "食環署 FEHD",
        "operator:short:en": "FEHD",
        "operator:short:zh": "食環署",
        "operator:short:zh-Hans": "食环署",
        "operator:short:zh-Hant": "食環署",
        "operator:wikidata": "Q2355063",
        "operator:zh": "食物環境衞生署",
        "operator:zh-Hans": "食物环境卫生署",
        "operator:zh-Hant": "食物環境衞生署",
        "ref": "N-89",
        "toilets:disposal": "flush",
        "unisex": "yes",
        "wheelchair": "no",
        "_osm_id": 3440993709,
        "_osm_type": "node"
      },
      "geometry": {
        "type": "Point",
        "coordinates": [
          114.2885555,
          22.5532315
        ]
      }
    },
    {
      "type": "Feature",
      "properties": {
        "access": "yes",
        "amenity": "toilets",
        "fee": "no",
        "name": "吉澳西澳公廁 Kat O Sai O Public Toilet",
        "name:en": "Kat O Sai O Public Toilet",
        "name:zh": "吉澳西澳公廁",
        "operator": "食物環境衞生署 Food and Environmental Hygiene Department",
        "operator:en": "Food and Environmental Hygiene Department",
        "operator:short": "食環署 FEHD",
        "operator:short:en": "FEHD",
        "operator:short:zh": "食環署",
        "operator:short:zh-Hans": "食环署",
        "operator:short:zh-Hant": "食環署",
        "operator:wikidata": "Q2355063",
        "operator:zh": "食物環境衞生署",
        "operator:zh-Hans": "食物环境卫生署",
        "operator:zh-Hant": "食物環境衞生署",
        "ref": "N-90",
        "toilets:disposal": "flush",
        "unisex": "yes",
        "wheelchair": "no",
        "_osm_id": 3600451083,
        "_osm_type": "node"
      },
      "geometry": {
        "type": "Point",
        "coordinates": [
          114.291035,
          22.546959
        ]
      }
    },
    {
      "type": "Feature",
      "properties": {
        "access": "yes",
        "addr:place": "黃泥墩 Wong Nai Tun",
        "addr:place:en": "Wong Nai Tun",
        "addr:place:zh": "黃泥墩",
        "amenity": "toilets",
        "building": "toilets",
        "building:levels": "1",
        "fee": "no",
        "name": "黃泥墩(2)公廁 Wong Nai Tun (2) Public Toilet",
        "name:en": "Wong Nai Tun (2) Public Toilet",
        "name:zh": "黃泥墩(2)公廁",
        "operator": "食物環境衞生署 Food and Environmental Hygiene Department",
        "operator:en": "Food and Environmental Hygiene Department",
        "operator:ownership": "government",
        "operator:wikidata": "Q2355063",
        "operator:zh": "食物環境衞生署",
        "ownership": "government",
        "ref": "YL-9",
        "roof:levels": "1",
        "roof:shape": "flat",
        "toilets:disposal": "flush",
        "wheelchair": "yes",
        "_osm_id": 3854020812,
        "_osm_type": "node"
      },
      "geometry": {
        "type": "Point",
        "coordinates": [
          114.021501,
          22.416489
        ]
      }
    },
    {
      "type": "Feature",
      "properties": {
        "access": "yes",
        "amenity": "toilets",
        "changing_table": "yes",
        "fee": "no",
        "name": "華山村公廁 Wa Shan Tsuen Public Toilet",
        "name:en": "Wa Shan Tsuen Public Toilet",
        "name:zh": "華山村公廁",
        "operator": "FEHD",
        "ref": "N-45",
        "toilets:disposal": "flush",
        "unisex": "yes",
        "wheelchair": "yes",
        "_osm_id": 4213284991,
        "_osm_type": "node"
      },
      "geometry": {
        "type": "Point",
        "coordinates": [
          114.13269,
          22.516132
        ]
      }
    },
    {
      "type": "Feature",
      "properties": {
        "access": "yes",
        "amenity": "toilets",
        "fee": "no",
        "name": "屯門紫田路公廁 Tuen Mun Tsz Tin Road Public Toilet",
        "name:en": "Tuen Mun Tsz Tin Road Public Toilet",
        "name:zh": "屯門紫田路公廁",
        "operator": "食物環境衞生署 Food and Environmental Hygiene Department",
        "operator:en": "Food and Environmental Hygiene Department",
        "operator:short": "食環署 FEHD",
        "operator:short:en": "FEHD",
        "operator:short:zh": "食環署",
        "operator:short:zh-Hans": "食环署",
        "operator:short:zh-Hant": "食環署",
        "operator:wikidata": "Q2355063",
        "operator:zh": "食物環境衞生署",
        "operator:zh-Hans": "食物环境卫生署",
        "operator:zh-Hant": "食物環境衞生署",
        "ref": "TM-119",
        "toilets:disposal": "flush",
        "wheelchair": "yes",
        "_osm_id": 4464856815,
        "_osm_type": "node"
      },
      "geometry": {
        "type": "Point",
        "coordinates": [
          113.974693,
          22.414279
        ]
      }
    },
    {
      "type": "Feature",
      "properties": {
        "access": "yes",
        "amenity": "toilets",
        "fee": "no",
        "name": "獅頭嶺公廁 Sze Tau Leng Public Toilet",
        "name:en": "Sze Tau Leng Public Toilet",
        "name:zh": "獅頭嶺公廁",
        "operator": "食物環境衞生署 Food and Environmental Hygiene Department",
        "operator:en": "Food and Environmental Hygiene Department",
        "operator:short": "FEHD",
        "operator:wikidata": "Q2355063",
        "operator:zh": "食物環境衞生署",
        "operator:zh-Hans": "食物环境卫生署",
        "operator:zh-Hant": "食物環境衞生署",
        "ref": "N-75",
        "toilets:disposal": "flush",
        "unisex": "yes",
        "wheelchair": "no",
        "_osm_id": 4517002605,
        "_osm_type": "node"
      },
      "geometry": {
        "type": "Point",
        "coordinates": [
          114.180156,
          22.50721
        ]
      }
    },
    {
      "type": "Feature",
      "properties": {
        "access": "yes",
        "amenity": "toilets",
        "changing_table": "yes",
        "fee": "no",
        "name": "安圃村公廁 On Po Tsuen Public Toilet",
        "name:en": "On Po Tsuen Public Toilet",
        "name:zh": "安圃村公廁",
        "operator": "FEHD",
        "ref": "N-29",
        "toilets:disposal": "flush",
        "unisex": "yes",
        "wheelchair": "yes",
        "_osm_id": 4550090247,
        "_osm_type": "node"
      },
      "geometry": {
        "type": "Point",
        "coordinates": [
          114.118417,
          22.48967
        ]
      }
    },
    {
      "type": "Feature",
      "properties": {
        "access": "yes",
        "amenity": "toilets",
        "changing_table": "yes",
        "fee": "no",
        "name": "吳屋村(松仔園)公廁 Ng Uk Tsuen (Chung Chai Yuen) Public Toilet",
        "name:en": "Ng Uk Tsuen (Chung Chai Yuen) Public Toilet",
        "name:zh": "吳屋村(松仔園)公廁",
        "operator": "FEHD",
        "ref": "N-11",
        "toilets:disposal": "flush",
        "unisex": "yes",
        "wheelchair": "yes",
        "_osm_id": 4550090248,
        "_osm_type": "node"
      },
      "geometry": {
        "type": "Point",
        "coordinates": [
          114.123406,
          22.486311
        ]
      }
    },
    {
      "type": "Feature",
      "properties": {
        "access": "yes",
        "amenity": "toilets",
        "fee": "no",
        "name": "下禾坑公廁 Ha Wo Hang Public Toilet",
        "name:en": "Ha Wo Hang Public Toilet",
        "name:zh": "下禾坑公廁",
        "operator": "FEHD",
        "ref": "N-88",
        "toilets:disposal": "flush",
        "wheelchair": "no",
        "_osm_id": 4550160741,
        "_osm_type": "node"
      },
      "geometry": {
        "type": "Point",
        "coordinates": [
          114.199006,
          22.528162
        ]
      }
    },
    {
      "type": "Feature",
      "properties": {
        "access": "yes",
        "amenity": "toilets",
        "fee": "no",
        "name": "大朗旱廁 Tai Long Aqua Privy",
        "name:en": "Tai Long Aqua Privy",
        "name:zh": "大朗旱廁",
        "operator": "FEHD",
        "ref": "N-105",
        "toilets:disposal": "pitlatrine",
        "wheelchair": "no",
        "_osm_id": 4550160742,
        "_osm_type": "node"
      },
      "geometry": {
        "type": "Point",
        "coordinates": [
          114.197594,
          22.530612
        ]
      }
    },
    {
      "type": "Feature",
      "properties": {
        "access": "yes",
        "amenity": "toilets",
        "fee": "no",
        "name": "營盤村公廁",
        "name:en": "Ying Pun Tsuen Public Toilet",
        "name:zh": "營盤村公廁 Ying Pun Tsuen Public Toilet",
        "operator": "FEHD",
        "ref": "N-49",
        "source": "https://www.fehd.gov.hk/english/pleasant_environment/cleansing/list_of_public_toilets.html?district=NTIs",
        "toilets:disposal": "flush",
        "unisex": "yes",
        "wheelchair": "yes",
        "_osm_id": 4550160744,
        "_osm_type": "node"
      },
      "geometry": {
        "type": "Point",
        "coordinates": [
          114.109414,
          22.472447
        ]
      }
    },
    {
      "type": "Feature",
      "properties": {
        "access": "yes",
        "amenity": "toilets",
        "fee": "no",
        "name": "打石湖旱廁 Ta Shek Wu Aqua Privy",
        "name:en": "Ta Shek Wu Aqua Privy",
        "name:zh": "打石湖旱廁",
        "operator": "FEHD",
        "ref": "YL-46",
        "toilets:disposal": "pitlatrine",
        "wheelchair": "no",
        "_osm_id": 4550415916,
        "_osm_type": "node"
      },
      "geometry": {
        "type": "Point",
        "coordinates": [
          114.10736,
          22.46205
        ]
      }
    },
    {
      "type": "Feature",
      "properties": {
        "access": "yes",
        "amenity": "toilets",
        "fee": "no",
        "name": "蕉徑街市旱廁 Tsiu Keng Market Aqua Privy",
        "name:en": "Tsiu Keng Market Aqua Privy",
        "name:zh": "蕉徑街市旱廁",
        "operator": "FEHD",
        "ref": "N-43",
        "toilets:disposal": "pitlatrine",
        "wheelchair": "no",
        "_osm_id": 4550415917,
        "_osm_type": "node"
      },
      "geometry": {
        "type": "Point",
        "coordinates": [
          114.110811,
          22.476072
        ]
      }
    },
    {
      "type": "Feature",
      "properties": {
        "access": "yes",
        "amenity": "toilets",
        "fee": "no",
        "name": "營盤下村公廁 Ying Pun Ha Tsuen Public Toilet",
        "name:en": "Ying Pun Ha Tsuen Public Toilet",
        "name:zh": "營盤下村公廁",
        "operator": "FEHD",
        "ref": "N-48",
        "toilets:disposal": "flush",
        "unisex": "yes",
        "wheelchair": "no",
        "_osm_id": 4550415919,
        "_osm_type": "node"
      },
      "geometry": {
        "type": "Point",
        "coordinates": [
          114.111841,
          22.474301
        ]
      }
    },
    {
      "type": "Feature",
      "properties": {
        "access": "yes",
        "amenity": "toilets",
        "changing_table": "no",
        "fee": "no",
        "level": "0",
        "wheelchair": "no",
        "_osm_id": 4551216474,
        "_osm_type": "node"
      },
      "geometry": {
        "type": "Point",
        "coordinates": [
          114.1684769,
          22.4942764
        ]
      }
    },
    {
      "type": "Feature",
      "properties": {
        "access": "yes",
        "amenity": "toilets",
        "fee": "no",
        "name": "粉嶺鶴藪村公廁 Hok Tau Tsuen Public Toilet",
        "name:en": "Hok Tau Tsuen Public Toilet",
        "name:zh": "粉嶺鶴藪村公廁",
        "operator": "食物環境衞生署 Food and Environmental Hygiene Department",
        "operator:en": "Food and Environmental Hygiene Department",
        "operator:short": "FEHD",
        "operator:wikidata": "Q2355063",
        "operator:zh": "食物環境衞生署",
        "operator:zh-Hans": "食物环境卫生署",
        "operator:zh-Hant": "食物環境衞生署",
        "ref": "N-55",
        "source": "https://www.fehd.gov.hk/english/pleasant_environment/cleansing/list_of_public_toilets.html?district=NTIs",
        "toilets:disposal": "flush",
        "unisex": "yes",
        "wheelchair": "no",
        "_osm_id": 4552386395,
        "_osm_type": "node"
      },
      "geometry": {
        "type": "Point",
        "coordinates": [
          114.1732674,
          22.5014224
        ]
      }
    },
    {
      "type": "Feature",
      "properties": {
        "access": "yes",
        "amenity": "toilets",
        "fee": "no",
        "name": "屏山新村公廁 Ping Shan San Tsuen Public Toilet",
        "name:en": "Ping Shan San Tsuen Public Toilet",
        "name:zh": "屏山新村公廁",
        "operator": "FEHD",
        "toilets:disposal": "flush",
        "wheelchair": "yes",
        "_osm_id": 4555125638,
        "_osm_type": "node"
      },
      "geometry": {
        "type": "Point",
        "coordinates": [
          114.00816,
          22.441625
        ]
      }
    },
    {
      "type": "Feature",
      "properties": {
        "access": "yes",
        "amenity": "toilets",
        "fee": "no",
        "name": "灰沙圍公廁 Fui Sha Wai Public Toilet",
        "name:en": "Fui Sha Wai Public Toilet",
        "name:zh": "灰沙圍公廁",
        "operator": "FEHD",
        "ref": "YL-87",
        "toilets:disposal": "flush",
        "wheelchair": "no",
        "_osm_id": 4555125639,
        "_osm_type": "node"
      },
      "geometry": {
        "type": "Point",
        "coordinates": [
          114.005913,
          22.438678
        ]
      }
    },
    {
      "type": "Feature",
      "properties": {
        "access": "yes",
        "amenity": "toilets",
        "fee": "no",
        "name": "老圍公廁 Lo Wai Public Toilet",
        "name:en": "Lo Wai Public Toilet",
        "name:zh": "老圍公廁",
        "operator": "FEHD",
        "ref": "N-83",
        "toilets:disposal": "flush",
        "unisex": "yes",
        "wheelchair": "no",
        "_osm_id": 4746531881,
        "_osm_type": "node"
      },
      "geometry": {
        "type": "Point",
        "coordinates": [
          114.152075,
          22.497705
        ]
      }
    },
    {
      "type": "Feature",
      "properties": {
        "access": "yes",
        "amenity": "toilets",
        "changing_table": "yes",
        "fee": "no",
        "name": "上水圍圍內村公廁 Sheung Shui Wai Wai Noi Tsuen Public Toilet",
        "name:en": "Sheung Shui Wai Wai Noi Tsuen Public Toilet",
        "name:zh": "上水圍圍內村公廁",
        "operator": "食物環境衞生署 Food and Environmental Hygiene Department",
        "operator:en": "Food and Environmental Hygiene Department",
        "operator:short": "食環署 FEHD",
        "operator:short:en": "FEHD",
        "operator:short:zh": "食環署",
        "operator:short:zh-Hans": "食环署",
        "operator:short:zh-Hant": "食環署",
        "operator:wikidata": "Q2355063",
        "operator:zh": "食物環境衞生署",
        "operator:zh-Hans": "食物环境卫生署",
        "operator:zh-Hant": "食物環境衞生署",
        "ref": "N-134",
        "toilets:disposal": "flush",
        "unisex": "yes",
        "wheelchair": "yes",
        "_osm_id": 4784596410,
        "_osm_type": "node"
      },
      "geometry": {
        "type": "Point",
        "coordinates": [
          114.123433,
          22.509638
        ]
      }
    },
    {
      "type": "Feature",
      "properties": {
        "access": "yes",
        "amenity": "toilets",
        "fee": "no",
        "name": "沙頭角萬屋邊公廁 Sha Tau Kok Man Uk Pin Public Toilet",
        "name:en": "Sha Tau Kok Man Uk Pin Public Toilet",
        "name:zh": "沙頭角萬屋邊公廁",
        "operator": "FEHD",
        "ref": "N-98",
        "toilets:disposal": "flush",
        "unisex": "yes",
        "wheelchair": "no",
        "_osm_id": 5095141286,
        "_osm_type": "node"
      },
      "geometry": {
        "type": "Point",
        "coordinates": [
          114.185004,
          22.526439
        ]
      }
    },
    {
      "type": "Feature",
      "properties": {
        "access": "yes",
        "amenity": "toilets",
        "fee": "no",
        "name": "大塘湖公廁 Tai Tong Wu Public Toilet",
        "name:en": "Tai Tong Wu Public Toilet",
        "name:zh": "大塘湖公廁",
        "operator": "FEHD",
        "ref": "N-106",
        "toilets:disposal": "flush",
        "unisex": "yes",
        "wheelchair": "no",
        "_osm_id": 5095141287,
        "_osm_type": "node"
      },
      "geometry": {
        "type": "Point",
        "coordinates": [
          114.176388,
          22.52064
        ]
      }
    },
    {
      "type": "Feature",
      "properties": {
        "access": "yes",
        "amenity": "toilets",
        "fee": "no",
        "name": "橫山腳新村公廁 Wang Shan Keuk San Tsuen Public Toilet",
        "name:en": "Wang Shan Keuk San Tsuen Public Toilet",
        "name:zh": "橫山腳新村公廁",
        "operator": "FEHD",
        "ref": "N-81",
        "toilets:disposal": "flush",
        "unisex": "yes",
        "wheelchair": "no",
        "_osm_id": 5095141288,
        "_osm_type": "node"
      },
      "geometry": {
        "type": "Point",
        "coordinates": [
          114.171302,
          22.520749
        ]
      }
    },
    {
      "type": "Feature",
      "properties": {
        "access": "yes",
        "amenity": "toilets",
        "fee": "no",
        "name": "嶺仔村公廁 Leng Tsai Tsuen Public Toilet",
        "name:en": "Leng Tsai Tsuen Public Toilet",
        "name:zh": "嶺仔村公廁",
        "operator": "FEHD",
        "ref": "N-60",
        "toilets:disposal": "flush",
        "unisex": "yes",
        "wheelchair": "no",
        "_osm_id": 5095141289,
        "_osm_type": "node"
      },
      "geometry": {
        "type": "Point",
        "coordinates": [
          114.1709567,
          22.5177528
        ]
      }
    },
    {
      "type": "Feature",
      "properties": {
        "access": "yes",
        "amenity": "toilets",
        "fee": "no",
        "name": "新塘莆公廁 San Tong Po Public Toilet",
        "name:en": "San Tong Po Public Toilet",
        "name:zh": "新塘莆公廁",
        "operator": "FEHD",
        "ref": "N-70",
        "toilets:disposal": "flush",
        "unisex": "yes",
        "wheelchair": "no",
        "_osm_id": 5095141290,
        "_osm_type": "node"
      },
      "geometry": {
        "type": "Point",
        "coordinates": [
          114.1666944,
          22.5101571
        ]
      }
    },
    {
      "type": "Feature",
      "properties": {
        "access": "yes",
        "amenity": "toilets",
        "fee": "no",
        "name": "麻笏村公廁 Ma Wat Tsuen Public Toilet",
        "name:en": "Ma Wat Tsuen Public Toilet",
        "name:zh": "麻笏村公廁",
        "operator": "FEHD",
        "ref": "N-67",
        "toilets:disposal": "flush",
        "unisex": "yes",
        "wheelchair": "no",
        "_osm_id": 5095141292,
        "_osm_type": "node"
      },
      "geometry": {
        "type": "Point",
        "coordinates": [
          114.149799,
          22.49929
        ]
      }
    },
    {
      "type": "Feature",
      "properties": {
        "access": "yes",
        "amenity": "toilets",
        "fee": "no",
        "name": "靈山村公廁 Ling Shan Tsuen Public Toilet",
        "name:en": "Ling Shan Tsuen Public Toilet",
        "name:zh": "靈山村公廁",
        "operator": "FEHD",
        "ref": "N-61",
        "toilets:disposal": "flush",
        "unisex": "yes",
        "wheelchair": "no",
        "_osm_id": 5095141293,
        "_osm_type": "node"
      },
      "geometry": {
        "type": "Point",
        "coordinates": [
          114.137187,
          22.50127
        ]
      }
    },
    {
      "type": "Feature",
      "properties": {
        "access": "yes",
        "amenity": "toilets",
        "fee": "no",
        "name": "上山雞乙公廁 Sheung Shan Kai Wat Public Toilet",
        "name:en": "Sheung Shan Kai Wat Public Toilet",
        "name:zh": "上山雞乙公廁",
        "operator": "FEHD",
        "ref": "N-125",
        "toilets:disposal": "flush",
        "unisex": "yes",
        "wheelchair": "no",
        "_osm_id": 5097914287,
        "_osm_type": "node"
      },
      "geometry": {
        "type": "Point",
        "coordinates": [
          114.1509128,
          22.5233659
        ]
      }
    },
    {
      "type": "Feature",
      "properties": {
        "access": "yes",
        "amenity": "toilets",
        "fee": "no",
        "name": "下山雞乙(2)公廁 Ha Shan Kai Wat (2) Public Toilet",
        "name:en": "Ha Shan Kai Wat (2) Public Toilet",
        "name:zh": "下山雞乙(2)公廁",
        "operator": "FEHD",
        "ref": "N-115",
        "toilets:disposal": "flush",
        "wheelchair": "no",
        "_osm_id": 5097914289,
        "_osm_type": "node"
      },
      "geometry": {
        "type": "Point",
        "coordinates": [
          114.15977,
          22.520784
        ]
      }
    },
    {
      "type": "Feature",
      "properties": {
        "access": "yes",
        "amenity": "toilets",
        "fee": "no",
        "name": "鳳崗(塘角)公廁 Fung Kong (Tong Kok) Public Toilet",
        "name:en": "Fung Kong (Tong Kok) Public Toilet",
        "name:zh": "鳳崗(塘角)公廁",
        "operator": "FEHD",
        "ref": "N-7",
        "toilets:disposal": "flush",
        "unisex": "yes",
        "wheelchair": "no",
        "_osm_id": 5097914290,
        "_osm_type": "node"
      },
      "geometry": {
        "type": "Point",
        "coordinates": [
          114.1048405,
          22.5099211
        ]
      }
    },
    {
      "type": "Feature",
      "properties": {
        "access": "yes",
        "amenity": "toilets",
        "fee": "no",
        "name": "金錢(南)公廁 Kam Tsin (South) Public Toilet",
        "name:en": "Kam Tsin (South) Public Toilet",
        "name:zh": "金錢(南)公廁",
        "operator": "食物環境衞生署 Food and Environmental Hygiene Department",
        "operator:en": "Food and Environmental Hygiene Department",
        "operator:short": "食環署 FEHD",
        "operator:short:en": "FEHD",
        "operator:short:zh": "食環署",
        "operator:short:zh-Hans": "食环署",
        "operator:short:zh-Hant": "食環署",
        "operator:wikidata": "Q2355063",
        "operator:zh": "食物環境衞生署",
        "operator:zh-Hans": "食物环境卫生署",
        "operator:zh-Hant": "食物環境衞生署",
        "ref": "N-15",
        "toilets:disposal": "flush",
        "unisex": "yes",
        "wheelchair": "no",
        "_osm_id": 5097914296,
        "_osm_type": "node"
      },
      "geometry": {
        "type": "Point",
        "coordinates": [
          114.112251,
          22.49906
        ]
      }
    },
    {
      "type": "Feature",
      "properties": {
        "access": "yes",
        "amenity": "toilets",
        "changing_table": "yes",
        "fee": "no",
        "name": "祠堂村公廁 Tsz Tong Tsuen Public Toilet",
        "name:en": "Tsz Tong Tsuen Public Toilet",
        "name:zh": "祠堂村公廁",
        "operator": "FEHD",
        "ref": "N-79",
        "toilets:disposal": "flush",
        "unisex": "yes",
        "wheelchair": "yes",
        "_osm_id": 5098150894,
        "_osm_type": "node"
      },
      "geometry": {
        "type": "Point",
        "coordinates": [
          114.1529451,
          22.4982744
        ]
      }
    },
    {
      "type": "Feature",
      "properties": {
        "access": "yes",
        "amenity": "toilets",
        "fee": "no",
        "name": "東閣圍公廁 Tung Kok Wai Public Toilet",
        "name:en": "Tung Kok Wai Public Toilet",
        "name:zh": "東閣圍公廁",
        "operator": "FEHD",
        "ref": "N-78",
        "toilets:disposal": "flush",
        "unisex": "yes",
        "wheelchair": "no",
        "_osm_id": 5098150895,
        "_osm_type": "node"
      },
      "geometry": {
        "type": "Point",
        "coordinates": [
          114.1530883,
          22.5004644
        ]
      }
    },
    {
      "type": "Feature",
      "properties": {
        "access": "yes",
        "amenity": "toilets",
        "fee": "no",
        "name": "木棉頭公廁 Muk Min Tau Public Toilet",
        "name:en": "Muk Min Tau Public Toilet",
        "name:zh": "木棉頭公廁",
        "operator": "FEHD",
        "ref": "N-99",
        "toilets:disposal": "flush",
        "unisex": "yes",
        "wheelchair": "no",
        "_osm_id": 5098150898,
        "_osm_type": "node"
      },
      "geometry": {
        "type": "Point",
        "coordinates": [
          114.217479,
          22.54371
        ]
      }
    },
    {
      "type": "Feature",
      "properties": {
        "access": "yes",
        "amenity": "toilets",
        "fee": "no",
        "name": "輋下村公廁 Che Ha Village Public Toilet",
        "name:en": "Che Ha Village Public Toilet",
        "name:zh": "輋下村公廁",
        "operator": "FEHD",
        "ref": "SK-66",
        "toilets:disposal": "flush",
        "wheelchair": "no",
        "_osm_id": 5106845238,
        "_osm_type": "node"
      },
      "geometry": {
        "type": "Point",
        "coordinates": [
          114.262377,
          22.43097
        ]
      }
    },
    {
      "type": "Feature",
      "properties": {
        "access": "yes",
        "amenity": "toilets",
        "fee": "no",
        "name": "泥涌碼頭公廁 Nai Chung Pier Public Toilet",
        "name:en": "Nai Chung Pier Public Toilet",
        "name:zh": "泥涌碼頭公廁",
        "operator": "食物環境衞生署 Food and Environmental Hygiene Department",
        "operator:en": "Food and Environmental Hygiene Department",
        "operator:short": "食環署 FEHD",
        "operator:short:en": "FEHD",
        "operator:short:zh": "食環署",
        "operator:short:zh-Hans": "食环署",
        "operator:short:zh-Hant": "食環署",
        "operator:wikidata": "Q2355063",
        "operator:zh": "食物環境衞生署",
        "operator:zh-Hans": "食物环境卫生署",
        "operator:zh-Hant": "食物環境衞生署",
        "ref": "SK-73",
        "toilets:disposal": "flush",
        "wheelchair": "no",
        "_osm_id": 5106845239,
        "_osm_type": "node"
      },
      "geometry": {
        "type": "Point",
        "coordinates": [
          114.254096,
          22.43374
        ]
      }
    },
    {
      "type": "Feature",
      "properties": {
        "access": "yes",
        "amenity": "toilets",
        "fee": "no",
        "name": "紅棗田公廁 Hung Tso Tin Public Toilet",
        "name:en": "Hung Tso Tin Public Toilet",
        "name:zh": "紅棗田公廁",
        "operator": "FEHD",
        "ref": "YL-16",
        "toilets:disposal": "flush",
        "wheelchair": "no",
        "_osm_id": 5141328244,
        "_osm_type": "node"
      },
      "geometry": {
        "type": "Point",
        "coordinates": [
          114.02978,
          22.42522
        ]
      }
    },
    {
      "type": "Feature",
      "properties": {
        "access": "yes",
        "amenity": "toilets",
        "fee": "no",
        "name": "錦田錦慶圍北公廁 Kam Tin Kam Hing Wai North Public Toilet",
        "name:en": "Kam Tin Kam Hing Wai North Public Toilet",
        "name:zh": "錦田錦慶圍北公廁",
        "operator": "FEHD",
        "ref": "YL-174",
        "toilets:disposal": "flush",
        "wheelchair": "no",
        "_osm_id": 5144295386,
        "_osm_type": "node"
      },
      "geometry": {
        "type": "Point",
        "coordinates": [
          114.060824,
          22.443892
        ]
      }
    },
    {
      "type": "Feature",
      "properties": {
        "access": "yes",
        "amenity": "toilets",
        "wheelchair": "yes",
        "_osm_id": 5206456356,
        "_osm_type": "node"
      },
      "geometry": {
        "type": "Point",
        "coordinates": [
          114.2221382,
          22.5557862
        ]
      }
    },
    {
      "type": "Feature",
      "properties": {
        "access": "yes",
        "addr:place": "新慶村 San Hing Tsuen",
        "addr:place:en": "San Hing Tsuen",
        "addr:place:zh": "新慶村",
        "amenity": "toilets",
        "building": "toilets",
        "building:levels": "1",
        "fee": "no",
        "name": "新慶村公廁 San Hing Tsuen Public Toilet",
        "name:en": "San Hing Tsuen Public Toilet",
        "name:zh": "新慶村公廁",
        "name:zh-Hans": "新庆村公厕",
        "name:zh-Hant": "新慶村公廁",
        "operator": "食物環境衞生署 Food and Environmental Hygiene Department",
        "operator:en": "Food and Environmental Hygiene Department",
        "operator:ownership": "government",
        "operator:short": "食環署 FEHD",
        "operator:short:en": "FEHD",
        "operator:short:zh": "食環署",
        "operator:short:zh-Hans": "食环署",
        "operator:short:zh-Hant": "食環署",
        "operator:wikidata": "Q2355063",
        "operator:zh": "食物環境衞生署",
        "operator:zh-Hans": "食物环境卫生署",
        "operator:zh-Hant": "食物環境衞生署",
        "ownership": "government",
        "roof:levels": "1",
        "roof:shape": "flat",
        "toilets:disposal": "flush",
        "wheelchair": "no",
        "_osm_id": 5485898729,
        "_osm_type": "node"
      },
      "geometry": {
        "type": "Point",
        "coordinates": [
          113.9800524,
          22.4188256
        ]
      }
    },
    {
      "type": "Feature",
      "properties": {
        "access": "yes",
        "addr:place": "青磚圍 Tsing Chuen Wai",
        "addr:place:en": "Tsing Chuen Wai",
        "addr:place:zh": "青磚圍",
        "amenity": "toilets",
        "building": "toilets",
        "building:levels": "1",
        "fee": "no",
        "name": "青磚圍公廁 Tsing Chuen Wai Public Toilet",
        "name:en": "Tsing Chuen Wai Public Toilet",
        "name:zh": "青磚圍公廁",
        "operator": "食物環境衞生署 Food and Environmental Hygiene Department",
        "operator:en": "Food and Environmental Hygiene Department",
        "operator:ownership": "government",
        "operator:wikidata": "Q2355063",
        "operator:zh": "食物環境衞生署",
        "ownership": "government",
        "ref": "TM-108",
        "roof:levels": "1",
        "roof:shape": "flat",
        "toilets:disposal": "flush",
        "wheelchair": "no",
        "_osm_id": 5485898730,
        "_osm_type": "node"
      },
      "geometry": {
        "type": "Point",
        "coordinates": [
          113.982949,
          22.422508
        ]
      }
    },
    {
      "type": "Feature",
      "properties": {
        "access": "yes",
        "amenity": "toilets",
        "fee": "no",
        "toilets:disposal": "chemical",
        "toilets:position": "squat",
        "wheelchair": "no",
        "_osm_id": 5589698475,
        "_osm_type": "node"
      },
      "geometry": {
        "type": "Point",
        "coordinates": [
          114.102,
          22.40749
        ]
      }
    },
    {
      "type": "Feature",
      "properties": {
        "access": "yes",
        "amenity": "toilets",
        "fee": "no",
        "name": "新田蕃田村(2)公廁 San Tin Fan Tin Tsuen (2) Public Toilet",
        "name:en": "San Tin Fan Tin Tsuen (2) Public Toilet",
        "name:zh": "新田蕃田村(2)公廁",
        "operator": "FEHD",
        "ref": "YL-157",
        "toilets:disposal": "flush",
        "wheelchair": "no",
        "_osm_id": 5612891856,
        "_osm_type": "node"
      },
      "geometry": {
        "type": "Point",
        "coordinates": [
          114.075909,
          22.49785
        ]
      }
    },
    {
      "type": "Feature",
      "properties": {
        "access": "yes",
        "amenity": "toilets",
        "fee": "no",
        "name": "青龍村公廁 Tsing Lung Tsuen Public Toilet",
        "name:en": "Tsing Lung Tsuen Public Toilet",
        "name:zh": "青龍村公廁",
        "operator": "FEHD",
        "ref": "YL-155",
        "toilets:disposal": "flush",
        "wheelchair": "no",
        "_osm_id": 5612891857,
        "_osm_type": "node"
      },
      "geometry": {
        "type": "Point",
        "coordinates": [
          114.07402,
          22.49679
        ]
      }
    },
    {
      "type": "Feature",
      "properties": {
        "access": "yes",
        "amenity": "toilets",
        "fee": "no",
        "name": "仁壽圍公廁 Yan Shau Wai Public Toilet",
        "name:en": "Yan Shau Wai Public Toilet",
        "name:zh": "仁壽圍公廁",
        "operator": "FEHD",
        "ref": "YL-159",
        "toilets:disposal": "flush",
        "wheelchair": "no",
        "_osm_id": 5612891858,
        "_osm_type": "node"
      },
      "geometry": {
        "type": "Point",
        "coordinates": [
          114.074394,
          22.502103
        ]
      }
    },
    {
      "type": "Feature",
      "properties": {
        "access": "yes",
        "amenity": "toilets",
        "fee": "no",
        "name": "新田落馬洲村公廁 Lok Ma Chau Tsuen, San Tin Public Toilet",
        "name:en": "Lok Ma Chau Tsuen, San Tin Public Toilet",
        "name:zh": "新田落馬洲村公廁",
        "operator": "FEHD",
        "ref": "YL-164",
        "toilets:disposal": "flush",
        "wheelchair": "no",
        "_osm_id": 5612891860,
        "_osm_type": "node"
      },
      "geometry": {
        "type": "Point",
        "coordinates": [
          114.079231,
          22.513049
        ]
      }
    },
    {
      "type": "Feature",
      "properties": {
        "access": "yes",
        "addr:place": "元崗 Yuen Kong",
        "addr:place:en": "Yuen Kong",
        "addr:place:zh": "元崗",
        "amenity": "toilets",
        "building": "toilets",
        "building:levels": "1",
        "fee": "no",
        "name": "元崗村公廁 Yuen Kong Tsuen Public Toilet",
        "name:en": "Yuen Kong Tsuen Public Toilet",
        "name:zh": "元崗村公廁",
        "operator": "食物環境衞生署 Food and Environmental Hygiene Department",
        "operator:en": "Food and Environmental Hygiene Department",
        "operator:ownership": "government",
        "operator:short": "FEHD",
        "operator:wikidata": "Q2355063",
        "operator:zh": "食物環境衞生署",
        "operator:zh-Hans": "食物环境卫生署",
        "operator:zh-Hant": "食物環境衞生署",
        "ownership": "government",
        "ref": "YL-68",
        "roof:levels": "1",
        "roof:shape": "flat",
        "toilets:disposal": "flush",
        "wheelchair": "no",
        "_osm_id": 5621827403,
        "_osm_type": "node"
      },
      "geometry": {
        "type": "Point",
        "coordinates": [
          114.07759,
          22.425241
        ]
      }
    },
    {
      "type": "Feature",
      "properties": {
        "access": "yes",
        "amenity": "toilets",
        "fee": "no",
        "name": "蓮花地東旱廁 Lin Fa Tei East Aqua Privy",
        "name:en": "Lin Fa Tei East Aqua Privy",
        "name:zh": "蓮花地東旱廁",
        "operator": "FEHD",
        "ref": "YL-62",
        "toilets:disposal": "pitlatrine",
        "wheelchair": "no",
        "_osm_id": 5621827407,
        "_osm_type": "node"
      },
      "geometry": {
        "type": "Point",
        "coordinates": [
          114.087549,
          22.428363
        ]
      }
    },
    {
      "type": "Feature",
      "properties": {
        "access": "yes",
        "amenity": "toilets",
        "fee": "no",
        "name": "黎屋村公廁 Lai Uk Tsuen Public Toilet",
        "name:en": "Lai Uk Tsuen Public Toilet",
        "name:zh": "黎屋村公廁",
        "operator": "FEHD",
        "ref": "YL-61",
        "toilets:disposal": "flush",
        "wheelchair": "no",
        "_osm_id": 5621827408,
        "_osm_type": "node"
      },
      "geometry": {
        "type": "Point",
        "coordinates": [
          114.09152,
          22.42805
        ]
      }
    },
    {
      "type": "Feature",
      "properties": {
        "access": "yes",
        "amenity": "toilets",
        "fee": "no",
        "name": "曾屋村公廁 Tsang Uk Tsuen Public Toilet",
        "name:en": "Tsang Uk Tsuen Public Toilet",
        "name:zh": "曾屋村公廁",
        "operator": "FEHD",
        "ref": "YL-60",
        "toilets:disposal": "flush",
        "wheelchair": "no",
        "_osm_id": 5621827409,
        "_osm_type": "node"
      },
      "geometry": {
        "type": "Point",
        "coordinates": [
          114.093892,
          22.430083
        ]
      }
    },
    {
      "type": "Feature",
      "properties": {
        "access": "yes",
        "amenity": "toilets",
        "fee": "no",
        "name": "杜屋村公廁 To Uk Tsuen Public Toilet",
        "name:en": "To Uk Tsuen Public Toilet",
        "name:zh": "杜屋村公廁",
        "operator": "FEHD",
        "toilets:disposal": "flush",
        "wheelchair": "yes",
        "_osm_id": 5621827410,
        "_osm_type": "node"
      },
      "geometry": {
        "type": "Point",
        "coordinates": [
          114.095782,
          22.43072
        ]
      }
    },
    {
      "type": "Feature",
      "properties": {
        "access": "yes",
        "amenity": "toilets",
        "fee": "no",
        "name": "杜屋村公廁 To Uk Tsuen Public Toilet",
        "name:en": "To Uk Tsuen Public Toilet",
        "name:zh": "杜屋村公廁",
        "operator": "FEHD",
        "ref": "YL-59",
        "toilets:disposal": "flush",
        "wheelchair": "no",
        "_osm_id": 5621827411,
        "_osm_type": "node"
      },
      "geometry": {
        "type": "Point",
        "coordinates": [
          114.09629,
          22.43066
        ]
      }
    },
    {
      "type": "Feature",
      "properties": {
        "access": "yes",
        "amenity": "toilets",
        "fee": "no",
        "name": "八鄉中心村(石頭圍)公廁 Chung Sum Tsuen (Shek Tau Wai) Public Toilet",
        "name:en": "Chung Sum Tsuen (Shek Tau Wai) Public Toilet",
        "name:zh": "八鄉中心村(石頭圍)公廁",
        "operator": "FEHD",
        "ref": "YL-56",
        "toilets:disposal": "flush",
        "wheelchair": "no",
        "_osm_id": 5621827412,
        "_osm_type": "node"
      },
      "geometry": {
        "type": "Point",
        "coordinates": [
          114.096068,
          22.43102
        ]
      }
    },
    {
      "type": "Feature",
      "properties": {
        "access": "yes",
        "amenity": "toilets",
        "fee": "no",
        "name": "八鄉上村永慶圍公廁 Pat Heung Sheung Tsuen Wing Hing Wai Public Toilet",
        "name:en": "Pat Heung Sheung Tsuen Wing Hing Wai Public Toilet",
        "name:zh": "八鄉上村永慶圍公廁",
        "operator": "FEHD",
        "ref": "YL-57",
        "toilets:disposal": "flush",
        "wheelchair": "no",
        "_osm_id": 5621827413,
        "_osm_type": "node"
      },
      "geometry": {
        "type": "Point",
        "coordinates": [
          114.094991,
          22.431071
        ]
      }
    },
    {
      "type": "Feature",
      "properties": {
        "access": "yes",
        "addr:place": "南坑村 Nam Hang Tsuen",
        "addr:place:en": "Nam Hang Tsuen",
        "addr:place:zh": "南坑村",
        "amenity": "toilets",
        "building": "toilets",
        "building:levels": "1",
        "fee": "no",
        "name": "南坑村公廁 Nam Hang Tsuen Public Toilet",
        "name:en": "Nam Hang Tsuen Public Toilet",
        "name:zh": "南坑村公廁",
        "operator": "食物環境衞生署 Food and Environmental Hygiene Department",
        "operator:en": "Food and Environmental Hygiene Department",
        "operator:ownership": "government",
        "operator:wikidata": "Q2355063",
        "operator:zh": "食物環境衞生署",
        "ownership": "government",
        "ref": "YL-15",
        "roof:levels": "1",
        "roof:shape": "flat",
        "toilets:disposal": "flush",
        "wheelchair": "no",
        "_osm_id": 5622024752,
        "_osm_type": "node"
      },
      "geometry": {
        "type": "Point",
        "coordinates": [
          114.03334,
          22.42365
        ]
      }
    },
    {
      "type": "Feature",
      "properties": {
        "access": "yes",
        "amenity": "toilets",
        "fee": "no",
        "name": "大棠路南坑排公廁 Tai Tong Road Nam Hang Pai Public Toilet",
        "name:en": "Tai Tong Road Nam Hang Pai Public Toilet",
        "name:zh": "大棠路南坑排公廁",
        "operator": "FEHD",
        "ref": "YL-14",
        "toilets:disposal": "flush",
        "wheelchair": "no",
        "_osm_id": 5622024753,
        "_osm_type": "node"
      },
      "geometry": {
        "type": "Point",
        "coordinates": [
          114.03106,
          22.42276
        ]
      }
    },
    {
      "type": "Feature",
      "properties": {
        "access": "yes",
        "amenity": "toilets",
        "fee": "no",
        "name": "水蕉新村(2)公廁 Shui Chiu San Tsuen (2) Public Toilet",
        "name:en": "Shui Chiu San Tsuen (2) Public Toilet",
        "name:zh": "水蕉新村(2)公廁",
        "operator": "FEHD",
        "ref": "YL-11",
        "toilets:disposal": "flush",
        "wheelchair": "no",
        "_osm_id": 5622024754,
        "_osm_type": "node"
      },
      "geometry": {
        "type": "Point",
        "coordinates": [
          114.02866,
          22.425489
        ]
      }
    },
    {
      "type": "Feature",
      "properties": {
        "access": "yes",
        "amenity": "toilets",
        "fee": "no",
        "name": "水蕉老圍(2)公廁 Shui Tsiu Lo Wai (2) Public Toilet",
        "name:en": "Shui Tsiu Lo Wai (2) Public Toilet",
        "name:zh": "水蕉老圍(2)公廁",
        "operator": "FEHD",
        "ref": "YL-119",
        "toilets:disposal": "flush",
        "wheelchair": "yes",
        "_osm_id": 5622024755,
        "_osm_type": "node"
      },
      "geometry": {
        "type": "Point",
        "coordinates": [
          114.031462,
          22.426581
        ]
      }
    },
    {
      "type": "Feature",
      "properties": {
        "access": "yes",
        "amenity": "toilets",
        "fee": "no",
        "name": "大樹下西路崇正新村公廁 Tai Shu Ha Road West Shung Ching San Tsuen Public Toilet",
        "name:en": "Tai Shu Ha Road West Shung Ching San Tsuen Public Toilet",
        "name:zh": "大樹下西路崇正新村公廁",
        "operator": "FEHD",
        "ref": "YL-20",
        "toilets:disposal": "flush",
        "wheelchair": "no",
        "_osm_id": 5622024757,
        "_osm_type": "node"
      },
      "geometry": {
        "type": "Point",
        "coordinates": [
          114.0329,
          22.42975
        ]
      }
    },
    {
      "type": "Feature",
      "properties": {
        "access": "yes",
        "amenity": "toilets",
        "fee": "no",
        "name": "田寮村公廁 Tin Liu Tsuen Public Toilet",
        "name:en": "Tin Liu Tsuen Public Toilet",
        "name:zh": "田寮村公廁",
        "operator": "FEHD",
        "ref": "YL-3",
        "toilets:disposal": "flush",
        "wheelchair": "no",
        "_osm_id": 5622024758,
        "_osm_type": "node"
      },
      "geometry": {
        "type": "Point",
        "coordinates": [
          114.024409,
          22.432345
        ]
      }
    },
    {
      "type": "Feature",
      "properties": {
        "access": "yes",
        "addr:place": "木橋頭村 Muk Kiu Tau Tsuen",
        "addr:place:en": "Muk Kiu Tau Tsuen",
        "addr:place:zh": "木橋頭",
        "amenity": "toilets",
        "building": "toilets",
        "building:levels": "1",
        "fee": "no",
        "name": "木橋頭村公廁 Muk Kiu Tau Tsuen Public Toilet",
        "name:en": "Muk Kiu Tau Tsuen Public Toilet",
        "name:zh": "木橋頭村公廁",
        "operator": "食物環境衞生署 Food and Environmental Hygiene Department",
        "operator:en": "Food and Environmental Hygiene Department",
        "operator:ownership": "government",
        "operator:wikidata": "Q2355063",
        "operator:zh": "食物環境衞生署",
        "ownership": "government",
        "ref": "YL-4",
        "roof:levels": "1",
        "roof:shape": "flat",
        "toilets:disposal": "flush",
        "wheelchair": "no",
        "_osm_id": 5622024759,
        "_osm_type": "node"
      },
      "geometry": {
        "type": "Point",
        "coordinates": [
          114.025289,
          22.429579
        ]
      }
    },
    {
      "type": "Feature",
      "properties": {
        "access": "yes",
        "amenity": "toilets",
        "fee": "no",
        "name": "白沙村(1)公廁 Pak Sha Tsuen (1) Public Toilet",
        "name:en": "Pak Sha Tsuen (1) Public Toilet",
        "name:zh": "白沙村(1)公廁",
        "operator": "FEHD",
        "ref": "YL-5",
        "toilets:disposal": "flush",
        "wheelchair": "yes",
        "_osm_id": 5622024760,
        "_osm_type": "node"
      },
      "geometry": {
        "type": "Point",
        "coordinates": [
          114.021981,
          22.42522
        ]
      }
    },
    {
      "type": "Feature",
      "properties": {
        "access": "yes",
        "amenity": "toilets",
        "building": "toilets",
        "building:levels": "1",
        "fee": "no",
        "name": "白沙村公廁 Pak Sha Tsuen Public Toilet",
        "name:en": "Pak Sha Tsuen Public Toilet",
        "name:zh": "白沙村公廁",
        "operator": "食物環境衞生署 Food and Environmental Hygiene Department",
        "operator:en": "Food and Environmental Hygiene Department",
        "operator:ownership": "government",
        "operator:wikidata": "Q2355063",
        "operator:zh": "食物環境衞生署",
        "ownership": "government",
        "ref": "YL-6",
        "roof:levels": "1",
        "roof:shape": "flat",
        "toilets:disposal": "flush",
        "wheelchair": "no",
        "_osm_id": 5622024761,
        "_osm_type": "node"
      },
      "geometry": {
        "type": "Point",
        "coordinates": [
          114.021928,
          22.42143
        ]
      }
    },
    {
      "type": "Feature",
      "properties": {
        "access": "yes",
        "amenity": "toilets",
        "building": "toilets",
        "building:levels": "1",
        "fee": "no",
        "name": "白沙村(3)公廁 Pak Sha Tsuen (3) Public Toilet",
        "name:en": "Pak Sha Tsuen (3) Public Toilet",
        "name:zh": "白沙村(3)公廁",
        "operator": "食物環境衞生署 Food and Environmental Hygiene Department",
        "operator:en": "Food and Environmental Hygiene Department",
        "operator:ownership": "government",
        "operator:wikidata": "Q2355063",
        "operator:zh": "食物環境衞生署",
        "ownership": "government",
        "ref": "YL-7",
        "roof:levels": "1",
        "roof:shape": "flat",
        "toilets:disposal": "flush",
        "wheelchair": "no",
        "_osm_id": 5622024762,
        "_osm_type": "node"
      },
      "geometry": {
        "type": "Point",
        "coordinates": [
          114.023341,
          22.419439
        ]
      }
    },
    {
      "type": "Feature",
      "properties": {
        "access": "yes",
        "addr:place": "黃泥墩 Wong Nai Tun",
        "addr:place:en": "Wong Nai Tun",
        "addr:place:zh": "黃泥墩",
        "amenity": "toilets",
        "building": "toilets",
        "building:levels": "1",
        "fee": "no",
        "name": "黃泥墩(1)公廁 Wong Nai Tun (1) Public Toilet",
        "name:en": "Wong Nai Tun (1) Public Toilet",
        "name:zh": "黃泥墩(1)公廁",
        "operator": "食物環境衞生署 Food and Environmental Hygiene Department",
        "operator:en": "Food and Environmental Hygiene Department",
        "operator:ownership": "government",
        "operator:wikidata": "Q2355063",
        "operator:zh": "食物環境衞生署",
        "ownership": "government",
        "ref": "YL-8",
        "roof:levels": "1",
        "roof:shape": "flat",
        "toilets:disposal": "flush",
        "wheelchair": "no",
        "_osm_id": 5622024763,
        "_osm_type": "node"
      },
      "geometry": {
        "type": "Point",
        "coordinates": [
          114.022459,
          22.4184
        ]
      }
    },
    {
      "type": "Feature",
      "properties": {
        "access": "yes",
        "amenity": "toilets",
        "fee": "no",
        "name": "橋頭圍公廁 Kiu Tau Wai Public Toilet",
        "name:en": "Kiu Tau Wai Public Toilet",
        "name:zh": "橋頭圍公廁",
        "operator": "FEHD",
        "ref": "YL-92",
        "toilets:disposal": "flush",
        "wheelchair": "no",
        "_osm_id": 5622414590,
        "_osm_type": "node"
      },
      "geometry": {
        "type": "Point",
        "coordinates": [
          114.004628,
          22.443206
        ]
      }
    },
    {
      "type": "Feature",
      "properties": {
        "access": "yes",
        "amenity": "toilets",
        "fee": "no",
        "name": "屏山塘坊村公廁 Ping Shan Tong Fong Tsuen Public Toilet",
        "name:en": "Ping Shan Tong Fong Tsuen Public Toilet",
        "name:zh": "屏山塘坊村公廁",
        "operator": "FEHD",
        "ref": "YL-91",
        "toilets:disposal": "flush",
        "wheelchair": "no",
        "_osm_id": 5622414591,
        "_osm_type": "node"
      },
      "geometry": {
        "type": "Point",
        "coordinates": [
          114.006843,
          22.443629
        ]
      }
    },
    {
      "type": "Feature",
      "properties": {
        "access": "yes",
        "amenity": "toilets",
        "fee": "no",
        "name": "欖口壆公廁 Lam Hau Pok Public Toilet",
        "name:en": "Lam Hau Pok Public Toilet",
        "name:zh": "欖口壆公廁",
        "operator": "FEHD",
        "ref": "YL-82",
        "toilets:disposal": "flush",
        "wheelchair": "no",
        "_osm_id": 5622414592,
        "_osm_type": "node"
      },
      "geometry": {
        "type": "Point",
        "coordinates": [
          114.020622,
          22.437007
        ]
      }
    },
    {
      "type": "Feature",
      "properties": {
        "access": "yes",
        "amenity": "toilets",
        "fee": "no",
        "name": "山下村(1)公廁 Shan Ha Tsuen (1) Public Toilet",
        "name:en": "Shan Ha Tsuen (1) Public Toilet",
        "name:zh": "山下村(1)公廁",
        "operator": "FEHD",
        "ref": "YL-85",
        "toilets:disposal": "flush",
        "wheelchair": "no",
        "_osm_id": 5622414593,
        "_osm_type": "node"
      },
      "geometry": {
        "type": "Point",
        "coordinates": [
          114.016429,
          22.433439
        ]
      }
    },
    {
      "type": "Feature",
      "properties": {
        "access": "yes",
        "amenity": "toilets",
        "fee": "no",
        "name": "山下村(2)公廁 Shan Ha Tsuen (2) Public Toilet",
        "name:en": "Shan Ha Tsuen (2) Public Toilet",
        "name:zh": "山下村(2)公廁",
        "operator": "FEHD",
        "ref": "YL-86",
        "toilets:disposal": "flush",
        "wheelchair": "yes",
        "_osm_id": 5622414594,
        "_osm_type": "node"
      },
      "geometry": {
        "type": "Point",
        "coordinates": [
          114.017968,
          22.431923
        ]
      }
    },
    {
      "type": "Feature",
      "properties": {
        "access": "yes",
        "addr:housename": "欖口村公廁 Lam Hau Tsuen Public Toilet",
        "addr:housename:en": "Lam Hau Tsuen Public Toilet",
        "addr:housename:zh": "欖口村公廁",
        "addr:place": "欖口村 Lam Hau Tsuen",
        "addr:place:en": "Lam Hau Tsuen",
        "addr:place:zh": "欖口村",
        "amenity": "toilets",
        "building": "toilets",
        "building:levels": "1",
        "fee": "no",
        "name": "欖口村公廁 Lam Hau Tsuen Public Toilet",
        "name:en": "Lam Hau Tsuen Public Toilet",
        "name:zh": "欖口村公廁",
        "operator": "食物環境衞生署 Food and Environmental Hygiene Department",
        "operator:en": "Food and Environmental Hygiene Department",
        "operator:ownership": "government",
        "operator:wikidata": "Q2355063",
        "operator:zh": "食物環境衞生署",
        "ownership": "government",
        "ref": "YL-83",
        "roof:levels": "1",
        "roof:shape": "flat",
        "toilets:disposal": "flush",
        "wheelchair": "no",
        "_osm_id": 5622414595,
        "_osm_type": "node"
      },
      "geometry": {
        "type": "Point",
        "coordinates": [
          114.01799,
          22.4356
        ]
      }
    },
    {
      "type": "Feature",
      "properties": {
        "access": "yes",
        "addr:place": "瓦窰頭村 Nga Yiu Tau Tsuen",
        "addr:place:en": "Nga Yiu Tau Tsuen",
        "addr:place:zh": "瓦窰頭村",
        "amenity": "toilets",
        "building": "toilets",
        "building:levels": "1",
        "fee": "no",
        "name": "瓦窰頭村公廁 Nga Yiu Tau Tsuen Public Toilet",
        "name:en": "Nga Yiu Tau Tsuen Public Toilet",
        "name:zh": "瓦窰頭村公廁",
        "operator": "食物環境衞生署 Food and Environmental Hygiene Department",
        "operator:en": "Food and Environmental Hygiene Department",
        "operator:ownership": "government",
        "operator:wikidata": "Q2355063",
        "operator:zh": "食物環境衞生署",
        "ownership": "government",
        "ref": "YL-23",
        "roof:levels": "1",
        "roof:shape": "flat",
        "toilets:disposal": "flush",
        "wheelchair": "yes",
        "_osm_id": 5622414596,
        "_osm_type": "node"
      },
      "geometry": {
        "type": "Point",
        "coordinates": [
          114.037073,
          22.427413
        ]
      }
    },
    {
      "type": "Feature",
      "properties": {
        "access": "yes",
        "addr:street": "達運道 Tat Wan Road",
        "amenity": "toilets",
        "fee": "no",
        "name": "達運道公廁 Tat Wan Road Public Toilet",
        "name:en": "Tat Wan Road Public Toilet",
        "name:zh": "達運道公廁",
        "operator": "食物環境衞生署 Food and Environmental Hygiene Department",
        "operator:en": "Food and Environmental Hygiene Department",
        "operator:short": "食環署 FEHD",
        "operator:short:en": "FEHD",
        "operator:short:zh": "食環署",
        "operator:short:zh-Hans": "食环署",
        "operator:short:zh-Hant": "食環署",
        "operator:wikidata": "Q2355063",
        "operator:zh": "食物環境衞生署",
        "operator:zh-Hans": "食物环境卫生署",
        "operator:zh-Hant": "食物環境衞生署",
        "toilets:disposal": "flush",
        "wheelchair": "yes",
        "_osm_id": 5629643491,
        "_osm_type": "node"
      },
      "geometry": {
        "type": "Point",
        "coordinates": [
          114.164552,
          22.438189
        ]
      }
    },
    {
      "type": "Feature",
      "properties": {
        "amenity": "toilets",
        "fee": "no",
        "wheelchair": "yes",
        "_osm_id": 5644891903,
        "_osm_type": "node"
      },
      "geometry": {
        "type": "Point",
        "coordinates": [
          114.2047451,
          22.4182792
        ]
      }
    },
    {
      "type": "Feature",
      "properties": {
        "amenity": "toilets",
        "fixme": "verification needed",
        "unisex": "yes",
        "wheelchair": "yes",
        "_osm_id": 5694115833,
        "_osm_type": "node"
      },
      "geometry": {
        "type": "Point",
        "coordinates": [
          114.1606951,
          22.4504273
        ]
      }
    },
    {
      "type": "Feature",
      "properties": {
        "access": "yes",
        "amenity": "toilets",
        "fee": "no",
        "operator": "Leisure and Cultural Services Department",
        "operator:short": "LCSD",
        "operator:wikidata": "Q2353346",
        "toilets:disposal": "flush",
        "wheelchair": "yes",
        "_osm_id": 6002891333,
        "_osm_type": "node"
      },
      "geometry": {
        "type": "Point",
        "coordinates": [
          114.130492,
          22.5033224
        ]
      }
    },
    {
      "type": "Feature",
      "properties": {
        "access": "yes",
        "amenity": "toilets",
        "changing_table": "no",
        "colour": "blue",
        "toilets:disposal": "chemical",
        "unisex": "yes",
        "wheelchair": "no",
        "_osm_id": 6315254176,
        "_osm_type": "node"
      },
      "geometry": {
        "type": "Point",
        "coordinates": [
          114.1879991,
          22.4576187
        ]
      }
    },
    {
      "type": "Feature",
      "properties": {
        "amenity": "toilets",
        "check_date": "2024-06-21",
        "opening_hours": "24/7",
        "toilets:disposal": "flush",
        "wheelchair": "yes",
        "_osm_id": 6721008787,
        "_osm_type": "node"
      },
      "geometry": {
        "type": "Point",
        "coordinates": [
          114.418579,
          22.8584106
        ]
      }
    },
    {
      "type": "Feature",
      "properties": {
        "amenity": "toilets",
        "changing_table": "yes",
        "name": "聯昌街公廁 Luen Cheong Street Public Toilet",
        "operator": "食物環境衞生署 Food and Environmental Hygiene Department",
        "operator:en": "Food and Environmental Hygiene Department",
        "operator:short": "食環署 FEHD",
        "operator:short:en": "FEHD",
        "operator:short:zh": "食環署",
        "operator:short:zh-Hans": "食环署",
        "operator:short:zh-Hant": "食環署",
        "operator:wikidata": "Q2355063",
        "operator:zh": "食物環境衞生署",
        "operator:zh-Hans": "食物环境卫生署",
        "operator:zh-Hant": "食物環境衞生署",
        "ref": "N-132",
        "source": "https://www.fehd.gov.hk/english/pleasant_environment/cleansing/list_of_public_toilets.html?district=NTIs",
        "toilets:disposal": "flush",
        "toilets:position": "Luen_Cheong_Street_at_side_of_footbridge_NF252;Fanling",
        "unisex": "yes",
        "wheelchair": "yes",
        "_osm_id": 7158207566,
        "_osm_type": "node"
      },
      "geometry": {
        "type": "Point",
        "coordinates": [
          114.1432833,
          22.4994131
        ]
      }
    },
    {
      "type": "Feature",
      "properties": {
        "access": "yes",
        "amenity": "toilets",
        "changing_table": "yes",
        "name": "橫台山永寧里公廁 Wang Toi Shan Wing Ning Lee Public Toilet",
        "name:en": "Wang Toi Shan Wing Ning Lee Public Toilet",
        "name:zh": "橫台山永寧里公廁",
        "operator": "FEHD",
        "ref": "YL-51",
        "toilets:disposal": "flush",
        "unisex": "yes",
        "wheelchair": "no",
        "_osm_id": 7440593077,
        "_osm_type": "node"
      },
      "geometry": {
        "type": "Point",
        "coordinates": [
          114.0953161,
          22.4410956
        ]
      }
    },
    {
      "type": "Feature",
      "properties": {
        "access": "yes",
        "amenity": "toilets",
        "name": "萊洞公廁 Loi Tung Public Toilet",
        "name:en": "Loi Tung Public Toilet",
        "name:zh": "萊洞公廁",
        "operator": "FEHD",
        "ref": "N-95",
        "source": "https://www.fehd.gov.hk/english/pleasant_environment/cleansing/list_of_public_toilets.html?district=NTIs",
        "toilets:disposal": "flush",
        "toilets:position": "seated;squat;urinal",
        "unisex": "yes",
        "wheelchair": "no",
        "_osm_id": 7440831913,
        "_osm_type": "node"
      },
      "geometry": {
        "type": "Point",
        "coordinates": [
          114.1837325,
          22.5204905
        ]
      }
    },
    {
      "type": "Feature",
      "properties": {
        "access": "yes",
        "amenity": "toilets",
        "changing_table": "yes",
        "toilets:disposal": "flush",
        "unisex": "yes",
        "wheelchair": "yes",
        "_osm_id": 7442264590,
        "_osm_type": "node"
      },
      "geometry": {
        "type": "Point",
        "coordinates": [
          114.1339777,
          22.4985038
        ]
      }
    },
    {
      "type": "Feature",
      "properties": {
        "access": "yes",
        "amenity": "toilets",
        "fee": "no",
        "name": "羅屋村公廁 Lo Uk Tsuen Public Toilet",
        "name:en": "Lo Uk Tsuen Public Toilet",
        "name:zh": "羅屋村公廁",
        "operator": "食物環境衞生署 Food and Environmental Hygiene Department",
        "operator:en": "Food and Environmental Hygiene Department",
        "operator:short": "食環署 FEHD",
        "operator:short:en": "FEHD",
        "operator:short:zh": "食環署",
        "operator:short:zh-Hans": "食环署",
        "operator:short:zh-Hant": "食環署",
        "operator:wikidata": "Q2355063",
        "operator:zh": "食物環境衞生署",
        "operator:zh-Hans": "食物环境卫生署",
        "operator:zh-Hant": "食物環境衞生署",
        "toilets:disposal": "flush",
        "wheelchair": "yes",
        "_osm_id": 7445041015,
        "_osm_type": "node"
      },
      "geometry": {
        "type": "Point",
        "coordinates": [
          113.994507,
          22.451602
        ]
      }
    },
    {
      "type": "Feature",
      "properties": {
        "access": "yes",
        "amenity": "toilets",
        "fee": "no",
        "name": "中白泥公廁 Chung Pak Nai (2) Public Toilet",
        "name:en": "Chung Pak Nai (2) Public Toilet",
        "name:zh": "中白泥公廁",
        "operator": "FEHD",
        "ref": "YL-141",
        "toilets:disposal": "flush",
        "wheelchair": "yes",
        "_osm_id": 7447746818,
        "_osm_type": "node"
      },
      "geometry": {
        "type": "Point",
        "coordinates": [
          113.948623,
          22.434261
        ]
      }
    },
    {
      "type": "Feature",
      "properties": {
        "amenity": "toilets",
        "changing_table": "no",
        "fee": "no",
        "wheelchair": "no",
        "_osm_id": 7470525359,
        "_osm_type": "node"
      },
      "geometry": {
        "type": "Point",
        "coordinates": [
          114.0634155,
          22.4204125
        ]
      }
    },
    {
      "type": "Feature",
      "properties": {
        "amenity": "toilets",
        "fee": "no",
        "wheelchair": "no",
        "_osm_id": 8198258852,
        "_osm_type": "node"
      },
      "geometry": {
        "type": "Point",
        "coordinates": [
          113.9797182,
          22.6605252
        ]
      }
    },
    {
      "type": "Feature",
      "properties": {
        "access": "yes",
        "amenity": "toilets",
        "fee": "no",
        "level": "1",
        "opening_hours": "24/7",
        "operator": "領展 LINK",
        "toilets:disposal": "flush",
        "toilets:handwashing": "yes",
        "toilets:position": "seated",
        "unisex": "yes",
        "wheelchair": "yes",
        "_osm_id": 8295234399,
        "_osm_type": "node"
      },
      "geometry": {
        "type": "Point",
        "coordinates": [
          114.0065796,
          22.4533004
        ]
      }
    },
    {
      "type": "Feature",
      "properties": {
        "access": "permit",
        "amenity": "toilets",
        "fee": "no",
        "level": "0",
        "opening_hours": "24/7",
        "operator": "領展 LINK",
        "toilets:disposal": "flush",
        "toilets:handwashing": "yes",
        "toilets:position": "seated",
        "unisex": "yes",
        "wheelchair": "yes",
        "_osm_id": 8295234400,
        "_osm_type": "node"
      },
      "geometry": {
        "type": "Point",
        "coordinates": [
          114.0066986,
          22.4534025
        ]
      }
    },
    {
      "type": "Feature",
      "properties": {
        "access": "yes",
        "amenity": "toilets",
        "wheelchair": "yes",
        "_osm_id": 8323150817,
        "_osm_type": "node"
      },
      "geometry": {
        "type": "Point",
        "coordinates": [
          113.9737136,
          22.5222582
        ]
      }
    },
    {
      "type": "Feature",
      "properties": {
        "amenity": "toilets",
        "female": "yes",
        "male": "yes",
        "toilets:disposal": "flush",
        "toilets:handwashing": "yes",
        "wheelchair": "yes",
        "_osm_id": 8327059352,
        "_osm_type": "node"
      },
      "geometry": {
        "type": "Point",
        "coordinates": [
          113.9428913,
          22.66693
        ]
      }
    },
    {
      "type": "Feature",
      "properties": {
        "access": "yes",
        "amenity": "toilets",
        "female": "yes",
        "male": "yes",
        "toilets:disposal": "flush",
        "wheelchair": "yes",
        "_osm_id": 8329934815,
        "_osm_type": "node"
      },
      "geometry": {
        "type": "Point",
        "coordinates": [
          114.2087075,
          22.5581344
        ]
      }
    },
    {
      "type": "Feature",
      "properties": {
        "access": "yes",
        "amenity": "toilets",
        "changing_table": "no",
        "wheelchair": "no",
        "_osm_id": 8377263834,
        "_osm_type": "node"
      },
      "geometry": {
        "type": "Point",
        "coordinates": [
          114.0706095,
          22.5416404
        ]
      }
    },
    {
      "type": "Feature",
      "properties": {
        "access": "yes",
        "amenity": "toilets",
        "changing_table": "no",
        "unisex": "yes",
        "wheelchair": "no",
        "_osm_id": 8467867027,
        "_osm_type": "node"
      },
      "geometry": {
        "type": "Point",
        "coordinates": [
          114.1137914,
          22.6783716
        ]
      }
    },
    {
      "type": "Feature",
      "properties": {
        "amenity": "toilets",
        "fee": "no",
        "wheelchair": "yes",
        "_osm_id": 8482301490,
        "_osm_type": "node"
      },
      "geometry": {
        "type": "Point",
        "coordinates": [
          113.92894,
          22.5746556
        ]
      }
    },
    {
      "type": "Feature",
      "properties": {
        "access": "yes",
        "amenity": "toilets",
        "wheelchair": "no",
        "_osm_id": 8592030342,
        "_osm_type": "node"
      },
      "geometry": {
        "type": "Point",
        "coordinates": [
          114.1738598,
          22.5708773
        ]
      }
    },
    {
      "type": "Feature",
      "properties": {
        "amenity": "toilets",
        "changing_table": "no",
        "fee": "no",
        "wheelchair": "no",
        "_osm_id": 8744329293,
        "_osm_type": "node"
      },
      "geometry": {
        "type": "Point",
        "coordinates": [
          114.0904969,
          22.6718702
        ]
      }
    },
    {
      "type": "Feature",
      "properties": {
        "amenity": "toilets",
        "changing_table": "no",
        "fee": "no",
        "wheelchair": "no",
        "_osm_id": 8744329295,
        "_osm_type": "node"
      },
      "geometry": {
        "type": "Point",
        "coordinates": [
          114.0875979,
          22.6772433
        ]
      }
    },
    {
      "type": "Feature",
      "properties": {
        "access": "yes",
        "amenity": "toilets",
        "changing_table": "yes",
        "unisex": "yes",
        "wheelchair": "yes",
        "_osm_id": 8812265350,
        "_osm_type": "node"
      },
      "geometry": {
        "type": "Point",
        "coordinates": [
          114.1650406,
          22.5795206
        ]
      }
    },
    {
      "type": "Feature",
      "properties": {
        "access": "yes",
        "amenity": "toilets",
        "name": "頌皇台公廁 Chung Wong Toi Public Toilet",
        "name:en": "Chung Wong Toi Public Toilet",
        "name:zh": "頌皇台公廁",
        "operator": "FEHD",
        "ref": "TM-93",
        "toilets:disposal": "flush",
        "wheelchair": "yes",
        "_osm_id": 8879111157,
        "_osm_type": "node"
      },
      "geometry": {
        "type": "Point",
        "coordinates": [
          113.9852629,
          22.4063269
        ]
      }
    },
    {
      "type": "Feature",
      "properties": {
        "amenity": "toilets",
        "changing_table": "yes",
        "fee": "no",
        "wheelchair": "yes",
        "_osm_id": 8950523208,
        "_osm_type": "node"
      },
      "geometry": {
        "type": "Point",
        "coordinates": [
          114.4163293,
          22.629187
        ]
      }
    },
    {
      "type": "Feature",
      "properties": {
        "amenity": "toilets",
        "name:zh-Hans": "1号洗手间",
        "ref": "1",
        "unisex": "yes",
        "wheelchair": "no",
        "_osm_id": 9230070323,
        "_osm_type": "node"
      },
      "geometry": {
        "type": "Point",
        "coordinates": [
          114.1164773,
          22.5688602
        ]
      }
    },
    {
      "type": "Feature",
      "properties": {
        "amenity": "toilets",
        "source_ref": "https://photos.app.goo.gl/QagPNfGSLJcd1vnZ7",
        "wheelchair": "no",
        "_osm_id": 9271895400,
        "_osm_type": "node"
      },
      "geometry": {
        "type": "Point",
        "coordinates": [
          114.1084723,
          22.4270686
        ]
      }
    },
    {
      "type": "Feature",
      "properties": {
        "access": "yes",
        "amenity": "toilets",
        "check_date": "2026-01-10",
        "check_date:wheelchair": "2026-01-10",
        "fee": "no",
        "wheelchair": "yes",
        "_osm_id": 9422950944,
        "_osm_type": "node"
      },
      "geometry": {
        "type": "Point",
        "coordinates": [
          113.9540306,
          22.552763
        ]
      }
    },
    {
      "type": "Feature",
      "properties": {
        "access": "yes",
        "amenity": "toilets",
        "fee": "no",
        "name": "大埔樟樹灘村公廁(二) Cheung Shue Tan Village No.2 Public Toilet",
        "name:en": "Cheung Shue Tan Village No.2 Public Toilet",
        "name:zh": "大埔樟樹灘村公廁(二)",
        "operator": "FEHD",
        "ref": "TP-4",
        "toilets:disposal": "flush",
        "wheelchair": "yes",
        "_osm_id": 9523050843,
        "_osm_type": "node"
      },
      "geometry": {
        "type": "Point",
        "coordinates": [
          114.2011154,
          22.4267475
        ]
      }
    },
    {
      "type": "Feature",
      "properties": {
        "access": "yes",
        "amenity": "toilets",
        "fee": "no",
        "wheelchair": "no",
        "_osm_id": 9798751654,
        "_osm_type": "node"
      },
      "geometry": {
        "type": "Point",
        "coordinates": [
          114.4860815,
          22.7489305
        ]
      }
    },
    {
      "type": "Feature",
      "properties": {
        "access": "yes",
        "amenity": "toilets",
        "wheelchair": "yes",
        "_osm_id": 9826159490,
        "_osm_type": "node"
      },
      "geometry": {
        "type": "Point",
        "coordinates": [
          114.4879254,
          22.7884974
        ]
      }
    },
    {
      "type": "Feature",
      "properties": {
        "access": "yes",
        "amenity": "toilets",
        "wheelchair": "yes",
        "_osm_id": 9826159491,
        "_osm_type": "node"
      },
      "geometry": {
        "type": "Point",
        "coordinates": [
          114.4864265,
          22.7865142
        ]
      }
    },
    {
      "type": "Feature",
      "properties": {
        "access": "yes",
        "amenity": "toilets",
        "unisex": "yes",
        "wheelchair": "yes",
        "_osm_id": 10592195454,
        "_osm_type": "node"
      },
      "geometry": {
        "type": "Point",
        "coordinates": [
          114.5311443,
          22.7381339
        ]
      }
    },
    {
      "type": "Feature",
      "properties": {
        "access": "yes",
        "amenity": "toilets",
        "fee": "no",
        "name": "白石角公廁 Pak Shek Kok Public Toilet",
        "name:en": "Pak Shek Kok Public Toilet",
        "name:zh": "白石角公廁",
        "operator": "FEHD",
        "toilets:disposal": "flush",
        "wheelchair": "yes",
        "_osm_id": 10678066021,
        "_osm_type": "node"
      },
      "geometry": {
        "type": "Point",
        "coordinates": [
          114.2097251,
          22.429314
        ]
      }
    },
    {
      "type": "Feature",
      "properties": {
        "access": "yes",
        "amenity": "toilets",
        "fee": "no",
        "toilets:disposal": "flush",
        "wheelchair": "yes",
        "_osm_id": 10815798134,
        "_osm_type": "node"
      },
      "geometry": {
        "type": "Point",
        "coordinates": [
          113.9801325,
          22.6735687
        ]
      }
    },
    {
      "type": "Feature",
      "properties": {
        "access": "yes",
        "amenity": "toilets",
        "changing_table": "no",
        "toilets:disposal": "flush",
        "unisex": "yes",
        "wheelchair": "limited",
        "_osm_id": 10895368808,
        "_osm_type": "node"
      },
      "geometry": {
        "type": "Point",
        "coordinates": [
          113.9555188,
          22.6556102
        ]
      }
    },
    {
      "type": "Feature",
      "properties": {
        "access": "yes",
        "amenity": "toilets",
        "changing_table": "no",
        "fee": "no",
        "toilets:disposal": "flush",
        "wheelchair": "no",
        "_osm_id": 11001505352,
        "_osm_type": "node"
      },
      "geometry": {
        "type": "Point",
        "coordinates": [
          114.0190806,
          22.7062188
        ]
      }
    },
    {
      "type": "Feature",
      "properties": {
        "access": "yes",
        "amenity": "toilets",
        "name": "三門仔路公廁 Sam Mun Tsai Road Public Toilet",
        "name:en": "Sam Mun Tsai Road Public Toilet",
        "name:zh": "三門仔路公廁",
        "operator": "FEHD",
        "toilets:disposal": "flush",
        "wheelchair": "yes",
        "_osm_id": 11089262437,
        "_osm_type": "node"
      },
      "geometry": {
        "type": "Point",
        "coordinates": [
          114.210447,
          22.457122
        ]
      }
    },
    {
      "type": "Feature",
      "properties": {
        "access": "yes",
        "amenity": "toilets",
        "toilets:disposal": "flush",
        "wheelchair": "yes",
        "_osm_id": 11115922025,
        "_osm_type": "node"
      },
      "geometry": {
        "type": "Point",
        "coordinates": [
          114.4629291,
          22.7513768
        ]
      }
    },
    {
      "type": "Feature",
      "properties": {
        "access": "yes",
        "amenity": "toilets",
        "toilets:disposal": "flush",
        "wheelchair": "yes",
        "_osm_id": 11115922026,
        "_osm_type": "node"
      },
      "geometry": {
        "type": "Point",
        "coordinates": [
          114.4659269,
          22.7527293
        ]
      }
    },
    {
      "type": "Feature",
      "properties": {
        "access": "yes",
        "amenity": "toilets",
        "fee": "no",
        "toilets:disposal": "flush",
        "wheelchair": "yes",
        "_osm_id": 11278785224,
        "_osm_type": "node"
      },
      "geometry": {
        "type": "Point",
        "coordinates": [
          114.3429479,
          22.7052434
        ]
      }
    },
    {
      "type": "Feature",
      "properties": {
        "access": "permit",
        "amenity": "toilets",
        "changing_table": "no",
        "fee": "no",
        "female": "yes",
        "male": "yes",
        "toilets:disposal": "flush",
        "wheelchair": "limited",
        "_osm_id": 11451517332,
        "_osm_type": "node"
      },
      "geometry": {
        "type": "Point",
        "coordinates": [
          113.9296749,
          22.5729207
        ]
      }
    },
    {
      "type": "Feature",
      "properties": {
        "access": "permit",
        "amenity": "toilets",
        "changing_table": "no",
        "fee": "no",
        "female": "yes",
        "male": "yes",
        "toilets:disposal": "flush",
        "wheelchair": "limited",
        "_osm_id": 11451517335,
        "_osm_type": "node"
      },
      "geometry": {
        "type": "Point",
        "coordinates": [
          113.9328947,
          22.5738969
        ]
      }
    },
    {
      "type": "Feature",
      "properties": {
        "amenity": "toilets",
        "fee": "no",
        "wheelchair": "no",
        "_osm_id": 11495262652,
        "_osm_type": "node"
      },
      "geometry": {
        "type": "Point",
        "coordinates": [
          113.9320832,
          22.5727411
        ]
      }
    },
    {
      "type": "Feature",
      "properties": {
        "amenity": "toilets",
        "fee": "no",
        "wheelchair": "no",
        "_osm_id": 11495370966,
        "_osm_type": "node"
      },
      "geometry": {
        "type": "Point",
        "coordinates": [
          113.9320644,
          22.5734787
        ]
      }
    },
    {
      "type": "Feature",
      "properties": {
        "amenity": "toilets",
        "fee": "no",
        "wheelchair": "limited",
        "_osm_id": 11495374140,
        "_osm_type": "node"
      },
      "geometry": {
        "type": "Point",
        "coordinates": [
          113.9334431,
          22.5741008
        ]
      }
    },
    {
      "type": "Feature",
      "properties": {
        "amenity": "toilets",
        "fee": "no",
        "wheelchair": "limited",
        "_osm_id": 11495384173,
        "_osm_type": "node"
      },
      "geometry": {
        "type": "Point",
        "coordinates": [
          113.9328573,
          22.573159
        ]
      }
    },
    {
      "type": "Feature",
      "properties": {
        "amenity": "toilets",
        "fee": "no",
        "wheelchair": "no",
        "_osm_id": 11495390875,
        "_osm_type": "node"
      },
      "geometry": {
        "type": "Point",
        "coordinates": [
          113.9320693,
          22.5732432
        ]
      }
    },
    {
      "type": "Feature",
      "properties": {
        "amenity": "toilets",
        "fee": "no",
        "wheelchair": "limited",
        "_osm_id": 11495395329,
        "_osm_type": "node"
      },
      "geometry": {
        "type": "Point",
        "coordinates": [
          113.9320606,
          22.5737765
        ]
      }
    },
    {
      "type": "Feature",
      "properties": {
        "access": "yes",
        "amenity": "toilets",
        "fee": "no",
        "toilets:disposal": "flush",
        "wheelchair": "yes",
        "_osm_id": 11537362894,
        "_osm_type": "node"
      },
      "geometry": {
        "type": "Point",
        "coordinates": [
          114.1394523,
          22.5645574
        ]
      }
    },
    {
      "type": "Feature",
      "properties": {
        "access": "yes",
        "amenity": "toilets",
        "male": "yes",
        "toilets:disposal": "flush",
        "wheelchair": "yes",
        "_osm_id": 12005576442,
        "_osm_type": "node"
      },
      "geometry": {
        "type": "Point",
        "coordinates": [
          113.9797496,
          22.4034137
        ]
      }
    },
    {
      "type": "Feature",
      "properties": {
        "access": "yes",
        "amenity": "toilets",
        "changing_table": "no",
        "female": "yes",
        "male": "yes",
        "toilets:disposal": "flush",
        "wheelchair": "yes",
        "_osm_id": 12046910327,
        "_osm_type": "node"
      },
      "geometry": {
        "type": "Point",
        "coordinates": [
          114.01145,
          22.6615829
        ]
      }
    },
    {
      "type": "Feature",
      "properties": {
        "access": "yes",
        "amenity": "toilets",
        "toilets:disposal": "flush",
        "wheelchair": "yes",
        "_osm_id": 12136038184,
        "_osm_type": "node"
      },
      "geometry": {
        "type": "Point",
        "coordinates": [
          114.002623,
          22.5294677
        ]
      }
    },
    {
      "type": "Feature",
      "properties": {
        "addr:district": "宝安中心区",
        "addr:street": "明玉路",
        "amenity": "toilets",
        "female": "yes",
        "male": "yes",
        "unisex": "yes",
        "wheelchair": "yes",
        "_osm_id": 12480515421,
        "_osm_type": "node"
      },
      "geometry": {
        "type": "Point",
        "coordinates": [
          113.8783995,
          22.5662637
        ]
      }
    },
    {
      "type": "Feature",
      "properties": {
        "amenity": "toilets",
        "changing_table": "yes",
        "fee": "no",
        "toilets:disposal": "flush",
        "wheelchair": "yes",
        "_osm_id": 12543761927,
        "_osm_type": "node"
      },
      "geometry": {
        "type": "Point",
        "coordinates": [
          113.992802,
          22.675433
        ]
      }
    },
    {
      "type": "Feature",
      "properties": {
        "access": "yes",
        "amenity": "toilets",
        "changing_table": "yes",
        "toilets:disposal": "flush",
        "wheelchair": "yes",
        "_osm_id": 12670384205,
        "_osm_type": "node"
      },
      "geometry": {
        "type": "Point",
        "coordinates": [
          114.0395866,
          22.6416282
        ]
      }
    },
    {
      "type": "Feature",
      "properties": {
        "access": "yes",
        "amenity": "toilets",
        "changing_table": "yes",
        "name:zh-Hans": "8号洗手间",
        "ref": "8",
        "wheelchair": "yes",
        "_osm_id": 12875439201,
        "_osm_type": "node"
      },
      "geometry": {
        "type": "Point",
        "coordinates": [
          114.115834,
          22.567222
        ]
      }
    },
    {
      "type": "Feature",
      "properties": {
        "access": "yes",
        "amenity": "toilets",
        "changing_table": "yes",
        "name:zh-Hans": "6号洗手间",
        "ref": "6",
        "wheelchair": "yes",
        "_osm_id": 12875513102,
        "_osm_type": "node"
      },
      "geometry": {
        "type": "Point",
        "coordinates": [
          114.1144975,
          22.5592323
        ]
      }
    },
    {
      "type": "Feature",
      "properties": {
        "access": "yes",
        "amenity": "toilets",
        "changing_table": "yes",
        "wheelchair": "yes",
        "_osm_id": 12875536001,
        "_osm_type": "node"
      },
      "geometry": {
        "type": "Point",
        "coordinates": [
          114.1142659,
          22.5718599
        ]
      }
    },
    {
      "type": "Feature",
      "properties": {
        "access": "yes",
        "amenity": "toilets",
        "operator": "LCSD",
        "toilets:disposal": "flush",
        "wheelchair": "yes",
        "_osm_id": 13026109884,
        "_osm_type": "node"
      },
      "geometry": {
        "type": "Point",
        "coordinates": [
          114.0190008,
          22.4421624
        ]
      }
    },
    {
      "type": "Feature",
      "properties": {
        "access": "yes",
        "amenity": "toilets",
        "fee": "no",
        "name": "大埔廣場公廁 Tai Po Plaza Public Toilet",
        "name:en": "Tai Po Plaza Public Toilet",
        "name:zh": "大埔廣場公廁",
        "opening_hours": "24/7",
        "operator": "食物環境衞生署 Food and Environmental Hygiene Department",
        "operator:en": "Food and Environmental Hygiene Department",
        "operator:short": "食環署 FEHD",
        "operator:short:en": "FEHD",
        "operator:short:zh": "食環署",
        "operator:short:zh-Hans": "食环署",
        "operator:short:zh-Hant": "食環署",
        "operator:wikidata": "Q2355063",
        "operator:zh": "食物環境衞生署",
        "operator:zh-Hans": "食物环境卫生署",
        "operator:zh-Hant": "食物環境衞生署",
        "toilets:disposal": "flush",
        "wheelchair": "yes",
        "_osm_id": 13096375014,
        "_osm_type": "node"
      },
      "geometry": {
        "type": "Point",
        "coordinates": [
          114.1697832,
          22.4530626
        ]
      }
    },
    {
      "type": "Feature",
      "properties": {
        "access": "customers",
        "amenity": "toilets",
        "toilets:disposal": "flush",
        "wheelchair": "no",
        "_osm_id": 13098348055,
        "_osm_type": "node"
      },
      "geometry": {
        "type": "Point",
        "coordinates": [
          113.9977662,
          22.4408761
        ]
      }
    },
    {
      "type": "Feature",
      "properties": {
        "amenity": "toilets",
        "unisex": "yes",
        "wheelchair": "yes",
        "_osm_id": 13103416346,
        "_osm_type": "node"
      },
      "geometry": {
        "type": "Point",
        "coordinates": [
          114.142171,
          22.5674186
        ]
      }
    },
    {
      "type": "Feature",
      "properties": {
        "access": "yes",
        "amenity": "toilets",
        "changing_table": "no",
        "unisex": "yes",
        "wheelchair": "no",
        "_osm_id": 13103739488,
        "_osm_type": "node"
      },
      "geometry": {
        "type": "Point",
        "coordinates": [
          113.9574469,
          22.5946254
        ]
      }
    },
    {
      "type": "Feature",
      "properties": {
        "access": "yes",
        "amenity": "toilets",
        "changing_table": "no",
        "fee": "no",
        "unisex": "yes",
        "wheelchair": "no",
        "_osm_id": 13103890516,
        "_osm_type": "node"
      },
      "geometry": {
        "type": "Point",
        "coordinates": [
          113.9616965,
          22.6022279
        ]
      }
    },
    {
      "type": "Feature",
      "properties": {
        "access": "yes",
        "amenity": "toilets",
        "changing_table": "no",
        "unisex": "yes",
        "wheelchair": "no",
        "_osm_id": 13103935163,
        "_osm_type": "node"
      },
      "geometry": {
        "type": "Point",
        "coordinates": [
          113.9686299,
          22.6200515
        ]
      }
    },
    {
      "type": "Feature",
      "properties": {
        "access": "yes",
        "amenity": "toilets",
        "changing_table": "no",
        "unisex": "yes",
        "wheelchair": "no",
        "_osm_id": 13104808874,
        "_osm_type": "node"
      },
      "geometry": {
        "type": "Point",
        "coordinates": [
          113.9453502,
          22.5950742
        ]
      }
    },
    {
      "type": "Feature",
      "properties": {
        "access": "yes",
        "amenity": "toilets",
        "changing_table": "no",
        "unisex": "yes",
        "wheelchair": "no",
        "_osm_id": 13105173237,
        "_osm_type": "node"
      },
      "geometry": {
        "type": "Point",
        "coordinates": [
          113.9571116,
          22.6277939
        ]
      }
    },
    {
      "type": "Feature",
      "properties": {
        "access": "yes",
        "amenity": "toilets",
        "unisex": "yes",
        "wheelchair": "yes",
        "_osm_id": 13124960727,
        "_osm_type": "node"
      },
      "geometry": {
        "type": "Point",
        "coordinates": [
          114.0053199,
          22.6040051
        ]
      }
    },
    {
      "type": "Feature",
      "properties": {
        "access": "yes",
        "amenity": "toilets",
        "unisex": "yes",
        "wheelchair": "yes",
        "_osm_id": 13124960728,
        "_osm_type": "node"
      },
      "geometry": {
        "type": "Point",
        "coordinates": [
          113.9939507,
          22.6110077
        ]
      }
    },
    {
      "type": "Feature",
      "properties": {
        "access": "yes",
        "amenity": "toilets",
        "opening_hours": "Mo-Su 08:00-22:00",
        "ref": "欢乐港湾轻松驿站智慧公厕",
        "wheelchair": "yes",
        "_osm_id": 13227263513,
        "_osm_type": "node"
      },
      "geometry": {
        "type": "Point",
        "coordinates": [
          113.8845416,
          22.5451216
        ]
      }
    },
    {
      "type": "Feature",
      "properties": {
        "access": "yes",
        "amenity": "toilets",
        "check_date": "2026-04-25",
        "fee": "no",
        "female": "yes",
        "loc_name": "卫生间",
        "male": "yes",
        "name": "卫生间",
        "opening_hours": "24/7",
        "ref": "欢乐港湾东区公厕",
        "toilets:handwashing": "yes",
        "unisex": "yes",
        "wheelchair": "yes",
        "_osm_id": 13227263514,
        "_osm_type": "node"
      },
      "geometry": {
        "type": "Point",
        "coordinates": [
          113.8823635,
          22.5444042
        ]
      }
    },
    {
      "type": "Feature",
      "properties": {
        "amenity": "toilets",
        "fee": "no",
        "wheelchair": "yes",
        "_osm_id": 13270507772,
        "_osm_type": "node"
      },
      "geometry": {
        "type": "Point",
        "coordinates": [
          113.9891292,
          22.5400801
        ]
      }
    },
    {
      "type": "Feature",
      "properties": {
        "access": "yes",
        "amenity": "toilets",
        "wheelchair": "yes",
        "_osm_id": 13315900576,
        "_osm_type": "node"
      },
      "geometry": {
        "type": "Point",
        "coordinates": [
          113.8971894,
          22.5767289
        ]
      }
    },
    {
      "type": "Feature",
      "properties": {
        "access": "yes",
        "amenity": "toilets",
        "wheelchair": "yes",
        "_osm_id": 13740230302,
        "_osm_type": "node"
      },
      "geometry": {
        "type": "Point",
        "coordinates": [
          114.1110588,
          22.5780808
        ]
      }
    },
    {
      "type": "Feature",
      "properties": {
        "access": "yes",
        "amenity": "toilets",
        "changing_table": "yes",
        "description": "母婴室，第三卫生间",
        "wheelchair": "yes",
        "_osm_id": 13742795075,
        "_osm_type": "node"
      },
      "geometry": {
        "type": "Point",
        "coordinates": [
          114.1090807,
          22.5786083
        ]
      }
    },
    {
      "type": "Feature",
      "properties": {
        "access": "yes",
        "amenity": "toilets",
        "changing_table": "yes",
        "description": "母婴室，第三卫生间",
        "level": "0",
        "wheelchair": "yes",
        "_osm_id": 13742795078,
        "_osm_type": "node"
      },
      "geometry": {
        "type": "Point",
        "coordinates": [
          114.1073962,
          22.5782133
        ]
      }
    },
    {
      "type": "Feature",
      "properties": {
        "access": "yes",
        "amenity": "toilets",
        "changing_table": "yes",
        "ref": "5",
        "wheelchair": "yes",
        "_osm_id": 13773854928,
        "_osm_type": "node"
      },
      "geometry": {
        "type": "Point",
        "coordinates": [
          114.1046107,
          22.5769972
        ]
      }
    },
    {
      "type": "Feature",
      "properties": {
        "access": "yes",
        "amenity": "toilets",
        "changing_table": "yes",
        "wheelchair": "no",
        "_osm_id": 13781522853,
        "_osm_type": "node"
      },
      "geometry": {
        "type": "Point",
        "coordinates": [
          114.1427726,
          22.5712959
        ]
      }
    },
    {
      "type": "Feature",
      "properties": {
        "amenity": "toilets",
        "female": "yes",
        "wheelchair": "yes",
        "_osm_id": 13796069926,
        "_osm_type": "node"
      },
      "geometry": {
        "type": "Point",
        "coordinates": [
          114.2558169,
          22.6039047
        ]
      }
    },
    {
      "type": "Feature",
      "properties": {
        "amenity": "toilets",
        "unisex": "yes",
        "wheelchair": "yes",
        "_osm_id": 13796123358,
        "_osm_type": "node"
      },
      "geometry": {
        "type": "Point",
        "coordinates": [
          114.2640557,
          22.6094234
        ]
      }
    },
    {
      "type": "Feature",
      "properties": {
        "access": "yes",
        "amenity": "toilets",
        "wheelchair": "yes",
        "_osm_id": 13810345268,
        "_osm_type": "node"
      },
      "geometry": {
        "type": "Point",
        "coordinates": [
          114.1651931,
          22.6209441
        ]
      }
    },
    {
      "type": "Feature",
      "properties": {
        "access": "yes",
        "amenity": "toilets",
        "changing_table": "yes",
        "unisex": "yes",
        "wheelchair": "yes",
        "_osm_id": 13810345344,
        "_osm_type": "node"
      },
      "geometry": {
        "type": "Point",
        "coordinates": [
          114.1660863,
          22.6180615
        ]
      }
    },
    {
      "type": "Feature",
      "properties": {
        "addr:suburb": "大水坑 Tai Shui Hang",
        "addr:suburb:en": "Tai Shui Hang",
        "addr:suburb:zh": "大水坑",
        "brand": "港鐵 MTR",
        "brand:en": "MTR",
        "brand:zh": "港鐵",
        "building": "train_station",
        "building:levels": "2",
        "building:levels:underground": "1",
        "name": "大水坑 Tai Shui Hang",
        "name:en": "Tai Shui Hang",
        "name:zh": "大水坑",
        "network": "港鐵 MTR",
        "network:en": "MTR",
        "network:wikidata": "Q14751",
        "network:zh": "港鐵",
        "network:zh-Hans": "港铁",
        "network:zh-Hant": "港鐵",
        "note:station": "subway",
        "note:train": "yes",
        "operator": "香港鐵路有限公司 MTR Corporation Limited",
        "operator:en": "MTR Corporation Limited",
        "operator:wikidata": "Q1479375",
        "operator:zh": "香港鐵路有限公司",
        "operator:zh-Hans": "香港铁路有限公司",
        "operator:zh-Hant": "香港鐵路有限公司",
        "owner": "九廣鐵路公司 Kowloon-Canton Railway Corporation",
        "owner:en": "Kowloon-Canton Railway Corporation",
        "owner:wikidata": "Q838436",
        "owner:zh": "九廣鐵路公司",
        "ownership": "public",
        "platforms": "2",
        "public_transport": "station",
        "railway": "station",
        "ref": "TSH",
        "start_date": "2004-12-21",
        "station": "subway",
        "subway": "yes",
        "toilets:wheelchair": "yes",
        "wheelchair": "yes",
        "wikidata": "Q839589",
        "_osm_id": 41856916,
        "_osm_type": "way"
      },
      "geometry": {
        "type": "Polygon",
        "coordinates": [
          [
            [
              114.2221549,
              22.407598
            ],
            [
              114.2223341,
              22.407511
            ],
            [
              114.2224323,
              22.4076764
            ],
            [
              114.2226269,
              22.4079912
            ],
            [
              114.2230977,
              22.4088784
            ],
            [
              114.2234511,
              22.4095903
            ],
            [
              114.2232332,
              22.4096846
            ],
            [
              114.2228738,
              22.4089928
            ],
            [
              114.2224029,
              22.4080765
            ],
            [
              114.222245,
              22.407774
            ],
            [
              114.2221549,
              22.407598
            ]
          ]
        ]
      }
    },
    {
      "type": "Feature",
      "properties": {
        "addr:housenumber": "12",
        "addr:street": "大埔太和路 Tai Po Tai Wo Road",
        "building": "yes",
        "building:levels": "4",
        "elevator": "yes",
        "elevator:wheelchair": "yes",
        "layer": "3",
        "name": "太和廣場 Tai Wo Plaza",
        "name:en": "Tai Wo Plaza",
        "name:yue": "太和廣場",
        "name:zh": "太和廣場",
        "shop": "mall",
        "tactile_paving": "yes",
        "toilets:wheelchair": "yes",
        "wheelchair": "limited",
        "wheelchair:description": "有些地方難以進入 some places difficult to access",
        "wikidata": "Q7245032",
        "wikimedia_commons": "Category:Tai Wo Plaza",
        "wikipedia": "zh:太和廣場",
        "_osm_id": 131588224,
        "_osm_type": "way"
      },
      "geometry": {
        "type": "Polygon",
        "coordinates": [
          [
            [
              114.1609296,
              22.4504904
            ],
            [
              114.1609167,
              22.4504808
            ],
            [
              114.1608655,
              22.4504428
            ],
            [
              114.16083,
              22.4504165
            ],
            [
              114.1608922,
              22.4503423
            ],
            [
              114.1607529,
              22.4502349
            ],
            [
              114.1606899,
              22.4503011
            ],
            [
              114.1603953,
              22.4501527
            ],
            [
              114.1602085,
              22.4502224
            ],
            [
              114.1600144,
              22.4502861
            ],
            [
              114.1605031,
              22.4506458
            ],
            [
              114.1605167,
              22.4506548
            ],
            [
              114.1605328,
              22.4506672
            ],
            [
              114.1605412,
              22.4506742
            ],
            [
              114.1604942,
              22.4507318
            ],
            [
              114.1605056,
              22.4507402
            ],
            [
              114.1606504,
              22.4508448
            ],
            [
              114.1608568,
              22.4509937
            ],
            [
              114.1609268,
              22.4509117
            ],
            [
              114.1610283,
              22.4509851
            ],
            [
              114.1610678,
              22.4509423
            ],
            [
              114.1610839,
              22.4509546
            ],
            [
              114.1612766,
              22.4510938
            ],
            [
              114.1613138,
              22.4511211
            ],
            [
              114.1613195,
              22.451125
            ],
            [
              114.1613259,
              22.4511294
            ],
            [
              114.1613375,
              22.4511375
            ],
            [
              114.1612926,
              22.4511866
            ],
            [
              114.1613455,
              22.4512187
            ],
            [
              114.1611534,
              22.4514311
            ],
            [
              114.1612635,
              22.4515082
            ],
            [
              114.161298,
              22.4514781
            ],
            [
              114.1614301,
              22.4515482
            ],
            [
              114.1616462,
              22.4514866
            ],
            [
              114.1616797,
              22.4515128
            ],
            [
              114.1616958,
              22.4515254
            ],
            [
              114.1618022,
              22.4516085
            ],
            [
              114.1618315,
              22.4516314
            ],
            [
              114.1619705,
              22.4515862
            ],
            [
              114.1620724,
              22.4515531
            ],
            [
              114.1621502,
              22.4515175
            ],
            [
              114.1622086,
              22.4515632
            ],
            [
              114.1623709,
              22.4515026
            ],
            [
              114.1623831,
              22.4514895
            ],
            [
              114.1624579,
              22.4514089
            ],
            [
              114.162425,
              22.4513204
            ],
            [
              114.1624134,
              22.4512945
            ],
            [
              114.1623221,
              22.451415
            ],
            [
              114.1622995,
              22.4514234
            ],
            [
              114.1622489,
              22.4514423
            ],
            [
              114.1617811,
              22.4510778
            ],
            [
              114.1618626,
              22.4509671
            ],
            [
              114.1618185,
              22.4509168
            ],
            [
              114.1617471,
              22.4508217
            ],
            [
              114.161715,
              22.4507972
            ],
            [
              114.161452,
              22.4510983
            ],
            [
              114.1614178,
              22.451074
            ],
            [
              114.1613786,
              22.4510469
            ],
            [
              114.1613482,
              22.4510239
            ],
            [
              114.1613401,
              22.4510179
            ],
            [
              114.1611511,
              22.4508766
            ],
            [
              114.1610397,
              22.4507874
            ],
            [
              114.1610799,
              22.4507407
            ],
            [
              114.1609177,
              22.4506191
            ],
            [
              114.1608567,
              22.450573
            ],
            [
              114.1609296,
              22.4504904
            ]
          ]
        ]
      }
    },
    {
      "type": "Feature",
      "properties": {
        "amenity": "community_centre",
        "building": "yes",
        "building:levels": "6",
        "elevator": "yes",
        "elevator:wheelchair": "yes",
        "name": "太和鄰里社區中心 Tai Wo Neighbourhood Community Centre",
        "name:en": "Tai Wo Neighbourhood Community Centre",
        "name:yue": "太和鄰里社區中心",
        "name:zh": "太和鄰里社區中心",
        "source_ref:url": "https://goo.gl/photos/j8DEp4bgs39xPKdb6",
        "toilets:wheelchair": "yes",
        "wheelchair": "yes",
        "wheelchair:description": "洗手間的門有點太重 Door of Washroom a little too heavy",
        "_osm_id": 131640811,
        "_osm_type": "way"
      },
      "geometry": {
        "type": "Polygon",
        "coordinates": [
          [
            [
              114.1613219,
              22.4525875
            ],
            [
              114.1614405,
              22.4525146
            ],
            [
              114.1614301,
              22.4525079
            ],
            [
              114.1614301,
              22.4524905
            ],
            [
              114.1614533,
              22.4524828
            ],
            [
              114.1614921,
              22.4525359
            ],
            [
              114.1616539,
              22.4524384
            ],
            [
              114.1616252,
              22.4523936
            ],
            [
              114.1615782,
              22.4524198
            ],
            [
              114.1615594,
              22.452395
            ],
            [
              114.1615716,
              22.4523842
            ],
            [
              114.1615407,
              22.4523377
            ],
            [
              114.1616774,
              22.4522636
            ],
            [
              114.1618506,
              22.4525049
            ],
            [
              114.1618293,
              22.4525181
            ],
            [
              114.1617699,
              22.4525547
            ],
            [
              114.1617465,
              22.4525691
            ],
            [
              114.1617213,
              22.4525379
            ],
            [
              114.16152,
              22.4526533
            ],
            [
              114.1615331,
              22.4526698
            ],
            [
              114.1614229,
              22.452731
            ],
            [
              114.1613219,
              22.4525875
            ]
          ]
        ]
      }
    },
    {
      "type": "Feature",
      "properties": {
        "access": "yes",
        "amenity": "toilets",
        "building": "toilets",
        "building:levels": "1",
        "fee": "no",
        "name": "流浮山迴旋處公廁 Lau Fau Shan Roundabout Public Toilet",
        "name:en": "Lau Fau Shan Roundabout Public Toilet",
        "name:zh": "流浮山迴旋處公廁",
        "opening_hours": "24/7",
        "operator": "食物環境衞生署 Food and Environmental Hygiene Department",
        "operator:en": "Food and Environmental Hygiene Department",
        "operator:ownership": "government",
        "operator:short": "FEHD",
        "operator:wikidata": "Q2355063",
        "operator:zh": "食物環境衞生署",
        "operator:zh-Hans": "食物环境卫生署",
        "operator:zh-Hant": "食物環境衞生署",
        "ownership": "government",
        "ref": "YL-133",
        "roof:levels": "1",
        "roof:shape": "flat",
        "toilets:disposal": "flush",
        "toilets:handwashing": "yes",
        "toilets:position": "seated;urinal",
        "wheelchair": "yes",
        "wikimedia_commons": "File:Lau Fau Shan Roundabout Public Toilet (YL-133) 2011 (3).jpg",
        "_osm_id": 144358836,
        "_osm_type": "way"
      },
      "geometry": {
        "type": "Polygon",
        "coordinates": [
          [
            [
              113.9838026,
              22.467457
            ],
            [
              113.9838415,
              22.4674592
            ],
            [
              113.9838438,
              22.4674237
            ],
            [
              113.9838463,
              22.4673861
            ],
            [
              113.9838491,
              22.4673447
            ],
            [
              113.9838517,
              22.467305
            ],
            [
              113.9838128,
              22.4673028
            ],
            [
              113.9838026,
              22.467457
            ]
          ]
        ]
      }
    },
    {
      "type": "Feature",
      "properties": {
        "access": "yes",
        "amenity": "toilets",
        "building": "yes",
        "changing_table": "yes",
        "name": "蕉徑彭屋公廁 Tsiu Keng Pang Uk Public Toilet",
        "operator": "FEHD",
        "ref": "N-121",
        "source": "https://www.fehd.gov.hk/english/pleasant_environment/cleansing/list_of_public_toilets.html?district=NTIs",
        "toilets:disposal": "flush",
        "toilets:position": "Tsiu_Keng_Pang_Uk;Sheung_Shui",
        "unisex": "yes",
        "wheelchair": "yes",
        "_osm_id": 144758691,
        "_osm_type": "way"
      },
      "geometry": {
        "type": "Polygon",
        "coordinates": [
          [
            [
              114.1027066,
              22.4764163
            ],
            [
              114.1027946,
              22.4764088
            ],
            [
              114.1027911,
              22.4763731
            ],
            [
              114.1027031,
              22.4763806
            ],
            [
              114.1027066,
              22.4764163
            ]
          ]
        ]
      }
    },
    {
      "type": "Feature",
      "properties": {
        "building": "yes",
        "elevator": "yes",
        "landuse": "residential",
        "layer": "2",
        "name": "新達廣場 Uptown Plaza",
        "name:en": "Uptown Plaza",
        "name:zh": "新達廣場",
        "shop": "mall",
        "toilets:wheelchair": "yes",
        "wheelchair": "yes",
        "wheelchair:description": "給輪椅使用者的信息如昇降機不清楚 Information for wheelchair such as elevator not clear",
        "_osm_id": 146471476,
        "_osm_type": "way"
      },
      "geometry": {
        "type": "Polygon",
        "coordinates": [
          [
            [
              114.1685882,
              22.4441584
            ],
            [
              114.1686719,
              22.4444732
            ],
            [
              114.1699263,
              22.4441816
            ],
            [
              114.1699295,
              22.4441999
            ],
            [
              114.1699405,
              22.4442125
            ],
            [
              114.169958,
              22.4442192
            ],
            [
              114.1699823,
              22.4442172
            ],
            [
              114.1700028,
              22.4442086
            ],
            [
              114.1700142,
              22.4441903
            ],
            [
              114.1700128,
              22.444166
            ],
            [
              114.170001,
              22.4441443
            ],
            [
              114.1699788,
              22.4441306
            ],
            [
              114.169776,
              22.443323
            ],
            [
              114.1697581,
              22.4433041
            ],
            [
              114.1697362,
              22.4432925
            ],
            [
              114.1697113,
              22.4432901
            ],
            [
              114.1684534,
              22.4436046
            ],
            [
              114.1684637,
              22.4436391
            ],
            [
              114.1683958,
              22.4436567
            ],
            [
              114.168415,
              22.4437152
            ],
            [
              114.1683945,
              22.4436894
            ],
            [
              114.1683613,
              22.4436826
            ],
            [
              114.1683311,
              22.4436912
            ],
            [
              114.1683116,
              22.4437152
            ],
            [
              114.1683084,
              22.4437409
            ],
            [
              114.168324,
              22.4437686
            ],
            [
              114.1683431,
              22.4437875
            ],
            [
              114.1683676,
              22.443793
            ],
            [
              114.1683393,
              22.4438092
            ],
            [
              114.1684655,
              22.4441834
            ],
            [
              114.1685882,
              22.4441584
            ]
          ]
        ]
      }
    },
    {
      "type": "Feature",
      "properties": {
        "amenity": "toilets",
        "building": "yes",
        "building:levels": "1",
        "fee": "no",
        "name": "担水坑村公廁 Tam Shui Hang Village Public Toilet",
        "name:en": "Tam Shui Hang Village Public Toilet",
        "name:zh": "担水坑村公廁",
        "opening_hours": "24/7",
        "operator": "FEHD",
        "ref": "N-87",
        "source": "https://www.fehd.gov.hk/english/pleasant_environment/cleansing/list_of_public_toilets.html?district=NTIs",
        "toilets:disposal": "flush",
        "toilets:position": "seated;squat;urinal",
        "unisex": "yes",
        "wheelchair": "no",
        "_osm_id": 166303834,
        "_osm_type": "way"
      },
      "geometry": {
        "type": "Polygon",
        "coordinates": [
          [
            [
              114.2193522,
              22.5452442
            ],
            [
              114.2194353,
              22.5452674
            ],
            [
              114.2194469,
              22.5452319
            ],
            [
              114.2193638,
              22.5452087
            ],
            [
              114.2193522,
              22.5452442
            ]
          ]
        ]
      }
    },
    {
      "type": "Feature",
      "properties": {
        "access": "yes",
        "amenity": "toilets",
        "building": "yes",
        "building:levels": "1",
        "fee": "no",
        "name": "軍地村公廁 Kwan Tei Tsuen Public Toilet",
        "name:en": "Kwan Tei Tsuen Public Toilet",
        "name:zh": "軍地村公廁",
        "opening_hours": "24/7",
        "operator": "FEHD",
        "ref": "N-59",
        "toilets:disposal": "flush",
        "unisex": "yes",
        "wheelchair": "no",
        "wikimedia_commons": "File:Kwan Tei Tsuen Public Toilet (N-59) 2010.jpg",
        "_osm_id": 166303860,
        "_osm_type": "way"
      },
      "geometry": {
        "type": "Polygon",
        "coordinates": [
          [
            [
              114.1608328,
              22.5088387
            ],
            [
              114.160836,
              22.508815
            ],
            [
              114.1607654,
              22.5088071
            ],
            [
              114.1607623,
              22.5088308
            ],
            [
              114.1608328,
              22.5088387
            ]
          ]
        ]
      }
    },
    {
      "type": "Feature",
      "properties": {
        "amenity": "toilets",
        "building": "yes",
        "name": "創新路公廁 Chong San Road Public Toilet",
        "name:en": "Chong San Road Public Toilet",
        "name:zh": "創新路公廁",
        "wheelchair": "yes",
        "_osm_id": 174307325,
        "_osm_type": "way"
      },
      "geometry": {
        "type": "Polygon",
        "coordinates": [
          [
            [
              114.2016008,
              22.4349704
            ],
            [
              114.201722,
              22.4348989
            ],
            [
              114.2016308,
              22.434767
            ],
            [
              114.2015676,
              22.4348044
            ],
            [
              114.2015532,
              22.4349016
            ],
            [
              114.2016008,
              22.4349704
            ]
          ]
        ]
      }
    },
    {
      "type": "Feature",
      "properties": {
        "access": "yes",
        "amenity": "toilets",
        "building": "yes",
        "name": "烏蛟騰公廁 Wu Kau Tan Public Toilet",
        "name:en": "Wu Kau Tan Public Toilet",
        "name:zh": "烏蛟騰公廁",
        "operator": "食物環境衞生署 Food and Environmental Hygiene Department",
        "operator:en": "Food and Environmental Hygiene Department",
        "operator:short": "食環署 FEHD",
        "operator:short:en": "FEHD",
        "operator:short:zh": "食環署",
        "operator:short:zh-Hans": "食环署",
        "operator:short:zh-Hant": "食環署",
        "operator:wikidata": "Q2355063",
        "operator:zh": "食物環境衞生署",
        "operator:zh-Hans": "食物环境卫生署",
        "operator:zh-Hant": "食物環境衞生署",
        "ref": "N-107",
        "source": "https://www.fehd.gov.hk/english/pleasant_environment/cleansing/list_of_public_toilets.html?district=NTIs",
        "toilets:disposal": "flush",
        "toilets:position": "Wu_Kau_Tan;Sha_Tau_Kok",
        "unisex": "yes",
        "wheelchair": "no",
        "_osm_id": 187940340,
        "_osm_type": "way"
      },
      "geometry": {
        "type": "Polygon",
        "coordinates": [
          [
            [
              114.242674,
              22.5060867
            ],
            [
              114.2426613,
              22.5060588
            ],
            [
              114.2427512,
              22.5060237
            ],
            [
              114.2427639,
              22.5060516
            ],
            [
              114.242674,
              22.5060867
            ]
          ]
        ]
      }
    },
    {
      "type": "Feature",
      "properties": {
        "amenity": "toilets",
        "building": "yes",
        "name": "吐露港公路馬料水公廁 Ma Liu Shui off Tolo Highway Public Toilet",
        "name:en": "Ma Liu Shui off Tolo Highway Public Toilet",
        "name:zh": "吐露港公路馬料水公廁",
        "wheelchair": "yes",
        "_osm_id": 204545720,
        "_osm_type": "way"
      },
      "geometry": {
        "type": "Polygon",
        "coordinates": [
          [
            [
              114.2140319,
              22.4169866
            ],
            [
              114.2140049,
              22.4168947
            ],
            [
              114.2140712,
              22.416878
            ],
            [
              114.2140983,
              22.4169699
            ],
            [
              114.2140319,
              22.4169866
            ]
          ]
        ]
      }
    },
    {
      "type": "Feature",
      "properties": {
        "access": "yes",
        "amenity": "toilets",
        "building": "yes",
        "fee": "no",
        "name": "港鐵大埔墟站公廁 Tai Po Market MTR Station Public Toilet",
        "name:en": "Tai Po Market MTR Station Public Toilet",
        "name:zh": "港鐵大埔墟站公廁",
        "operator": "食物環境衞生署 Food and Environmental Hygiene Department",
        "operator:en": "Food and Environmental Hygiene Department",
        "operator:short": "食環署 FEHD",
        "operator:short:en": "FEHD",
        "operator:short:zh": "食環署",
        "operator:short:zh-Hans": "食环署",
        "operator:short:zh-Hant": "食環署",
        "operator:wikidata": "Q2355063",
        "operator:zh": "食物環境衞生署",
        "operator:zh-Hans": "食物环境卫生署",
        "operator:zh-Hant": "食物環境衞生署",
        "wheelchair": "yes",
        "_osm_id": 244073527,
        "_osm_type": "way"
      },
      "geometry": {
        "type": "Polygon",
        "coordinates": [
          [
            [
              114.170447,
              22.4439577
            ],
            [
              114.1704401,
              22.4438766
            ],
            [
              114.170603,
              22.4439182
            ],
            [
              114.1705952,
              22.4439485
            ],
            [
              114.170447,
              22.4439577
            ]
          ]
        ]
      }
    },
    {
      "type": "Feature",
      "properties": {
        "access": "yes",
        "amenity": "toilets",
        "building": "toilets",
        "building:levels": "1",
        "fee": "no",
        "name": "和合石村公廁 Wo Hop Shek Tsuen Public Toilet",
        "name:en": "Wo Hop Shek Tsuen Public Toilet",
        "name:zh": "和合石村公廁",
        "operator": "食物環境衞生署 Food and Environmental Hygiene Department",
        "operator:en": "Food and Environmental Hygiene Department",
        "operator:ownership": "government",
        "operator:short": "食環署 FEHD",
        "operator:short:en": "FEHD",
        "operator:short:zh": "食環署",
        "operator:short:zh-Hans": "食环署",
        "operator:short:zh-Hant": "食環署",
        "operator:wikidata": "Q2355063",
        "operator:zh": "食物環境衞生署",
        "operator:zh-Hans": "食物环境卫生署",
        "operator:zh-Hant": "食物環境衞生署",
        "ownership": "government",
        "ref": "N-148",
        "roof:levels": "1",
        "roof:shape": "flat",
        "toilets:disposal": "flush",
        "wheelchair": "yes",
        "_osm_id": 245436989,
        "_osm_type": "way"
      },
      "geometry": {
        "type": "Polygon",
        "coordinates": [
          [
            [
              114.1470366,
              22.4860167
            ],
            [
              114.1469647,
              22.4859523
            ],
            [
              114.1470044,
              22.4859144
            ],
            [
              114.1470763,
              22.4859788
            ],
            [
              114.1470366,
              22.4860167
            ]
          ]
        ]
      }
    },
    {
      "type": "Feature",
      "properties": {
        "addr:city": "大埔 Tai Po",
        "addr:housenumber": "12",
        "addr:street": "大埔太和路 Tai Po Tai Wo Road",
        "addr:unit": "102",
        "amenity": "fast_food",
        "brand": "麥當勞 McDonald's",
        "brand:en": "McDonald's",
        "brand:wikidata": "Q38076",
        "brand:wikipedia": "en:McDonald's",
        "brand:zh": "麥當勞",
        "brand:zh-Hans": "麦当劳",
        "brand:zh-Hant": "麥當勞",
        "cuisine": "burger",
        "name": "麥當勞 McDonald's",
        "name:en": "McDonald's",
        "name:yue": "麥當勞",
        "name:zh": "麥當勞",
        "name:zh-Hans": "麦当劳",
        "name:zh-Hant": "麥當勞",
        "takeaway": "yes",
        "toilets:wheelchair": "yes",
        "wheelchair": "yes",
        "wheelchair:description": "門難保持開門 Door difficult to hold open. 擺設和設備可移動 Furnishings and equipment movable. 洗手間是需要通知職員 Washroom required to inform staffs. 座位位置比較狹窄 Seat position is relatively narrow",
        "_osm_id": 249134775,
        "_osm_type": "way"
      },
      "geometry": {
        "type": "LineString",
        "coordinates": [
          [
            114.1607508,
            22.4501411
          ],
          [
            114.1608537,
            22.450221
          ],
          [
            114.1609321,
            22.4501322
          ],
          [
            114.1610123,
            22.450127
          ],
          [
            114.161106,
            22.450026
          ],
          [
            114.1610022,
            22.4499519
          ],
          [
            114.1609982,
            22.4499216
          ],
          [
            114.160978,
            22.4498993
          ],
          [
            114.1609254,
            22.449859
          ],
          [
            114.1609114,
            22.4498541
          ],
          [
            114.1608882,
            22.449854
          ],
          [
            114.1607582,
            22.4499024
          ],
          [
            114.1607392,
            22.4499197
          ],
          [
            114.1607183,
            22.4500248
          ],
          [
            114.1607172,
            22.4500654
          ],
          [
            114.160746,
            22.4501004
          ],
          [
            114.1607552,
            22.4501058
          ],
          [
            114.1607723,
            22.4501174
          ],
          [
            114.1607508,
            22.4501411
          ]
        ]
      }
    },
    {
      "type": "Feature",
      "properties": {
        "access": "yes",
        "amenity": "toilets",
        "building": "yes",
        "drinking_water": "yes",
        "drinking_water:bottle": "yes",
        "fee": "no",
        "toilets:disposal": "flush",
        "toilets:position": "seated;urinal",
        "wheelchair": "yes",
        "_osm_id": 259033258,
        "_osm_type": "way"
      },
      "geometry": {
        "type": "Polygon",
        "coordinates": [
          [
            [
              113.9583643,
              22.5217439
            ],
            [
              113.9583648,
              22.5218376
            ],
            [
              113.9585516,
              22.5218368
            ],
            [
              113.9585511,
              22.521743
            ],
            [
              113.9583643,
              22.5217439
            ]
          ]
        ]
      }
    },
    {
      "type": "Feature",
      "properties": {
        "amenity": "toilets",
        "building": "yes",
        "toilets:disposal": "flush",
        "unisex": "yes",
        "wheelchair": "yes",
        "_osm_id": 290795429,
        "_osm_type": "way"
      },
      "geometry": {
        "type": "Polygon",
        "coordinates": [
          [
            [
              114.3519886,
              22.4222288
            ],
            [
              114.3519687,
              22.4222171
            ],
            [
              114.3520091,
              22.422158
            ],
            [
              114.352029,
              22.4221697
            ],
            [
              114.3519886,
              22.4222288
            ]
          ]
        ]
      }
    },
    {
      "type": "Feature",
      "properties": {
        "addr:city": "粉嶺",
        "addr:housenumber": "12",
        "addr:street": "暉明路 Fai Ming Road",
        "amenity": "school",
        "name": "宣道會陳朱素華紀念中學 Christian Alliance SW Chan Memorial College",
        "name:en": "Christian Alliance SW Chan Memorial College",
        "name:zh": "宣道會陳朱素華紀念中學",
        "toilets:wheelchair": "yes",
        "wheelchair": "no",
        "_osm_id": 345670663,
        "_osm_type": "way"
      },
      "geometry": {
        "type": "LineString",
        "coordinates": [
          [
            114.1380952,
            22.4819263
          ],
          [
            114.138243,
            22.4813758
          ],
          [
            114.1378762,
            22.4811746
          ],
          [
            114.1377883,
            22.4811264
          ],
          [
            114.1373519,
            22.480878
          ],
          [
            114.1372767,
            22.4809274
          ],
          [
            114.1372712,
            22.480931
          ],
          [
            114.1372203,
            22.4809527
          ],
          [
            114.1371539,
            22.480981
          ],
          [
            114.1370908,
            22.4809891
          ],
          [
            114.137009,
            22.48099
          ],
          [
            114.1369712,
            22.4809871
          ],
          [
            114.1369225,
            22.481116
          ],
          [
            114.1372071,
            22.4811756
          ],
          [
            114.1372724,
            22.4811945
          ],
          [
            114.1373383,
            22.4812585
          ],
          [
            114.1373911,
            22.4813258
          ],
          [
            114.137416,
            22.481389
          ],
          [
            114.1374325,
            22.4814535
          ],
          [
            114.1374182,
            22.4815415
          ],
          [
            114.1374386,
            22.4816658
          ],
          [
            114.1374101,
            22.4817408
          ],
          [
            114.1374059,
            22.4817519
          ],
          [
            114.1374923,
            22.4818054
          ],
          [
            114.137513,
            22.4818103
          ],
          [
            114.1375301,
            22.4818143
          ],
          [
            114.1380952,
            22.4819263
          ]
        ]
      }
    },
    {
      "type": "Feature",
      "properties": {
        "amenity": "toilets",
        "building": "toilets",
        "building:levels": "1",
        "changing_table": "no",
        "toilets:disposal": "flush",
        "wheelchair": "yes",
        "_osm_id": 355229153,
        "_osm_type": "way"
      },
      "geometry": {
        "type": "Polygon",
        "coordinates": [
          [
            [
              114.1383907,
              22.4937051
            ],
            [
              114.1385728,
              22.493547
            ],
            [
              114.1385127,
              22.4934879
            ],
            [
              114.1384892,
              22.4935083
            ],
            [
              114.1384678,
              22.4934872
            ],
            [
              114.1383771,
              22.493566
            ],
            [
              114.1383996,
              22.4935881
            ],
            [
              114.1383317,
              22.4936471
            ],
            [
              114.1383907,
              22.4937051
            ]
          ]
        ]
      }
    },
    {
      "type": "Feature",
      "properties": {
        "access": "yes",
        "amenity": "toilets",
        "building": "toilets",
        "building:levels": "1",
        "changing_table": "yes",
        "name": "和興村公廁 Wo Hing Tsuen Public Toilet",
        "name:en": "Wo Hing Tsuen Public Toilet",
        "name:yue": "和興村公廁",
        "name:zh": "和興村公廁",
        "operator": "食物環境衞生署 Food and Environmental Hygiene Department",
        "operator:en": "Food and Environmental Hygiene Department",
        "operator:ownership": "government",
        "operator:short": "食環署 FEHD",
        "operator:short:en": "FEHD",
        "operator:short:zh": "食環署",
        "operator:short:zh-Hans": "食环署",
        "operator:short:zh-Hant": "食環署",
        "operator:wikidata": "Q2355063",
        "operator:zh": "食物環境衞生署",
        "operator:zh-Hans": "食物环境卫生署",
        "operator:zh-Hant": "食物環境衞生署",
        "ownership": "government",
        "ref": "N-149",
        "roof:levels": "1",
        "roof:shape": "flat",
        "toilets:disposal": "flush",
        "unisex": "yes",
        "wheelchair": "yes",
        "_osm_id": 356627725,
        "_osm_type": "way"
      },
      "geometry": {
        "type": "Polygon",
        "coordinates": [
          [
            [
              114.1443164,
              22.4835858
            ],
            [
              114.1442469,
              22.4835162
            ],
            [
              114.1442062,
              22.4835509
            ],
            [
              114.1442757,
              22.4836205
            ],
            [
              114.1443164,
              22.4835858
            ]
          ]
        ]
      }
    },
    {
      "type": "Feature",
      "properties": {
        "amenity": "toilets",
        "building": "yes",
        "toilets:disposal": "flush",
        "unisex": "yes",
        "wheelchair": "yes",
        "_osm_id": 372797623,
        "_osm_type": "way"
      },
      "geometry": {
        "type": "Polygon",
        "coordinates": [
          [
            [
              114.1057787,
              22.4051184
            ],
            [
              114.1057467,
              22.4050704
            ],
            [
              114.105854,
              22.4050093
            ],
            [
              114.105886,
              22.4050574
            ],
            [
              114.1057787,
              22.4051184
            ]
          ]
        ]
      }
    },
    {
      "type": "Feature",
      "properties": {
        "access": "yes",
        "amenity": "toilets",
        "building": "toilets",
        "fee": "no",
        "name": "元洲仔公園廁所 Yuen Chau Tsai Park Toilet",
        "name:en": "Yuen Chau Tsai Park Toilet",
        "name:yue": "元洲仔公園廁所",
        "name:yue-Hant": "元洲仔公園廁所",
        "name:yue-Latn": "Yuen Chau Tsai Chi Soh",
        "name:yue-Latn-jyutping": "Jyun4 Zau1 Zai2 Ci3 So2",
        "name:zh": "元洲仔公園廁所",
        "wheelchair": "yes",
        "_osm_id": 435180106,
        "_osm_type": "way"
      },
      "geometry": {
        "type": "Polygon",
        "coordinates": [
          [
            [
              114.1774825,
              22.446017
            ],
            [
              114.1774301,
              22.4459675
            ],
            [
              114.1774516,
              22.4459414
            ],
            [
              114.1774656,
              22.4459559
            ],
            [
              114.1774857,
              22.4459373
            ],
            [
              114.1775152,
              22.4459658
            ],
            [
              114.1774937,
              22.4459857
            ],
            [
              114.1775079,
              22.445996
            ],
            [
              114.1774825,
              22.446017
            ]
          ]
        ]
      }
    },
    {
      "type": "Feature",
      "properties": {
        "access": "yes",
        "amenity": "toilets",
        "building": "yes",
        "name": "泥圍公廁（垃圾站旁） Nai Wai Public Toilet (At side of RCP)",
        "name:en": "Nai Wai Public Toilet (At side of RCP)",
        "name:zh": "泥圍公廁（垃圾站旁）",
        "operator": "食物環境衞生署 Food and Environmental Hygiene Department",
        "operator:en": "Food and Environmental Hygiene Department",
        "operator:short": "食環署 FEHD",
        "operator:short:en": "FEHD",
        "operator:short:zh": "食環署",
        "operator:short:zh-Hans": "食环署",
        "operator:short:zh-Hant": "食環署",
        "operator:wikidata": "Q2355063",
        "operator:zh": "食物環境衞生署",
        "operator:zh-Hans": "食物环境卫生署",
        "operator:zh-Hant": "食物環境衞生署",
        "ref": "TM-88",
        "toilets:disposal": "flush",
        "wheelchair": "yes",
        "_osm_id": 448229621,
        "_osm_type": "way"
      },
      "geometry": {
        "type": "Polygon",
        "coordinates": [
          [
            [
              113.9879099,
              22.4228572
            ],
            [
              113.9879452,
              22.4228605
            ],
            [
              113.9879552,
              22.422767
            ],
            [
              113.9879199,
              22.4227638
            ],
            [
              113.9879099,
              22.4228572
            ]
          ]
        ]
      }
    },
    {
      "type": "Feature",
      "properties": {
        "access": "yes",
        "amenity": "toilets",
        "building": "yes",
        "changing_table": "yes",
        "name": "布格仔流水響公廁 Po Kak Tsai Lau Shui Heung Public Toilet",
        "name:en": "Po Kak Tsai Lau Shui Heung Public Toilet",
        "name:zh": "布格仔流水響公廁",
        "operator": "FEHD",
        "ref": "N-68",
        "toilets:disposal": "flush",
        "toilets:position": "Po_Kak_Tsai;Lau_Shui_Heung;Fanling",
        "unisex": "yes",
        "wheelchair": "yes",
        "_osm_id": 457799954,
        "_osm_type": "way"
      },
      "geometry": {
        "type": "Polygon",
        "coordinates": [
          [
            [
              114.1616802,
              22.5022961
            ],
            [
              114.1617096,
              22.5023114
            ],
            [
              114.1617584,
              22.5022315
            ],
            [
              114.161729,
              22.5022162
            ],
            [
              114.1616802,
              22.5022961
            ]
          ]
        ]
      }
    },
    {
      "type": "Feature",
      "properties": {
        "access": "yes",
        "amenity": "toilets",
        "building": "yes",
        "fee": "no",
        "name": "石古壟公廁 Shek Kwu Lung Public Toilet",
        "name:en": "Shek Kwu Lung Public Toilet",
        "name:yue": "石古壟公廁",
        "name:zh": "石古壟公廁",
        "operator": "FEHD",
        "ref": "TP-64",
        "toilets:disposal": "flush",
        "wheelchair": "no",
        "_osm_id": 523156290,
        "_osm_type": "way"
      },
      "geometry": {
        "type": "Polygon",
        "coordinates": [
          [
            [
              114.1571482,
              22.448855
            ],
            [
              114.15714,
              22.448832
            ],
            [
              114.1571846,
              22.4488185
            ],
            [
              114.1571927,
              22.4488414
            ],
            [
              114.1571482,
              22.448855
            ]
          ]
        ]
      }
    },
    {
      "type": "Feature",
      "properties": {
        "access": "yes",
        "amenity": "toilets",
        "building": "yes",
        "fee": "no",
        "name": "泮涌公廁 Pan Chung Public Toilet",
        "name:en": "Pan Chung Public Toilet",
        "name:yue": "泮涌公廁",
        "name:zh": "泮涌公廁",
        "operator": "FEHD",
        "ref": "TP-66A",
        "toilets:disposal": "flush",
        "wheelchair": "no",
        "_osm_id": 525314548,
        "_osm_type": "way"
      },
      "geometry": {
        "type": "Polygon",
        "coordinates": [
          [
            [
              114.1662592,
              22.4449442
            ],
            [
              114.1662676,
              22.4448834
            ],
            [
              114.166294,
              22.4448865
            ],
            [
              114.1662856,
              22.4449473
            ],
            [
              114.1662592,
              22.4449442
            ]
          ]
        ]
      }
    },
    {
      "type": "Feature",
      "properties": {
        "access": "yes",
        "amenity": "toilets",
        "building": "yes",
        "fee": "no",
        "name": "下坑公廁 Ha Hang Public Toilet",
        "name:en": "Ha Hang Public Toilet",
        "name:yue": "下坑公廁",
        "name:zh": "下坑公廁",
        "operator": "FEHD",
        "ref": "TP-18",
        "toilets:disposal": "flush",
        "wheelchair": "no",
        "_osm_id": 527722747,
        "_osm_type": "way"
      },
      "geometry": {
        "type": "Polygon",
        "coordinates": [
          [
            [
              114.185964,
              22.4627366
            ],
            [
              114.1859884,
              22.4627521
            ],
            [
              114.1860378,
              22.4627834
            ],
            [
              114.1860562,
              22.4627587
            ],
            [
              114.1859824,
              22.4627119
            ],
            [
              114.185964,
              22.4627366
            ]
          ]
        ]
      }
    },
    {
      "type": "Feature",
      "properties": {
        "access": "yes",
        "amenity": "toilets",
        "building": "yes",
        "fee": "no",
        "name": "九龍坑村公廁 Kau Lung Hang Village Public Toilet",
        "name:en": "Kau Lung Hang Village Public Toilet",
        "name:yue": "九龍坑村公廁",
        "name:zh": "九龍坑村公廁",
        "ref": "TP-43",
        "toilets:disposal": "flush",
        "wheelchair": "no",
        "_osm_id": 528584642,
        "_osm_type": "way"
      },
      "geometry": {
        "type": "Polygon",
        "coordinates": [
          [
            [
              114.158809,
              22.4800725
            ],
            [
              114.1588318,
              22.4800444
            ],
            [
              114.1589036,
              22.4800942
            ],
            [
              114.1588807,
              22.4801224
            ],
            [
              114.158809,
              22.4800725
            ]
          ]
        ]
      }
    },
    {
      "type": "Feature",
      "properties": {
        "access": "yes",
        "amenity": "toilets",
        "building": "yes",
        "fee": "no",
        "name": "圍頭村公廁 Wai Tau Tsuen Public Toilet",
        "name:en": "Wai Tau Tsuen Public Toilet",
        "name:yue": "圍頭村公廁",
        "name:zh": "圍頭村公廁",
        "ref": "TP-37",
        "toilets:disposal": "flush",
        "wheelchair": "no",
        "_osm_id": 528939278,
        "_osm_type": "way"
      },
      "geometry": {
        "type": "Polygon",
        "coordinates": [
          [
            [
              114.1465273,
              22.4633894
            ],
            [
              114.1465707,
              22.4633502
            ],
            [
              114.1465896,
              22.4633681
            ],
            [
              114.1465462,
              22.4634073
            ],
            [
              114.1465273,
              22.4633894
            ]
          ]
        ]
      }
    },
    {
      "type": "Feature",
      "properties": {
        "access": "yes",
        "amenity": "toilets",
        "building": "yes",
        "fee": "no",
        "name": "新塘公廁 San Tong Public Toilet",
        "name:en": "San Tong Public Toilet",
        "name:yue": "新塘公廁",
        "name:zh": "新塘公廁",
        "ref": "TP-52",
        "toilets:disposal": "flush",
        "wheelchair": "no",
        "_osm_id": 529241473,
        "_osm_type": "way"
      },
      "geometry": {
        "type": "Polygon",
        "coordinates": [
          [
            [
              114.1360376,
              22.4487182
            ],
            [
              114.1360181,
              22.4486998
            ],
            [
              114.136052,
              22.4486689
            ],
            [
              114.1360716,
              22.4486873
            ],
            [
              114.1360376,
              22.4487182
            ]
          ]
        ]
      }
    },
    {
      "type": "Feature",
      "properties": {
        "access": "yes",
        "amenity": "toilets",
        "building": "yes",
        "fee": "no",
        "name": "塘面村公廁 Tong Min Tsuen Public Toilet",
        "name:en": "Tong Min Tsuen Public Toilet",
        "name:yue": "塘面村公廁",
        "name:zh": "塘面村公廁",
        "ref": "TP-49",
        "toilets:disposal": "flush",
        "wheelchair": "no",
        "_osm_id": 529246864,
        "_osm_type": "way"
      },
      "geometry": {
        "type": "Polygon",
        "coordinates": [
          [
            [
              114.1376294,
              22.452042
            ],
            [
              114.1376544,
              22.4519617
            ],
            [
              114.1376804,
              22.4519686
            ],
            [
              114.1376554,
              22.4520489
            ],
            [
              114.1376294,
              22.452042
            ]
          ]
        ]
      }
    },
    {
      "type": "Feature",
      "properties": {
        "access": "yes",
        "amenity": "toilets",
        "building": "yes",
        "fee": "no",
        "name": "鍾屋村公廁 Chung Uk Tsuen Public Toilet",
        "name:en": "Chung Uk Tsuen Public Toilet",
        "name:yue": "鍾屋村公廁",
        "name:zh": "鍾屋村公廁",
        "ref": "TP-48",
        "toilets:disposal": "flush",
        "wheelchair": "no",
        "_osm_id": 529395859,
        "_osm_type": "way"
      },
      "geometry": {
        "type": "Polygon",
        "coordinates": [
          [
            [
              114.1417704,
              22.4545118
            ],
            [
              114.1417589,
              22.4544904
            ],
            [
              114.1418191,
              22.4544626
            ],
            [
              114.1418307,
              22.454484
            ],
            [
              114.1417704,
              22.4545118
            ]
          ]
        ]
      }
    },
    {
      "type": "Feature",
      "properties": {
        "access": "yes",
        "amenity": "toilets",
        "building": "yes",
        "fee": "no",
        "name": "大庵村公廁 Tai Om Village Public Toilet",
        "name:en": "Tai Om Village Public Toilet",
        "name:yue": "大庵村公廁",
        "name:zh": "大庵村公廁",
        "ref": "TP-57",
        "toilets:disposal": "flush",
        "wheelchair": "no",
        "_osm_id": 529796340,
        "_osm_type": "way"
      },
      "geometry": {
        "type": "Polygon",
        "coordinates": [
          [
            [
              114.1332108,
              22.4435383
            ],
            [
              114.1332102,
              22.4435142
            ],
            [
              114.1332777,
              22.4435127
            ],
            [
              114.1332784,
              22.4435369
            ],
            [
              114.1332108,
              22.4435383
            ]
          ]
        ]
      }
    },
    {
      "type": "Feature",
      "properties": {
        "access": "yes",
        "amenity": "toilets",
        "building": "yes",
        "fee": "no",
        "name": "布心排村公廁 Po Sam Pai Village Public Toilet",
        "name:en": "Po Sam Pai Village Public Toilet",
        "name:yue": "布心排村公廁",
        "name:zh": "布心排村公廁",
        "operator": "FEHD",
        "ref": "TP-31",
        "toilets:disposal": "flush",
        "wheelchair": "no",
        "_osm_id": 530443679,
        "_osm_type": "way"
      },
      "geometry": {
        "type": "Polygon",
        "coordinates": [
          [
            [
              114.2105612,
              22.4701668
            ],
            [
              114.2105889,
              22.4701431
            ],
            [
              114.2106581,
              22.4702121
            ],
            [
              114.2106304,
              22.4702359
            ],
            [
              114.2105612,
              22.4701668
            ]
          ]
        ]
      }
    },
    {
      "type": "Feature",
      "properties": {
        "access": "yes",
        "amenity": "toilets",
        "building": "yes",
        "fee": "no",
        "name": "坪朗村公廁 Ping Long Village Public Toilet",
        "name:en": "Ping Long Village Public Toilet",
        "name:yue": "坪朗村公廁",
        "name:zh": "坪朗村公廁",
        "ref": "TP-53",
        "toilets:disposal": "flush",
        "wheelchair": "no",
        "_osm_id": 530720182,
        "_osm_type": "way"
      },
      "geometry": {
        "type": "Polygon",
        "coordinates": [
          [
            [
              114.1327502,
              22.4460441
            ],
            [
              114.1328089,
              22.4459861
            ],
            [
              114.1327844,
              22.4459649
            ],
            [
              114.1327258,
              22.446023
            ],
            [
              114.1327502,
              22.4460441
            ]
          ]
        ]
      }
    },
    {
      "type": "Feature",
      "properties": {
        "amenity": "toilets",
        "building": "yes",
        "changing_table": "yes",
        "name": "四號洗手間 Toilet No.4",
        "name:en": "Toilet No.4",
        "name:yue": "四號洗手間",
        "name:zh": "四號洗手間",
        "wheelchair": "yes",
        "_osm_id": 610655783,
        "_osm_type": "way"
      },
      "geometry": {
        "type": "Polygon",
        "coordinates": [
          [
            [
              114.1780608,
              22.4500176
            ],
            [
              114.1780274,
              22.4499746
            ],
            [
              114.1781525,
              22.4498932
            ],
            [
              114.1781859,
              22.4499394
            ],
            [
              114.1780608,
              22.4500176
            ]
          ]
        ]
      }
    },
    {
      "type": "Feature",
      "properties": {
        "amenity": "toilets",
        "building": "yes",
        "female": "yes",
        "name": "六號廁所 Toilet No.6",
        "name:en": "Toilet No.6",
        "name:yue": "六號廁所",
        "name:zh": "六號廁所",
        "wheelchair": "yes",
        "_osm_id": 611146825,
        "_osm_type": "way"
      },
      "geometry": {
        "type": "Polygon",
        "coordinates": [
          [
            [
              114.1915294,
              22.4515892
            ],
            [
              114.1915114,
              22.4515294
            ],
            [
              114.1915516,
              22.4515191
            ],
            [
              114.1915696,
              22.4515789
            ],
            [
              114.1915294,
              22.4515892
            ]
          ]
        ]
      }
    },
    {
      "type": "Feature",
      "properties": {
        "amenity": "toilets",
        "building": "yes",
        "male": "yes",
        "name": "六號廁所 Toilet No.6",
        "name:en": "Toilet No.6",
        "name:yue": "六號廁所",
        "name:zh": "六號廁所",
        "toilets:disposal": "flush",
        "wheelchair": "yes",
        "_osm_id": 611146826,
        "_osm_type": "way"
      },
      "geometry": {
        "type": "Polygon",
        "coordinates": [
          [
            [
              114.1914434,
              22.4516106
            ],
            [
              114.1914263,
              22.4515501
            ],
            [
              114.1914662,
              22.4515405
            ],
            [
              114.1914833,
              22.4516009
            ],
            [
              114.1914434,
              22.4516106
            ]
          ]
        ]
      }
    },
    {
      "type": "Feature",
      "properties": {
        "access": "yes",
        "amenity": "toilets",
        "building": "yes",
        "fee": "no",
        "name": "泰亨公廁 Tai Hang Public Toilet",
        "name:en": "Tai Hang Public Toilet",
        "name:yue": "泰亨公廁",
        "name:zh": "泰亨公廁",
        "operator": "FEHD",
        "ref": "TP-40",
        "toilets:disposal": "flush",
        "wheelchair": "yes",
        "_osm_id": 615802463,
        "_osm_type": "way"
      },
      "geometry": {
        "type": "Polygon",
        "coordinates": [
          [
            [
              114.1491046,
              22.4697712
            ],
            [
              114.1491624,
              22.4696606
            ],
            [
              114.1491896,
              22.4696727
            ],
            [
              114.1491318,
              22.4697834
            ],
            [
              114.1491046,
              22.4697712
            ]
          ]
        ]
      }
    },
    {
      "type": "Feature",
      "properties": {
        "access": "yes",
        "amenity": "toilets",
        "building": "yes",
        "fee": "no",
        "name": "大埔滘新圍公廁 Tai Po Kau San Wai Public Toilet",
        "name:en": "Tai Po Kau San Wai Public Toilet",
        "name:yue": "大埔滘新圍公廁",
        "name:zh": "大埔滘新圍公廁",
        "operator": "FEHD",
        "ref": "TP-6",
        "toilets:disposal": "flush",
        "wheelchair": "no",
        "_osm_id": 617550397,
        "_osm_type": "way"
      },
      "geometry": {
        "type": "Polygon",
        "coordinates": [
          [
            [
              114.1890682,
              22.4353845
            ],
            [
              114.1890858,
              22.4353618
            ],
            [
              114.1891523,
              22.435406
            ],
            [
              114.1891347,
              22.4354286
            ],
            [
              114.1890682,
              22.4353845
            ]
          ]
        ]
      }
    },
    {
      "type": "Feature",
      "properties": {
        "access": "yes",
        "amenity": "toilets",
        "building": "yes",
        "changing_table": "yes",
        "fee": "no",
        "operator": "FEHD",
        "toilets:disposal": "flush",
        "toilets:position": "seated;squat;urinal",
        "unisex": "yes",
        "wheelchair": "yes",
        "_osm_id": 619408339,
        "_osm_type": "way"
      },
      "geometry": {
        "type": "Polygon",
        "coordinates": [
          [
            [
              114.1439004,
              22.4815929
            ],
            [
              114.1438609,
              22.4814684
            ],
            [
              114.1439738,
              22.4814371
            ],
            [
              114.1440141,
              22.4815604
            ],
            [
              114.1439004,
              22.4815929
            ]
          ]
        ]
      }
    },
    {
      "type": "Feature",
      "properties": {
        "access": "yes",
        "amenity": "toilets",
        "building": "yes",
        "fee": "no",
        "name": "塘坑村公廁 Tong Hang Tsuen Public Toilet",
        "name:en": "Tong Hang Tsuen Public Toilet",
        "name:yue": "塘坑村公廁",
        "name:zh": "塘坑村公廁",
        "operator": "食物環境衞生署 Food and Environmental Hygiene Department",
        "operator:en": "Food and Environmental Hygiene Department",
        "operator:short": "食環署 FEHD",
        "operator:short:en": "FEHD",
        "operator:short:zh": "食環署",
        "operator:short:zh-Hans": "食环署",
        "operator:short:zh-Hant": "食環署",
        "operator:wikidata": "Q2355063",
        "operator:zh": "食物環境衞生署",
        "operator:zh-Hans": "食物环境卫生署",
        "operator:zh-Hant": "食物環境衞生署",
        "ref": "N-77",
        "toilets:disposal": "flush",
        "unisex": "yes",
        "wheelchair": "no",
        "_osm_id": 619745210,
        "_osm_type": "way"
      },
      "geometry": {
        "type": "Polygon",
        "coordinates": [
          [
            [
              114.1497225,
              22.4895112
            ],
            [
              114.149699,
              22.4894904
            ],
            [
              114.1497766,
              22.4894156
            ],
            [
              114.1498045,
              22.4894402
            ],
            [
              114.149773,
              22.4894705
            ],
            [
              114.1497687,
              22.4894667
            ],
            [
              114.1497225,
              22.4895112
            ]
          ]
        ]
      }
    },
    {
      "type": "Feature",
      "properties": {
        "access": "yes",
        "amenity": "toilets",
        "building": "yes",
        "changing_table": "yes",
        "fee": "no",
        "name": "粉嶺樓公廁 Fanling Lau Public Toilet",
        "name:en": "Fanling Lau Public Toilet",
        "name:yue": "粉嶺樓公廁",
        "name:zh": "粉嶺樓公廁",
        "operator": "FEHD",
        "ref": "N-50",
        "toilets:disposal": "flush",
        "wheelchair": "yes",
        "_osm_id": 629505114,
        "_osm_type": "way"
      },
      "geometry": {
        "type": "Polygon",
        "coordinates": [
          [
            [
              114.1407143,
              22.4977847
            ],
            [
              114.1407272,
              22.4977253
            ],
            [
              114.1407531,
              22.4977301
            ],
            [
              114.1407402,
              22.4977895
            ],
            [
              114.1407143,
              22.4977847
            ]
          ]
        ]
      }
    },
    {
      "type": "Feature",
      "properties": {
        "amenity": "toilets",
        "building": "yes",
        "changing_table": "yes",
        "toilets:disposal": "flush",
        "unisex": "yes",
        "wheelchair": "yes",
        "_osm_id": 629505146,
        "_osm_type": "way"
      },
      "geometry": {
        "type": "Polygon",
        "coordinates": [
          [
            [
              114.1327011,
              22.500231
            ],
            [
              114.1327,
              22.5001901
            ],
            [
              114.1326792,
              22.5001906
            ],
            [
              114.1326778,
              22.5001407
            ],
            [
              114.1326983,
              22.5001402
            ],
            [
              114.1327487,
              22.5001391
            ],
            [
              114.1327499,
              22.5001821
            ],
            [
              114.1327764,
              22.5001814
            ],
            [
              114.1327777,
              22.5002292
            ],
            [
              114.1327011,
              22.500231
            ]
          ]
        ]
      }
    },
    {
      "type": "Feature",
      "properties": {
        "access": "yes",
        "amenity": "toilets",
        "building": "yes",
        "changing_table": "yes",
        "fee": "no",
        "name": "掃管埔村公廁 So Kwun Po Tsuen Public Toilet",
        "name:en": "So Kwun Po Tsuen Public Toilet",
        "name:yue": "掃管埔村公廁",
        "name:zh": "掃管埔村公廁",
        "operator": "食物環境衞生署 Food and Environmental Hygiene Department",
        "operator:en": "Food and Environmental Hygiene Department",
        "operator:short": "食環署 FEHD",
        "operator:short:en": "FEHD",
        "operator:short:zh": "食環署",
        "operator:short:zh-Hans": "食环署",
        "operator:short:zh-Hant": "食環署",
        "operator:wikidata": "Q2355063",
        "operator:zh": "食物環境衞生署",
        "operator:zh-Hans": "食物环境卫生署",
        "operator:zh-Hant": "食物環境衞生署",
        "ref": "N-38",
        "toilets:disposal": "flush",
        "unisex": "yes",
        "wheelchair": "yes",
        "_osm_id": 629505162,
        "_osm_type": "way"
      },
      "geometry": {
        "type": "Polygon",
        "coordinates": [
          [
            [
              114.1304941,
              22.5002357
            ],
            [
              114.130503,
              22.5001912
            ],
            [
              114.1305321,
              22.5001962
            ],
            [
              114.1305232,
              22.5002407
            ],
            [
              114.1304941,
              22.5002357
            ]
          ]
        ]
      }
    },
    {
      "type": "Feature",
      "properties": {
        "access": "yes",
        "amenity": "toilets",
        "building": "yes",
        "fee": "no",
        "name": "粉嶺圍(南)公廁 Fanling Wai (South) Public Toilet",
        "name:en": "Fanling Wai (South) Public Toilet",
        "name:yue": "粉嶺圍(南)公廁",
        "name:zh": "粉嶺圍(南)公廁",
        "operator": "FEHD",
        "ref": "N-142",
        "toilets:disposal": "flush",
        "wheelchair": "yes",
        "_osm_id": 629505170,
        "_osm_type": "way"
      },
      "geometry": {
        "type": "Polygon",
        "coordinates": [
          [
            [
              114.1348564,
              22.4960164
            ],
            [
              114.1347945,
              22.4959428
            ],
            [
              114.1348367,
              22.4959124
            ],
            [
              114.1348987,
              22.4959861
            ],
            [
              114.1348564,
              22.4960164
            ]
          ]
        ]
      }
    },
    {
      "type": "Feature",
      "properties": {
        "access": "yes",
        "amenity": "toilets",
        "building": "yes",
        "fee": "no",
        "name": "粉嶺圍公廁 Fanling Wai Public Toilet",
        "name:en": "Fanling Wai Public Toilet",
        "name:yue": "粉嶺圍公廁",
        "name:zh": "粉嶺圍公廁",
        "operator": "FEHD",
        "ref": "N-137",
        "toilets:disposal": "flush",
        "unisex": "yes",
        "wheelchair": "yes",
        "_osm_id": 629505182,
        "_osm_type": "way"
      },
      "geometry": {
        "type": "Polygon",
        "coordinates": [
          [
            [
              114.1362067,
              22.4974413
            ],
            [
              114.1361791,
              22.4974164
            ],
            [
              114.136281,
              22.4973198
            ],
            [
              114.1363087,
              22.4973447
            ],
            [
              114.1362067,
              22.4974413
            ]
          ]
        ]
      }
    },
    {
      "type": "Feature",
      "properties": {
        "access": "yes",
        "amenity": "toilets",
        "building": "yes",
        "fee": "no",
        "name": "兆康公廁 Siu Hong Public Toilet",
        "name:en": "Siu Hong Public Toilet",
        "name:zh": "兆康公廁",
        "operation": "government",
        "operator": "食物環境衞生署 Food and Environmental Hygiene Department",
        "operator:en": "Food and Environmental Hygiene Department",
        "operator:ownership": "government",
        "operator:wikidata": "Q2355063",
        "operator:zh": "食物環境衞生署",
        "ownership": "government",
        "toilets:disposal": "flush",
        "wheelchair": "yes",
        "_osm_id": 669377248,
        "_osm_type": "way"
      },
      "geometry": {
        "type": "Polygon",
        "coordinates": [
          [
            [
              113.979664,
              22.4149384
            ],
            [
              113.9795422,
              22.4148757
            ],
            [
              113.9794399,
              22.414994
            ],
            [
              113.9795181,
              22.4150257
            ],
            [
              113.979664,
              22.4149384
            ]
          ]
        ]
      }
    },
    {
      "type": "Feature",
      "properties": {
        "access": "yes",
        "amenity": "toilets",
        "building": "yes",
        "building:levels": "1",
        "fee": "no",
        "name": "福亨村公廁 Fuk Hang Tsuen Public Toilet",
        "name:en": "Fuk Hang Tsuen Public Toilet",
        "name:zh": "福亨村公廁",
        "operator": "FEHD",
        "ref": "TM-94",
        "toilets:disposal": "flush",
        "wheelchair": "yes",
        "_osm_id": 675178985,
        "_osm_type": "way"
      },
      "geometry": {
        "type": "Polygon",
        "coordinates": [
          [
            [
              113.990583,
              22.417271
            ],
            [
              113.9905012,
              22.4172015
            ],
            [
              113.9905131,
              22.4171895
            ],
            [
              113.9904901,
              22.41717
            ],
            [
              113.99051,
              22.41715
            ],
            [
              113.9906148,
              22.417239
            ],
            [
              113.990583,
              22.417271
            ]
          ]
        ]
      }
    },
    {
      "type": "Feature",
      "properties": {
        "access": "yes",
        "amenity": "toilets",
        "building": "yes",
        "changing_table": "yes",
        "name": "崇謙堂公廁 Shung Him Tong Public Toilet",
        "name:en": "Shung Him Tong Public Toilet",
        "name:zh": "崇謙堂公廁",
        "operator": "食物環境衞生署 Food and Environmental Hygiene Department",
        "operator:en": "Food and Environmental Hygiene Department",
        "operator:short": "食環署 FEHD",
        "operator:short:en": "FEHD",
        "operator:short:zh": "食環署",
        "operator:short:zh-Hans": "食环署",
        "operator:short:zh-Hant": "食環署",
        "operator:wikidata": "Q2355063",
        "operator:zh": "食物環境衞生署",
        "operator:zh-Hans": "食物环境卫生署",
        "operator:zh-Hant": "食物環境衞生署",
        "ref": "N-73",
        "toilets:disposal": "flush",
        "toilets:position": "seated;squat;urinal",
        "unisex": "yes",
        "wheelchair": "yes",
        "_osm_id": 691574323,
        "_osm_type": "way"
      },
      "geometry": {
        "type": "Polygon",
        "coordinates": [
          [
            [
              114.1477326,
              22.4969698
            ],
            [
              114.1476847,
              22.4968838
            ],
            [
              114.1477383,
              22.4968583
            ],
            [
              114.1477862,
              22.4969443
            ],
            [
              114.1477326,
              22.4969698
            ]
          ]
        ]
      }
    },
    {
      "type": "Feature",
      "properties": {
        "access": "yes",
        "amenity": "toilets",
        "building": "yes",
        "building:levels": "1",
        "fee": "no",
        "name": "古洞(龍騰閣)公廁 Kwu Tung (Lung Tang Kok) Public Toilet",
        "name:en": "Kwu Tung (Lung Tang Kok) Public Toilet",
        "name:zh": "古洞(龍騰閣)公廁",
        "operator": "FEHD",
        "ref": "N-146",
        "toilets:disposal": "flush",
        "unisex": "yes",
        "wheelchair": "no",
        "_osm_id": 693470009,
        "_osm_type": "way"
      },
      "geometry": {
        "type": "Polygon",
        "coordinates": [
          [
            [
              114.1038498,
              22.5034986
            ],
            [
              114.1038482,
              22.5034612
            ],
            [
              114.103958,
              22.5034573
            ],
            [
              114.1039596,
              22.5034946
            ],
            [
              114.1038498,
              22.5034986
            ]
          ]
        ]
      }
    },
    {
      "type": "Feature",
      "properties": {
        "amenity": "toilets",
        "building": "yes",
        "changing_table": "yes",
        "name": "南涌(羅屋)公廁 Nam Chung (Lo Uk) Public Toilet",
        "name:en": "Nam Chung (Lo Uk) Public Toilet",
        "name:zh": "南涌（羅屋）公廁",
        "operator": "FEHD",
        "ref": "N-101",
        "source": "https://www.fehd.gov.hk/english/pleasant_environment/cleansing/list_of_public_toilets.html?district=NTIs",
        "toilets:disposal": "flush",
        "toilets:position": "seated;squat;urinal",
        "unisex": "yes",
        "wheelchair": "yes",
        "_osm_id": 693499629,
        "_osm_type": "way"
      },
      "geometry": {
        "type": "Polygon",
        "coordinates": [
          [
            [
              114.2076637,
              22.5182296
            ],
            [
              114.2076904,
              22.5182304
            ],
            [
              114.2076945,
              22.5181124
            ],
            [
              114.2076679,
              22.5181116
            ],
            [
              114.2076637,
              22.5182296
            ]
          ]
        ]
      }
    },
    {
      "type": "Feature",
      "properties": {
        "amenity": "toilets",
        "building": "yes",
        "name": "料壆村（南）公廁 Liu Pok Tsuen (South) Public Toilet",
        "name:en": "Liu Pok Tsuen (South) Public Toilet",
        "name:zh": "料壆村（南）公廁",
        "ref": "N-24",
        "toilets:disposal": "flush",
        "unisex": "yes",
        "wheelchair": "no",
        "wikimedia_commons": "File:Liu Pok Tsuen (South) Public Toilet (N-24) 2013.JPG",
        "_osm_id": 693999750,
        "_osm_type": "way"
      },
      "geometry": {
        "type": "Polygon",
        "coordinates": [
          [
            [
              114.1057535,
              22.5273057
            ],
            [
              114.1057497,
              22.527274
            ],
            [
              114.1058549,
              22.5272632
            ],
            [
              114.1058587,
              22.5272949
            ],
            [
              114.1057535,
              22.5273057
            ]
          ]
        ]
      }
    },
    {
      "type": "Feature",
      "properties": {
        "access": "yes",
        "amenity": "toilets",
        "building": "yes",
        "name": "料壆村(北)公廁 Liu Pok Tsuen (North) Public Toilet",
        "name:en": "Liu Pok Tsuen (North) Public Toilet",
        "name:zh": "料壆村（北）公廁",
        "ref": "N-23",
        "toilets:disposal": "flush",
        "unisex": "yes",
        "wheelchair": "no",
        "wikimedia_commons": "File:Liu Pok Tsuen Public Toilet (N-23) 2013.JPG",
        "_osm_id": 693999756,
        "_osm_type": "way"
      },
      "geometry": {
        "type": "Polygon",
        "coordinates": [
          [
            [
              114.1041574,
              22.5277074
            ],
            [
              114.1041401,
              22.5276877
            ],
            [
              114.1041991,
              22.5276434
            ],
            [
              114.1042164,
              22.5276631
            ],
            [
              114.1041574,
              22.5277074
            ]
          ]
        ]
      }
    },
    {
      "type": "Feature",
      "properties": {
        "access": "yes",
        "amenity": "toilets",
        "building": "yes",
        "fee": "no",
        "name": "上禾坑公廁 Sheung Wo Hang Public Toilet",
        "name:en": "Sheung Wo Hang Public Toilet",
        "name:zh": "上禾坑公廁",
        "operator": "FEHD",
        "ref": "N-104",
        "source": "https://www.fehd.gov.hk/english/pleasant_environment/cleansing/list_of_public_toilets.html?district=NTIs",
        "toilets:disposal": "flush",
        "toilets:position": "seated;squat;urinal",
        "unisex": "yes",
        "wheelchair": "no",
        "_osm_id": 694003395,
        "_osm_type": "way"
      },
      "geometry": {
        "type": "Polygon",
        "coordinates": [
          [
            [
              114.1943444,
              22.524556
            ],
            [
              114.1943202,
              22.5245167
            ],
            [
              114.1942978,
              22.5245285
            ],
            [
              114.194322,
              22.5245678
            ],
            [
              114.1943444,
              22.524556
            ]
          ]
        ]
      }
    },
    {
      "type": "Feature",
      "properties": {
        "access": "yes",
        "amenity": "toilets",
        "building": "yes",
        "fee": "no",
        "name": "打鼓嶺李屋村公廁 Ta Kwu Ling Lei Uk Tsuen Public Toilet",
        "operator": "FEHD",
        "ref": "N-119",
        "source": "https://www.fehd.gov.hk/english/pleasant_environment/cleansing/list_of_public_toilets.html?district=NTIs",
        "toilets:disposal": "flush",
        "toilets:position": "seated;squat;urinal",
        "unisex": "yes",
        "wheelchair": "no",
        "_osm_id": 694005216,
        "_osm_type": "way"
      },
      "geometry": {
        "type": "Polygon",
        "coordinates": [
          [
            [
              114.1491573,
              22.5351577
            ],
            [
              114.1491829,
              22.5351546
            ],
            [
              114.1491917,
              22.5352179
            ],
            [
              114.1491661,
              22.535221
            ],
            [
              114.1491573,
              22.5351577
            ]
          ]
        ]
      }
    },
    {
      "type": "Feature",
      "properties": {
        "access": "yes",
        "amenity": "toilets",
        "building": "yes",
        "fee": "no",
        "name": "週田(1)公廁 Chow Tin (1) Public Toilet",
        "name:en": "Chow Tin (1) Public Toilet",
        "name:zh": "週田(1)公廁",
        "operator": "FEHD",
        "ref": "N-112",
        "toilets:disposal": "flush",
        "unisex": "yes",
        "wheelchair": "yes",
        "_osm_id": 694005224,
        "_osm_type": "way"
      },
      "geometry": {
        "type": "Polygon",
        "coordinates": [
          [
            [
              114.1444836,
              22.5363517
            ],
            [
              114.1444479,
              22.5362325
            ],
            [
              114.1444097,
              22.5362422
            ],
            [
              114.1444193,
              22.5362742
            ],
            [
              114.1444253,
              22.5362726
            ],
            [
              114.1444514,
              22.5363599
            ],
            [
              114.1444836,
              22.5363517
            ]
          ]
        ]
      }
    },
    {
      "type": "Feature",
      "properties": {
        "amenity": "toilets",
        "building": "yes",
        "name": "馬尾下村公廁 Ma Mei Ha Tsuen Public Toilet",
        "name:en": "Ma Mei Ha Tsuen Public Toilet",
        "name:zh": "馬尾下村公廁",
        "operator": "FEHD",
        "ref": "N-66",
        "toilets:disposal": "flush",
        "unisex": "yes",
        "wheelchair": "yes",
        "_osm_id": 695922355,
        "_osm_type": "way"
      },
      "geometry": {
        "type": "Polygon",
        "coordinates": [
          [
            [
              114.1761861,
              22.5182631
            ],
            [
              114.1761194,
              22.5182264
            ],
            [
              114.1761062,
              22.5182469
            ],
            [
              114.1761729,
              22.5182836
            ],
            [
              114.1761861,
              22.5182631
            ]
          ]
        ]
      }
    },
    {
      "type": "Feature",
      "properties": {
        "access": "yes",
        "amenity": "toilets",
        "building": "yes",
        "fee": "no",
        "name": "鹿頸(黃屋)公廁 Luk Keng (Wong Uk) Public Toilet",
        "name:en": "Luk Keng (Wong Uk) Public Toilet",
        "name:zh": "鹿頸（黃屋）公廁",
        "operator": "FEHD",
        "ref": "N-97",
        "source": "https://www.fehd.gov.hk/english/pleasant_environment/cleansing/list_of_public_toilets.html?district=NTIs",
        "toilets:disposal": "flush",
        "toilets:position": "seated;squat;urinal",
        "unisex": "yes",
        "wheelchair": "no",
        "_osm_id": 696282403,
        "_osm_type": "way"
      },
      "geometry": {
        "type": "Polygon",
        "coordinates": [
          [
            [
              114.2151764,
              22.5204072
            ],
            [
              114.2151775,
              22.5204288
            ],
            [
              114.2152407,
              22.520426
            ],
            [
              114.2152396,
              22.5204044
            ],
            [
              114.2151764,
              22.5204072
            ]
          ]
        ]
      }
    },
    {
      "type": "Feature",
      "properties": {
        "access": "yes",
        "amenity": "toilets",
        "building": "yes",
        "changing_table": "yes",
        "fee": "no",
        "name": "龍運街公廁 Lung Wan Street Public Toilet",
        "name:en": "Lung Wan Street Public Toilet",
        "name:zh": "龍運街公廁",
        "operator": "食物環境衞生署 Food and Environmental Hygiene Department",
        "operator:en": "Food and Environmental Hygiene Department",
        "operator:short": "食環署 FEHD",
        "operator:short:en": "FEHD",
        "operator:short:zh": "食環署",
        "operator:short:zh-Hans": "食环署",
        "operator:short:zh-Hant": "食環署",
        "operator:wikidata": "Q2355063",
        "operator:zh": "食物環境衞生署",
        "operator:zh-Hans": "食物环境卫生署",
        "operator:zh-Hant": "食物環境衞生署",
        "ref": "N-154",
        "source": "https://www.fehd.gov.hk/english/pleasant_environment/cleansing/list_of_public_toilets.html?district=NTIs",
        "toilets:disposal": "flush",
        "toilets:position": "seated;squat;urinal",
        "unisex": "yes",
        "wheelchair": "yes",
        "_osm_id": 704112192,
        "_osm_type": "way"
      },
      "geometry": {
        "type": "Polygon",
        "coordinates": [
          [
            [
              114.128508,
              22.5024858
            ],
            [
              114.1284463,
              22.5023741
            ],
            [
              114.1285064,
              22.5023458
            ],
            [
              114.1285681,
              22.5024575
            ],
            [
              114.128508,
              22.5024858
            ]
          ]
        ]
      }
    },
    {
      "type": "Feature",
      "properties": {
        "addr:housenumber": "8-10",
        "addr:street": "安邦路 On Pong Road",
        "addr:street:en": "On Pong Road",
        "addr:street:zh": "安邦路",
        "building": "retail",
        "building:function": "podium",
        "building:levels": "2",
        "elevator": "yes",
        "elevator:wheelchair": "yes",
        "layer": "1",
        "mall": "yes",
        "name": "大埔超級城B區 Tai Po Mega Mall Zone B",
        "name:en": "Tai Po Mega Mall Zone B",
        "name:zh": "大埔超級城B區",
        "ref": "B",
        "toilets:wheelchair": "limited",
        "wheelchair": "limited",
        "wheelchair:description": "Door difficult to hold open",
        "wheelchair:description:en": "Door difficult to hold open",
        "wheelchair:description:zh": "門難保持開門",
        "_osm_id": 722259933,
        "_osm_type": "way"
      },
      "geometry": {
        "type": "Polygon",
        "coordinates": [
          [
            [
              114.168894,
              22.4513583
            ],
            [
              114.1695084,
              22.4513575
            ],
            [
              114.1713676,
              22.4513552
            ],
            [
              114.1713658,
              22.4518253
            ],
            [
              114.1713424,
              22.4518251
            ],
            [
              114.1713424,
              22.4518817
            ],
            [
              114.1710386,
              22.451882
            ],
            [
              114.1710383,
              22.4516638
            ],
            [
              114.1708258,
              22.451664
            ],
            [
              114.1708261,
              22.4518529
            ],
            [
              114.1707678,
              22.4518521
            ],
            [
              114.1707673,
              22.4518774
            ],
            [
              114.1706393,
              22.4518781
            ],
            [
              114.1706389,
              22.4518253
            ],
            [
              114.1705707,
              22.4518244
            ],
            [
              114.1705691,
              22.4518548
            ],
            [
              114.1704544,
              22.451855
            ],
            [
              114.1704539,
              22.4518254
            ],
            [
              114.1704417,
              22.4518245
            ],
            [
              114.170442,
              22.4518728
            ],
            [
              114.170392,
              22.4518736
            ],
            [
              114.1703929,
              22.4518548
            ],
            [
              114.1703651,
              22.4518548
            ],
            [
              114.1703652,
              22.4518732
            ],
            [
              114.1703143,
              22.4518729
            ],
            [
              114.1703165,
              22.451825
            ],
            [
              114.1702875,
              22.4518253
            ],
            [
              114.1702868,
              22.4518775
            ],
            [
              114.1698249,
              22.4518783
            ],
            [
              114.1698252,
              22.4518244
            ],
            [
              114.1697926,
              22.4518247
            ],
            [
              114.1697939,
              22.4518757
            ],
            [
              114.1697356,
              22.4518754
            ],
            [
              114.1697364,
              22.451842
            ],
            [
              114.1697134,
              22.4518405
            ],
            [
              114.1697121,
              22.4518754
            ],
            [
              114.1696668,
              22.451877
            ],
            [
              114.1696674,
              22.4518263
            ],
            [
              114.1696436,
              22.4518261
            ],
            [
              114.1696435,
              22.4518509
            ],
            [
              114.1695836,
              22.4518515
            ],
            [
              114.1695837,
              22.4518782
            ],
            [
              114.1689197,
              22.4518737
            ],
            [
              114.1689198,
              22.4518273
            ],
            [
              114.168893,
              22.4518281
            ],
            [
              114.168894,
              22.4513583
            ]
          ]
        ]
      }
    },
    {
      "type": "Feature",
      "properties": {
        "access": "yes",
        "amenity": "toilets",
        "building": "yes",
        "changing_table": "yes",
        "fee": "no",
        "name": "粉嶺車站路公廁 Fanling Station Road Public Toilet",
        "name:en": "Fanling Station Road Public Toilet",
        "name:zh": "粉嶺車站路公廁",
        "operator": "FEHD",
        "ref": "N-150",
        "toilets:disposal": "flush",
        "unisex": "yes",
        "wheelchair": "yes",
        "_osm_id": 722658614,
        "_osm_type": "way"
      },
      "geometry": {
        "type": "Polygon",
        "coordinates": [
          [
            [
              114.1379883,
              22.4930008
            ],
            [
              114.1379936,
              22.4929048
            ],
            [
              114.1380585,
              22.4929079
            ],
            [
              114.1380531,
              22.4930039
            ],
            [
              114.1379883,
              22.4930008
            ]
          ]
        ]
      }
    },
    {
      "type": "Feature",
      "properties": {
        "access": "yes",
        "amenity": "toilets",
        "building": "yes",
        "changing_table": "yes",
        "fee": "no",
        "name": "石湖墟公廁 Shek Wu Hui Public Toilet",
        "name:en": "Shek Wu Hui Public Toilet",
        "name:zh": "石湖墟公廁",
        "operator": "食物環境衞生署 Food and Environmental Hygiene Department",
        "operator:en": "Food and Environmental Hygiene Department",
        "operator:short": "食環署 FEHD",
        "operator:short:en": "FEHD",
        "operator:short:zh": "食環署",
        "operator:short:zh-Hans": "食环署",
        "operator:short:zh-Hant": "食環署",
        "operator:wikidata": "Q2355063",
        "operator:zh": "食物環境衞生署",
        "operator:zh-Hans": "食物环境卫生署",
        "operator:zh-Hant": "食物環境衞生署",
        "panoramax": "39c70a7d-1570-48c6-9cb7-d9253d41e7eb",
        "ref": "N-156",
        "toilets:disposal": "flush",
        "toilets:position": "seated;squat;urinal",
        "unisex": "yes",
        "wheelchair": "yes",
        "wikimedia_commons": "File:Shek Wu Hui Public Toilet (N-156) 2016.JPG",
        "_osm_id": 722660297,
        "_osm_type": "way"
      },
      "geometry": {
        "type": "Polygon",
        "coordinates": [
          [
            [
              114.1260392,
              22.5042519
            ],
            [
              114.1261109,
              22.5042273
            ],
            [
              114.1260808,
              22.5041476
            ],
            [
              114.1260226,
              22.5040776
            ],
            [
              114.1259613,
              22.5041227
            ],
            [
              114.126014,
              22.5041863
            ],
            [
              114.1260392,
              22.5042519
            ]
          ]
        ]
      }
    },
    {
      "type": "Feature",
      "properties": {
        "access": "yes",
        "addr:place": "竹園村 Chuk Yuen Village",
        "addr:place:en": "Chuk Yuen Village",
        "addr:place:zh": "竹園村",
        "amenity": "toilets",
        "building": "yes",
        "building:levels": "1",
        "changing_table": "yes",
        "fee": "no",
        "name": "竹園村公廁 Chuk Yuen Village Public Toilet",
        "name:en": "Chuk Yuen Village Public Toilet",
        "name:zh": "竹園村公廁",
        "operator": "食物環境衞生署 Food and Environmental Hygiene Department",
        "operator:en": "Food and Environmental Hygiene Department",
        "operator:type": "government",
        "operator:wikidata": "Q2355063",
        "operator:zh": "食物環境衞生署",
        "ownership": "government",
        "ref": "N-110",
        "roof:levels": "1",
        "roof:shape": "flat",
        "toilets:disposal": "flush",
        "unisex": "yes",
        "wheelchair": "yes",
        "wikimedia_commons": "File:Chuk Yuen Village Public Toilet (N-110) 2016.JPG",
        "_osm_id": 722685082,
        "_osm_type": "way"
      },
      "geometry": {
        "type": "Polygon",
        "coordinates": [
          [
            [
              114.1554042,
              22.5456031
            ],
            [
              114.1554205,
              22.5455461
            ],
            [
              114.1554692,
              22.545558
            ],
            [
              114.155517,
              22.5455696
            ],
            [
              114.1555008,
              22.5456265
            ],
            [
              114.1554042,
              22.5456031
            ]
          ]
        ]
      }
    },
    {
      "type": "Feature",
      "properties": {
        "access": "yes",
        "amenity": "toilets",
        "building": "yes",
        "changing_table": "yes",
        "name": "新屋嶺公廁 San Uk Ling Public Toilet",
        "operator": "FEHD",
        "ref": "N-33",
        "source": "https://www.fehd.gov.hk/english/pleasant_environment/cleansing/list_of_public_toilets.html?district=NTIs",
        "toilets:disposal": "flush",
        "toilets:position": "seated;squat;urinal",
        "unisex": "yes",
        "wheelchair": "yes",
        "_osm_id": 722686939,
        "_osm_type": "way"
      },
      "geometry": {
        "type": "Polygon",
        "coordinates": [
          [
            [
              114.1324923,
              22.5351684
            ],
            [
              114.1325083,
              22.53515
            ],
            [
              114.1324712,
              22.5351224
            ],
            [
              114.1324552,
              22.5351408
            ],
            [
              114.1324923,
              22.5351684
            ]
          ]
        ]
      }
    },
    {
      "type": "Feature",
      "properties": {
        "access": "yes",
        "amenity": "toilets",
        "building": "yes",
        "fee": "no",
        "name": "坑頭聯安橋公廁 Hang Tau Luen On Bridge Public Toilet",
        "name:en": "Hang Tau Luen On Bridge Public Toilet",
        "name:zh": "坑頭聯安橋公廁",
        "operator": "FEHD",
        "ref": "N-130",
        "toilets:disposal": "flush",
        "unisex": "yes",
        "wheelchair": "no",
        "_osm_id": 722700748,
        "_osm_type": "way"
      },
      "geometry": {
        "type": "Polygon",
        "coordinates": [
          [
            [
              114.1014409,
              22.4876987
            ],
            [
              114.1014251,
              22.4876712
            ],
            [
              114.1013376,
              22.4877142
            ],
            [
              114.1013534,
              22.4877417
            ],
            [
              114.1014409,
              22.4876987
            ]
          ]
        ]
      }
    },
    {
      "type": "Feature",
      "properties": {
        "access": "yes",
        "amenity": "toilets",
        "building": "yes",
        "fee": "no",
        "name": "南涌公廁 Nam Chung Public Toilet",
        "name:en": "Nam Chung Public Toilet",
        "name:zh": "南涌公廁",
        "operator": "FEHD",
        "ref": "N-100",
        "source": "https://www.fehd.gov.hk/english/pleasant_environment/cleansing/list_of_public_toilets.html?district=NTIs",
        "toilets:disposal": "flush",
        "toilets:position": "seated;squat;urinal",
        "unisex": "yes",
        "wheelchair": "no",
        "_osm_id": 722716638,
        "_osm_type": "way"
      },
      "geometry": {
        "type": "Polygon",
        "coordinates": [
          [
            [
              114.2085728,
              22.5243725
            ],
            [
              114.2085588,
              22.5243572
            ],
            [
              114.2085944,
              22.5243292
            ],
            [
              114.2086085,
              22.5243445
            ],
            [
              114.2085728,
              22.5243725
            ]
          ]
        ]
      }
    },
    {
      "type": "Feature",
      "properties": {
        "access": "yes",
        "amenity": "toilets",
        "building": "yes",
        "fee": "no",
        "name": "鹿頸公廁 Luk Keng Public Toilet",
        "name:en": "Luk Keng Public Toilet",
        "name:zh": "鹿頸公廁",
        "operator": "FEHD",
        "ref": "N-96",
        "source": "https://www.fehd.gov.hk/english/pleasant_environment/cleansing/list_of_public_toilets.html?district=NTIs",
        "toilets:disposal": "flush",
        "toilets:position": "seated;squat;urinal",
        "unisex": "yes",
        "wheelchair": "no",
        "_osm_id": 722716641,
        "_osm_type": "way"
      },
      "geometry": {
        "type": "Polygon",
        "coordinates": [
          [
            [
              114.2154198,
              22.5244547
            ],
            [
              114.2154028,
              22.524407
            ],
            [
              114.2153861,
              22.5243598
            ],
            [
              114.2153482,
              22.5243713
            ],
            [
              114.2153818,
              22.5244662
            ],
            [
              114.2154198,
              22.5244547
            ]
          ]
        ]
      }
    },
    {
      "type": "Feature",
      "properties": {
        "access": "yes",
        "amenity": "toilets",
        "building": "yes",
        "fee": "no",
        "name": "文錦渡公廁 Man Kam To Public Toilet",
        "name:en": "Man Kam To Public Toilet",
        "name:zh": "文錦渡公廁",
        "operator": "FEHD",
        "ref": "N-153",
        "toilets:disposal": "flush",
        "wheelchair": "yes",
        "_osm_id": 724275064,
        "_osm_type": "way"
      },
      "geometry": {
        "type": "Polygon",
        "coordinates": [
          [
            [
              114.1308142,
              22.5343923
            ],
            [
              114.1308161,
              22.534408
            ],
            [
              114.130811,
              22.5344085
            ],
            [
              114.130825,
              22.5345239
            ],
            [
              114.1308559,
              22.5345207
            ],
            [
              114.13084,
              22.5343896
            ],
            [
              114.1308142,
              22.5343923
            ]
          ]
        ]
      }
    },
    {
      "type": "Feature",
      "properties": {
        "access": "yes",
        "addr:street": "元朗舊墟路 Yuen Long Kau Hui Road",
        "addr:street:en": "Yuen Long Kau Hui Road",
        "addr:street:zh": "元朗舊墟路",
        "amenity": "toilets",
        "building": "civic",
        "fee": "no",
        "female": "yes",
        "male": "yes",
        "name": "南邊圍公廁 Nam Pin Wai Public Toilet",
        "name:en": "Nam Pin Wai Public Toilet",
        "name:zh": "南邊圍公廁",
        "operator": "FEHD",
        "toilets:disposal": "flush",
        "wheelchair": "yes",
        "_osm_id": 761639483,
        "_osm_type": "way"
      },
      "geometry": {
        "type": "Polygon",
        "coordinates": [
          [
            [
              114.033943,
              22.4474025
            ],
            [
              114.0339238,
              22.4473405
            ],
            [
              114.0340323,
              22.4473118
            ],
            [
              114.0340515,
              22.4473738
            ],
            [
              114.033943,
              22.4474025
            ]
          ]
        ]
      }
    },
    {
      "type": "Feature",
      "properties": {
        "access": "yes",
        "amenity": "toilets",
        "building": "yes",
        "fee": "no",
        "name": "雞嶺村公廁 Kai Leng Tsuen Public Toilet",
        "name:en": "Kai Leng Tsuen Public Toilet",
        "name:zh": "雞嶺村公廁",
        "operator": "食物環境衞生署 Food and Environmental Hygiene Department",
        "operator:en": "Food and Environmental Hygiene Department",
        "operator:short": "食環署 FEHD",
        "operator:short:en": "FEHD",
        "operator:short:zh": "食環署",
        "operator:short:zh-Hans": "食环署",
        "operator:short:zh-Hant": "食環署",
        "operator:wikidata": "Q2355063",
        "operator:zh": "食物環境衞生署",
        "operator:zh-Hans": "食物环境卫生署",
        "operator:zh-Hant": "食物環境衞生署",
        "ref": "N-12",
        "toilets:disposal": "flush",
        "wheelchair": "no",
        "_osm_id": 765909213,
        "_osm_type": "way"
      },
      "geometry": {
        "type": "Polygon",
        "coordinates": [
          [
            [
              114.1291258,
              22.4939599
            ],
            [
              114.1291361,
              22.4939374
            ],
            [
              114.1291984,
              22.4939618
            ],
            [
              114.1291881,
              22.4939843
            ],
            [
              114.1291258,
              22.4939599
            ]
          ]
        ]
      }
    },
    {
      "type": "Feature",
      "properties": {
        "access": "yes",
        "amenity": "toilets",
        "building": "yes",
        "fee": "no",
        "name": "下麻雀嶺公廁 Ha Ma Tseuk Leng Public Toilet",
        "name:en": "Ha Ma Tseuk Leng Public Toilet",
        "name:zh": "下麻雀嶺公廁",
        "operator": "FEHD",
        "ref": "N-108",
        "toilets:disposal": "flush",
        "wheelchair": "no",
        "_osm_id": 767852606,
        "_osm_type": "way"
      },
      "geometry": {
        "type": "Polygon",
        "coordinates": [
          [
            [
              114.2020199,
              22.5316163
            ],
            [
              114.2020307,
              22.5315862
            ],
            [
              114.2021248,
              22.5316149
            ],
            [
              114.202114,
              22.5316451
            ],
            [
              114.2020199,
              22.5316163
            ]
          ]
        ]
      }
    },
    {
      "type": "Feature",
      "properties": {
        "access": "yes",
        "amenity": "toilets",
        "building": "yes",
        "changing_table": "yes",
        "fee": "no",
        "name": "上麻雀嶺公廁 Sheung Ma Tseuk Leng Public Toilet",
        "name:en": "Sheung Ma Tseuk Leng Public Toilet",
        "name:zh": "上麻雀嶺公廁",
        "operator": "FEHD",
        "ref": "N-103",
        "toilets:disposal": "flush",
        "wheelchair": "yes",
        "_osm_id": 767852607,
        "_osm_type": "way"
      },
      "geometry": {
        "type": "Polygon",
        "coordinates": [
          [
            [
              114.2003474,
              22.5327442
            ],
            [
              114.2003194,
              22.5327361
            ],
            [
              114.2003117,
              22.5327589
            ],
            [
              114.2002509,
              22.5327414
            ],
            [
              114.2002432,
              22.5327642
            ],
            [
              114.2003319,
              22.5327898
            ],
            [
              114.2003474,
              22.5327442
            ]
          ]
        ]
      }
    },
    {
      "type": "Feature",
      "properties": {
        "access": "yes",
        "amenity": "toilets",
        "building": "yes",
        "fee": "no",
        "name": "蕉徑老圍公廁 Tsiu Keng Lo Wai Public Toilet",
        "name:en": "Tsiu Keng Lo Wai Public Toilet",
        "name:zh": "蕉徑老圍公廁",
        "operator": "FEHD",
        "ref": "N-42",
        "toilets:disposal": "flush",
        "wheelchair": "no",
        "_osm_id": 772136080,
        "_osm_type": "way"
      },
      "geometry": {
        "type": "Polygon",
        "coordinates": [
          [
            [
              114.1060453,
              22.4772765
            ],
            [
              114.1060839,
              22.4772754
            ],
            [
              114.1060809,
              22.4771856
            ],
            [
              114.1060423,
              22.4771867
            ],
            [
              114.1060453,
              22.4772765
            ]
          ]
        ]
      }
    },
    {
      "type": "Feature",
      "properties": {
        "access": "yes",
        "amenity": "toilets",
        "building": "yes",
        "fee": "no",
        "name": "丙崗村公廁 Ping Kong Tsuen Public Toilet",
        "name:en": "Ping Kong Tsuen Public Toilet",
        "name:zh": "丙崗村公廁",
        "operator": "FEHD",
        "ref": "N-31",
        "toilets:disposal": "flush",
        "unisex": "yes",
        "wheelchair": "no",
        "_osm_id": 780983283,
        "_osm_type": "way"
      },
      "geometry": {
        "type": "Polygon",
        "coordinates": [
          [
            [
              114.1234157,
              22.4901502
            ],
            [
              114.1234324,
              22.4901317
            ],
            [
              114.1233755,
              22.4900879
            ],
            [
              114.1233588,
              22.4901064
            ],
            [
              114.1234157,
              22.4901502
            ]
          ]
        ]
      }
    },
    {
      "type": "Feature",
      "properties": {
        "access": "yes",
        "amenity": "toilets",
        "building": "yes",
        "name": "坑頭路公廁 Hang Tau Road Public Toilet",
        "name:en": "Hang Tau Road Public Toilet",
        "name:zh": "坑頭路公廁",
        "operator": "食物環境衞生署 Food and Environmental Hygiene Department",
        "operator:en": "Food and Environmental Hygiene Department",
        "operator:short": "食環署 FEHD",
        "operator:short:en": "FEHD",
        "operator:short:zh": "食環署",
        "operator:short:zh-Hans": "食环署",
        "operator:short:zh-Hant": "食環署",
        "operator:wikidata": "Q2355063",
        "operator:zh": "食物環境衞生署",
        "operator:zh-Hans": "食物环境卫生署",
        "operator:zh-Hant": "食物環境衞生署",
        "ref": "N-5",
        "toilets:disposal": "flush",
        "unisex": "yes",
        "wheelchair": "yes",
        "_osm_id": 781719977,
        "_osm_type": "way"
      },
      "geometry": {
        "type": "Polygon",
        "coordinates": [
          [
            [
              114.1039767,
              22.4961476
            ],
            [
              114.1040075,
              22.4960582
            ],
            [
              114.1040378,
              22.4960671
            ],
            [
              114.104007,
              22.4961565
            ],
            [
              114.1039767,
              22.4961476
            ]
          ]
        ]
      }
    },
    {
      "type": "Feature",
      "properties": {
        "access": "yes",
        "amenity": "toilets",
        "building": "yes",
        "building:levels": "1",
        "fee": "no",
        "name": "河上鄉公廁(III) Ho Sheung Heung Public Toilet (III)",
        "name:en": "Ho Sheung Heung Public Toilet (III)",
        "name:zh": "河上鄉公廁(III)",
        "operator": "FEHD",
        "panoramax": "9e91057b-d38d-40d9-9c23-474c84eee464",
        "ref": "N-159",
        "source_ref": "https://photos.app.goo.gl/1K97jEMWJ2xr7e7T7",
        "toilets:disposal": "flush",
        "toilets:position": "seated;squat;urinal",
        "wheelchair": "yes",
        "_osm_id": 784409700,
        "_osm_type": "way"
      },
      "geometry": {
        "type": "Polygon",
        "coordinates": [
          [
            [
              114.1109525,
              22.5110517
            ],
            [
              114.111039,
              22.5109595
            ],
            [
              114.1109648,
              22.5109001
            ],
            [
              114.1108783,
              22.5109923
            ],
            [
              114.1109525,
              22.5110517
            ]
          ]
        ]
      }
    },
    {
      "type": "Feature",
      "properties": {
        "access": "yes",
        "amenity": "toilets",
        "building": "yes",
        "fee": "no",
        "name": "河上鄉舊村公廁(II) Ho Sheung Heung Old Village Public Toilet (II)",
        "name:en": "Ho Sheung Heung Old Village Public Toilet (II)",
        "name:zh": "河上鄉舊村公廁(II)",
        "operator": "FEHD",
        "ref": "N-9",
        "toilets:disposal": "flush",
        "toilets:position": "seated;squat;urinal",
        "wheelchair": "no",
        "wikimedia_commons": "File:HK 香港北區 North District 本地遊 行山 Hiking 河上鄉排峰路 Ho Sheung Heung Pai Fung Road public toilets near 居石侯公祠 Hau Ku Shek Ancestral Hall November 2020 SS2.jpg",
        "_osm_id": 784409722,
        "_osm_type": "way"
      },
      "geometry": {
        "type": "Polygon",
        "coordinates": [
          [
            [
              114.1101679,
              22.5107941
            ],
            [
              114.1101426,
              22.5107153
            ],
            [
              114.1101157,
              22.5107227
            ],
            [
              114.110141,
              22.5108015
            ],
            [
              114.1101679,
              22.5107941
            ]
          ]
        ]
      }
    },
    {
      "type": "Feature",
      "properties": {
        "access": "yes",
        "amenity": "toilets",
        "building": "yes",
        "changing_table": "no",
        "name": "燕崗公廁 (1) Yin Kong (1) Public Toilet",
        "name:en": "Yin Kong (1) Public Toilet",
        "name:yue": "燕崗公廁 (1)",
        "ref": "N-46",
        "source": "https://www.fehd.gov.hk/english/pleasant_environment/cleansing/list_of_public_toilets.html?district=NTIs",
        "toilets:disposal": "flush",
        "toilets:position": "At_side_of_baskeball_court;Yin_Kong_Tsuen;Sheung_Shui",
        "unisex": "yes",
        "wheelchair": "no",
        "_osm_id": 784457871,
        "_osm_type": "way"
      },
      "geometry": {
        "type": "Polygon",
        "coordinates": [
          [
            [
              114.1119465,
              22.504745
            ],
            [
              114.1119434,
              22.5047201
            ],
            [
              114.1120234,
              22.5047116
            ],
            [
              114.1120264,
              22.5047365
            ],
            [
              114.1119465,
              22.504745
            ]
          ]
        ]
      }
    },
    {
      "type": "Feature",
      "properties": {
        "access": "yes",
        "amenity": "toilets",
        "building": "yes",
        "fee": "no",
        "name": "燕崗公廁 (2) Yin Kong (2) Public Toilet",
        "name:en": "Yin Kong (2) Public Toilet",
        "name:zh": "燕崗公廁 (2)",
        "operator": "FEHD",
        "ref": "N-47",
        "toilets:disposal": "flush",
        "unisex": "yes",
        "wheelchair": "no",
        "_osm_id": 784457890,
        "_osm_type": "way"
      },
      "geometry": {
        "type": "Polygon",
        "coordinates": [
          [
            [
              114.11111,
              22.5047892
            ],
            [
              114.1111251,
              22.504766
            ],
            [
              114.1110497,
              22.5047241
            ],
            [
              114.1110346,
              22.5047474
            ],
            [
              114.11111,
              22.5047892
            ]
          ]
        ]
      }
    },
    {
      "type": "Feature",
      "properties": {
        "access": "yes",
        "amenity": "toilets",
        "building": "yes",
        "fee": "no",
        "name": "羅屋村公廁 Lo Uk Tsuen Public Toilet",
        "name:en": "Lo Uk Tsuen Public Toilet",
        "name:zh": "羅屋村公廁",
        "operator": "FEHD",
        "ref": "YL-52",
        "toilets:disposal": "flush",
        "unisex": "yes",
        "wheelchair": "yes",
        "_osm_id": 795522546,
        "_osm_type": "way"
      },
      "geometry": {
        "type": "Polygon",
        "coordinates": [
          [
            [
              114.0943242,
              22.4399022
            ],
            [
              114.094348,
              22.4398249
            ],
            [
              114.0943195,
              22.4398174
            ],
            [
              114.0942957,
              22.4398947
            ],
            [
              114.0943242,
              22.4399022
            ]
          ]
        ]
      }
    },
    {
      "type": "Feature",
      "properties": {
        "access": "yes",
        "amenity": "toilets",
        "building": "yes",
        "fee": "no",
        "name": "粉嶺虎地排公廁 Fanling Fu Tei Pai Public Toilet",
        "name:en": "Fanling Fu Tei Pai Public Toilet",
        "name:zh": "粉嶺虎地排公廁",
        "operator": "FEHD",
        "ref": "N-53",
        "toilets:disposal": "flush",
        "wheelchair": "no",
        "_osm_id": 795538693,
        "_osm_type": "way"
      },
      "geometry": {
        "type": "Polygon",
        "coordinates": [
          [
            [
              114.161787,
              22.5067203
            ],
            [
              114.1618524,
              22.5066906
            ],
            [
              114.1618407,
              22.5066686
            ],
            [
              114.1617753,
              22.5066983
            ],
            [
              114.161787,
              22.5067203
            ]
          ]
        ]
      }
    },
    {
      "type": "Feature",
      "properties": {
        "access": "yes",
        "amenity": "toilets",
        "building": "yes",
        "fee": "no",
        "name": "鳳凰湖村公廁 Fung Wong Wu Village Public Toilet",
        "name:en": "Fung Wong Wu Village Public Toilet",
        "name:zh": "鳳凰湖村公廁",
        "operator": "FEHD",
        "ref": "N-155",
        "toilets:disposal": "flush",
        "wheelchair": "yes",
        "_osm_id": 795538697,
        "_osm_type": "way"
      },
      "geometry": {
        "type": "Polygon",
        "coordinates": [
          [
            [
              114.146685,
              22.5374054
            ],
            [
              114.1467231,
              22.5373205
            ],
            [
              114.1466925,
              22.5373088
            ],
            [
              114.1466544,
              22.5373936
            ],
            [
              114.146685,
              22.5374054
            ]
          ]
        ]
      }
    },
    {
      "type": "Feature",
      "properties": {
        "access": "yes",
        "amenity": "toilets",
        "building": "yes",
        "building:levels": "1",
        "fee": "no",
        "name": "古洞(水塘坑)公廁 Kwu Tung (Shui Tong Hang) Public Toilet",
        "name:en": "Kwu Tung (Shui Tong Hang) Public Toilet",
        "name:zh": "古洞(水塘坑)公廁",
        "operator": "食物環境衞生署 Food and Environmental Hygiene Department",
        "operator:en": "Food and Environmental Hygiene Department",
        "operator:short": "食環署 FEHD",
        "operator:short:en": "FEHD",
        "operator:short:zh": "食環署",
        "operator:short:zh-Hans": "食环署",
        "operator:short:zh-Hant": "食環署",
        "operator:wikidata": "Q2355063",
        "operator:zh": "食物環境衞生署",
        "operator:zh-Hans": "食物环境卫生署",
        "operator:zh-Hant": "食物環境衞生署",
        "ref": "N-141",
        "toilets:disposal": "flush",
        "wheelchair": "yes",
        "_osm_id": 795538699,
        "_osm_type": "way"
      },
      "geometry": {
        "type": "Polygon",
        "coordinates": [
          [
            [
              114.0988008,
              22.4998586
            ],
            [
              114.0988188,
              22.4998317
            ],
            [
              114.0987341,
              22.4997832
            ],
            [
              114.0987161,
              22.4998101
            ],
            [
              114.0988008,
              22.4998586
            ]
          ]
        ]
      }
    },
    {
      "type": "Feature",
      "properties": {
        "access": "yes",
        "amenity": "toilets",
        "building": "yes",
        "changing_table": "yes",
        "fee": "no",
        "name": "坪洋舊村公廁 Ping Yeung Old Village Public Toilet",
        "name:en": "Ping Yeung Old Village Public Toilet",
        "name:zh": "坪洋舊村公廁",
        "operator": "FEHD",
        "ref": "N-151",
        "toilets:disposal": "flush",
        "unisex": "yes",
        "wheelchair": "yes",
        "_osm_id": 795554189,
        "_osm_type": "way"
      },
      "geometry": {
        "type": "Polygon",
        "coordinates": [
          [
            [
              114.162668,
              22.5350856
            ],
            [
              114.1626768,
              22.5350539
            ],
            [
              114.1627201,
              22.5350641
            ],
            [
              114.1627818,
              22.5350788
            ],
            [
              114.1627729,
              22.5351105
            ],
            [
              114.162668,
              22.5350856
            ]
          ]
        ]
      }
    },
    {
      "type": "Feature",
      "properties": {
        "access": "yes",
        "amenity": "toilets",
        "building": "yes",
        "fee": "no",
        "name": "下山雞乙(1)公廁 Ha Shan Kai Wat (1) Public Toilet",
        "name:en": "Ha Shan Kai Wat (1) Public Toilet",
        "name:zh": "下山雞乙(1)公廁",
        "operator": "FEHD",
        "ref": "N-114",
        "toilets:disposal": "flush",
        "unisex": "yes",
        "wheelchair": "no",
        "_osm_id": 795554201,
        "_osm_type": "way"
      },
      "geometry": {
        "type": "Polygon",
        "coordinates": [
          [
            [
              114.154155,
              22.5224055
            ],
            [
              114.1541579,
              22.5223815
            ],
            [
              114.1540921,
              22.5223747
            ],
            [
              114.15409,
              22.522392
            ],
            [
              114.1540831,
              22.5223913
            ],
            [
              114.1540823,
              22.522398
            ],
            [
              114.154155,
              22.5224055
            ]
          ]
        ]
      }
    },
    {
      "type": "Feature",
      "properties": {
        "access": "yes",
        "amenity": "toilets",
        "building": "yes",
        "changing_table": "yes",
        "fee": "no",
        "name": "元下村公廁 Yuen Ha Tsuen Public Toilet",
        "name:en": "Yuen Ha Tsuen Public Toilet",
        "name:yue": "元下村公廁",
        "name:zh": "元下村公廁",
        "operator": "FEHD",
        "ref": "N-129",
        "toilets:disposal": "flush",
        "toilets:position": "seated;squat;urinal",
        "wheelchair": "yes",
        "_osm_id": 795561565,
        "_osm_type": "way"
      },
      "geometry": {
        "type": "Polygon",
        "coordinates": [
          [
            [
              114.1572415,
              22.5276078
            ],
            [
              114.1572311,
              22.5275738
            ],
            [
              114.1573546,
              22.5275417
            ],
            [
              114.1573669,
              22.527582
            ],
            [
              114.1573307,
              22.5275914
            ],
            [
              114.1573288,
              22.5275851
            ],
            [
              114.1572415,
              22.5276078
            ]
          ]
        ]
      }
    },
    {
      "type": "Feature",
      "properties": {
        "access": "yes",
        "amenity": "toilets",
        "building": "yes",
        "building:levels": "1",
        "name": "大頭嶺公廁 Tai Tau Leng Public Toilet",
        "name:en": "Tai Tau Leng Public Toilet",
        "name:zh": "大頭嶺公廁",
        "operator": "食物環境衞生署 Food and Environmental Hygiene Department",
        "operator:en": "Food and Environmental Hygiene Department",
        "operator:short": "食環署 FEHD",
        "operator:short:en": "FEHD",
        "operator:short:zh": "食環署",
        "operator:short:zh-Hans": "食环署",
        "operator:short:zh-Hant": "食環署",
        "operator:wikidata": "Q2355063",
        "operator:zh": "食物環境衞生署",
        "operator:zh-Hans": "食物环境卫生署",
        "operator:zh-Hant": "食物環境衞生署",
        "ref": "N-40",
        "toilets:disposal": "flush",
        "wheelchair": "no",
        "wikimedia_commons": "File:Tai Tau Leng (2) Public Toilet (N-40) 2010.jpg",
        "_osm_id": 799112388,
        "_osm_type": "way"
      },
      "geometry": {
        "type": "Polygon",
        "coordinates": [
          [
            [
              114.1231788,
              22.5022897
            ],
            [
              114.123206,
              22.5022101
            ],
            [
              114.123239,
              22.5022197
            ],
            [
              114.1232118,
              22.5022993
            ],
            [
              114.1231788,
              22.5022897
            ]
          ]
        ]
      }
    },
    {
      "type": "Feature",
      "properties": {
        "access": "yes",
        "amenity": "toilets",
        "building": "yes",
        "fee": "no",
        "name": "皇后山公廁 Queen's Hill Public Toilet",
        "name:en": "Queen's Hill Public Toilet",
        "name:zh": "皇后山公廁",
        "operator": "食物環境衞生署 Food and Environmental Hygiene Department",
        "operator:en": "Food and Environmental Hygiene Department",
        "operator:short": "FEHD",
        "operator:wikidata": "Q2355063",
        "operator:zh": "食物環境衞生署",
        "operator:zh-Hans": "食物环境卫生署",
        "operator:zh-Hant": "食物環境衞生署",
        "ref": "N-69",
        "toilets:disposal": "flush",
        "wheelchair": "no",
        "_osm_id": 801531280,
        "_osm_type": "way"
      },
      "geometry": {
        "type": "Polygon",
        "coordinates": [
          [
            [
              114.1544052,
              22.5068699
            ],
            [
              114.1544613,
              22.506794
            ],
            [
              114.1544335,
              22.5067765
            ],
            [
              114.1543774,
              22.5068524
            ],
            [
              114.1544052,
              22.5068699
            ]
          ]
        ]
      }
    },
    {
      "type": "Feature",
      "properties": {
        "amenity": "toilets",
        "building": "yes",
        "fee": "no",
        "name": "孔嶺公廁 Hung Leng Public Toilet",
        "name:en": "Hung Leng Public Toilet",
        "name:zh": "孔嶺公廁",
        "operator": "FEHD",
        "ref": "N-56",
        "toilets:disposal": "flush",
        "wheelchair": "yes",
        "_osm_id": 802408529,
        "_osm_type": "way"
      },
      "geometry": {
        "type": "Polygon",
        "coordinates": [
          [
            [
              114.1678229,
              22.5142718
            ],
            [
              114.1678455,
              22.5142815
            ],
            [
              114.1678576,
              22.5142573
            ],
            [
              114.1677559,
              22.5142138
            ],
            [
              114.1677415,
              22.5142426
            ],
            [
              114.1678206,
              22.5142765
            ],
            [
              114.1678229,
              22.5142718
            ]
          ]
        ]
      }
    },
    {
      "type": "Feature",
      "properties": {
        "amenity": "toilets",
        "building": "toilets",
        "building:levels": "1",
        "entrance": "main",
        "roof:levels": "1",
        "roof:shape": "flat",
        "toilets:wheelchair": "yes",
        "wheelchair": "yes",
        "wheelchair:description": "Might be the washroom just enough space or smaller in fact",
        "_osm_id": 809421210,
        "_osm_type": "way"
      },
      "geometry": {
        "type": "Polygon",
        "coordinates": [
          [
            [
              114.0327992,
              22.4097793
            ],
            [
              114.0328763,
              22.4097766
            ],
            [
              114.0328736,
              22.4097088
            ],
            [
              114.0328334,
              22.4097102
            ],
            [
              114.0327965,
              22.4097115
            ],
            [
              114.0327992,
              22.4097793
            ]
          ]
        ]
      }
    },
    {
      "type": "Feature",
      "properties": {
        "access": "yes",
        "amenity": "toilets",
        "building": "yes",
        "changing_table": "yes",
        "fee": "no",
        "name": "山咀公廁 Shan Tsui Public Toilet",
        "name:en": "Shan Tsui Public Toilet",
        "name:zh": "山咀公廁",
        "operator": "FEHD",
        "ref": "N-109",
        "toilets:disposal": "flush",
        "wheelchair": "yes",
        "_osm_id": 813627604,
        "_osm_type": "way"
      },
      "geometry": {
        "type": "Polygon",
        "coordinates": [
          [
            [
              114.2220248,
              22.5481522
            ],
            [
              114.2220651,
              22.5481592
            ],
            [
              114.222089,
              22.5480422
            ],
            [
              114.2220486,
              22.5480352
            ],
            [
              114.2220248,
              22.5481522
            ]
          ]
        ]
      }
    },
    {
      "type": "Feature",
      "properties": {
        "access": "yes",
        "amenity": "toilets",
        "building": "yes",
        "changing_table": "yes",
        "fee": "no",
        "name": "新屋村公廁 San Uk Tsuen Public Toilet",
        "name:en": "San Uk Tsuen Public Toilet",
        "name:zh": "新屋村公廁",
        "operator": "FEHD",
        "ref": "N-72",
        "toilets:disposal": "flush",
        "wheelchair": "yes",
        "_osm_id": 834532162,
        "_osm_type": "way"
      },
      "geometry": {
        "type": "Polygon",
        "coordinates": [
          [
            [
              114.1481217,
              22.5035892
            ],
            [
              114.1481165,
              22.5035536
            ],
            [
              114.1480264,
              22.5035649
            ],
            [
              114.1480307,
              22.5035938
            ],
            [
              114.1480855,
              22.5035869
            ],
            [
              114.1480865,
              22.5035936
            ],
            [
              114.1481217,
              22.5035892
            ]
          ]
        ]
      }
    },
    {
      "type": "Feature",
      "properties": {
        "access": "yes",
        "amenity": "toilets",
        "building": "yes",
        "fee": "no",
        "name": "蓮塘尾(平民屋)公廁 Lin Tong Mei (Residential Area) Public Toilet",
        "name:en": "Lin Tong Mei (Residential Area) Public Toilet",
        "name:zh": "蓮塘尾(平民屋)公廁",
        "operator": "FEHD",
        "ref": "N-22",
        "toilets:disposal": "flush",
        "wheelchair": "no",
        "_osm_id": 844187706,
        "_osm_type": "way"
      },
      "geometry": {
        "type": "Polygon",
        "coordinates": [
          [
            [
              114.11097,
              22.483689
            ],
            [
              114.110938,
              22.483689
            ],
            [
              114.110938,
              22.483759
            ],
            [
              114.11097,
              22.483759
            ],
            [
              114.11097,
              22.483689
            ]
          ]
        ]
      }
    },
    {
      "type": "Feature",
      "properties": {
        "access": "yes",
        "amenity": "toilets",
        "building": "yes",
        "fee": "no",
        "name": "蓮塘尾公廁 Lin Tong Mei Public Toilet",
        "name:en": "Lin Tong Mei Public Toilet",
        "name:zh": "蓮塘尾公廁",
        "operator": "FEHD",
        "ref": "N-21",
        "toilets:disposal": "flush",
        "wheelchair": "no",
        "_osm_id": 844187718,
        "_osm_type": "way"
      },
      "geometry": {
        "type": "Polygon",
        "coordinates": [
          [
            [
              114.1108788,
              22.4817033
            ],
            [
              114.1108696,
              22.4817344
            ],
            [
              114.1107767,
              22.4817111
            ],
            [
              114.1107858,
              22.48168
            ],
            [
              114.1108788,
              22.4817033
            ]
          ]
        ]
      }
    },
    {
      "type": "Feature",
      "properties": {
        "access": "yes",
        "amenity": "toilets",
        "building": "yes",
        "fee": "no",
        "name": "金錢(北)公廁 Kam Tsin (North) Public Toilet",
        "name:en": "Kam Tsin (North) Public Toilet",
        "name:zh": "金錢(北)公廁",
        "operator": "FEHD",
        "ref": "N-14",
        "toilets:disposal": "flush",
        "wheelchair": "yes",
        "_osm_id": 845933930,
        "_osm_type": "way"
      },
      "geometry": {
        "type": "Polygon",
        "coordinates": [
          [
            [
              114.1123607,
              22.5012695
            ],
            [
              114.1123789,
              22.5011641
            ],
            [
              114.112417,
              22.5011697
            ],
            [
              114.1123989,
              22.5012751
            ],
            [
              114.1123607,
              22.5012695
            ]
          ]
        ]
      }
    },
    {
      "type": "Feature",
      "properties": {
        "access": "yes",
        "amenity": "toilets",
        "building": "yes",
        "fee": "no",
        "name": "覲龍圍公廁 Kan Lung Wai Public Toilet",
        "name:en": "Kan Lung Wai Public Toilet",
        "name:zh": "覲龍圍公廁",
        "operator": "食物環境衞生署 Food and Environmental Hygiene Department",
        "operator:en": "Food and Environmental Hygiene Department",
        "operator:short": "FEHD",
        "operator:wikidata": "Q2355063",
        "operator:zh": "食物環境衞生署",
        "operator:zh-Hans": "食物环境卫生署",
        "operator:zh-Hant": "食物環境衞生署",
        "ref": "N-64",
        "toilets:disposal": "flush",
        "wheelchair": "yes",
        "wikimedia_commons": "File:Kan Lung Wai Public Toilet (N-64) 2011.JPG",
        "_osm_id": 854857224,
        "_osm_type": "way"
      },
      "geometry": {
        "type": "Polygon",
        "coordinates": [
          [
            [
              114.1481948,
              22.5076161
            ],
            [
              114.1482741,
              22.5076503
            ],
            [
              114.1482924,
              22.5076142
            ],
            [
              114.148266,
              22.5076028
            ],
            [
              114.14826,
              22.5076147
            ],
            [
              114.148207,
              22.5075919
            ],
            [
              114.1481948,
              22.5076161
            ]
          ]
        ]
      }
    },
    {
      "type": "Feature",
      "properties": {
        "amenity": "toilets",
        "building": "yes",
        "fee": "no",
        "name": "打鼓嶺塘坊公廁 Ta Kwu Ling Tong Fong Public Toilet",
        "name:en": "Ta Kwu Ling Tong Fong Public Toilet",
        "name:zh": "打鼓嶺塘坊公廁",
        "operator": "FEHD",
        "ref": "N-140",
        "toilets:disposal": "flush",
        "unisex": "yes",
        "wheelchair": "no",
        "_osm_id": 882849098,
        "_osm_type": "way"
      },
      "geometry": {
        "type": "Polygon",
        "coordinates": [
          [
            [
              114.1515279,
              22.5367819
            ],
            [
              114.1514479,
              22.5367277
            ],
            [
              114.1514684,
              22.536702
            ],
            [
              114.1515484,
              22.5367562
            ],
            [
              114.1515279,
              22.5367819
            ]
          ]
        ]
      }
    },
    {
      "type": "Feature",
      "properties": {
        "access": "yes",
        "amenity": "toilets",
        "building": "yes",
        "fee": "no",
        "name": "木湖村公廁 Muk Wu Tsuen Public Toilet",
        "name:en": "Muk Wu Tsuen Public Toilet",
        "name:zh": "木湖村公廁",
        "operator": "FEHD",
        "ref": "N-120",
        "toilets:disposal": "flush",
        "wheelchair": "no",
        "_osm_id": 888918700,
        "_osm_type": "way"
      },
      "geometry": {
        "type": "Polygon",
        "coordinates": [
          [
            [
              114.1335673,
              22.5388553
            ],
            [
              114.1336675,
              22.5388585
            ],
            [
              114.1336666,
              22.5388825
            ],
            [
              114.1335664,
              22.5388793
            ],
            [
              114.1335673,
              22.5388553
            ]
          ]
        ]
      }
    },
    {
      "type": "Feature",
      "properties": {
        "access": "yes",
        "amenity": "toilets",
        "building": "yes",
        "building:levels": "1",
        "fee": "no",
        "name": "天秀路公園公廁 Tin Sau Road Park Public Toilet",
        "name:en": "Tin Sau Road Park Public Toilet",
        "name:zh": "天秀路公園公廁",
        "operator": "FEHD",
        "toilets:disposal": "flush",
        "wheelchair": "yes",
        "_osm_id": 891906801,
        "_osm_type": "way"
      },
      "geometry": {
        "type": "Polygon",
        "coordinates": [
          [
            [
              114.0015397,
              22.4656065
            ],
            [
              114.0014924,
              22.4655331
            ],
            [
              114.0016434,
              22.4654498
            ],
            [
              114.0016908,
              22.4655233
            ],
            [
              114.0015397,
              22.4656065
            ]
          ]
        ]
      }
    },
    {
      "type": "Feature",
      "properties": {
        "access": "yes",
        "amenity": "toilets",
        "building": "yes",
        "fee": "no",
        "name": "屏山洪屋村公廁 Ping Shan Hung Uk Tsuen Public Toilet",
        "name:en": "Ping Shan Hung Uk Tsuen Public Toilet",
        "name:zh": "屏山洪屋村公廁",
        "operator": "FEHD",
        "ref": "YL-93",
        "toilets:disposal": "flush",
        "wheelchair": "no",
        "_osm_id": 911763214,
        "_osm_type": "way"
      },
      "geometry": {
        "type": "Polygon",
        "coordinates": [
          [
            [
              114.0035297,
              22.4423269
            ],
            [
              114.0035519,
              22.4423165
            ],
            [
              114.0035154,
              22.44225
            ],
            [
              114.0035382,
              22.4422393
            ],
            [
              114.0035274,
              22.4422197
            ],
            [
              114.0034824,
              22.4422408
            ],
            [
              114.0035297,
              22.4423269
            ]
          ]
        ]
      }
    },
    {
      "type": "Feature",
      "properties": {
        "amenity": "toilets",
        "building": "yes",
        "fee": "no",
        "wheelchair": "yes",
        "_osm_id": 913118160,
        "_osm_type": "way"
      },
      "geometry": {
        "type": "Polygon",
        "coordinates": [
          [
            [
              113.9261987,
              22.5778636
            ],
            [
              113.9262608,
              22.5778049
            ],
            [
              113.9263224,
              22.5777048
            ],
            [
              113.926342,
              22.5776007
            ],
            [
              113.9262645,
              22.5775941
            ],
            [
              113.926246,
              22.5776742
            ],
            [
              113.9261892,
              22.5777692
            ],
            [
              113.9261435,
              22.5778136
            ],
            [
              113.9261987,
              22.5778636
            ]
          ]
        ]
      }
    },
    {
      "type": "Feature",
      "properties": {
        "access": "yes",
        "amenity": "toilets",
        "building": "yes",
        "name": "牛徑村公廁 Ngau Keng Tsuen Public Toilet",
        "name:en": "Ngau Keng Tsuen Public Toilet",
        "name:zh": "牛徑村公廁",
        "ref": "YL-67",
        "toilets:disposal": "flush",
        "unisex": "yes",
        "wheelchair": "no",
        "_osm_id": 916572852,
        "_osm_type": "way"
      },
      "geometry": {
        "type": "Polygon",
        "coordinates": [
          [
            [
              114.0856394,
              22.4256401
            ],
            [
              114.0856951,
              22.4255919
            ],
            [
              114.0856772,
              22.4255743
            ],
            [
              114.0856215,
              22.4256226
            ],
            [
              114.0856394,
              22.4256401
            ]
          ]
        ]
      }
    },
    {
      "type": "Feature",
      "properties": {
        "access": "yes",
        "amenity": "toilets",
        "building": "yes",
        "changing_table": "yes",
        "fee": "no",
        "name": "瓦窰公廁 Ngar Yiu Public Toilet",
        "name:en": "Ngar Yiu Public Toilet",
        "name:zh": "瓦窰公廁",
        "operator": "FEHD",
        "ref": "N-121",
        "toilets:disposal": "flush",
        "wheelchair": "yes",
        "_osm_id": 965126444,
        "_osm_type": "way"
      },
      "geometry": {
        "type": "Polygon",
        "coordinates": [
          [
            [
              114.1368162,
              22.5419915
            ],
            [
              114.1367884,
              22.5419496
            ],
            [
              114.1367946,
              22.541946
            ],
            [
              114.136766,
              22.5419029
            ],
            [
              114.136797,
              22.5418853
            ],
            [
              114.1368535,
              22.5419704
            ],
            [
              114.1368162,
              22.5419915
            ]
          ]
        ]
      }
    },
    {
      "type": "Feature",
      "properties": {
        "access": "yes",
        "amenity": "toilets",
        "building": "yes",
        "unisex": "yes",
        "wheelchair": "yes",
        "_osm_id": 1025842570,
        "_osm_type": "way"
      },
      "geometry": {
        "type": "Polygon",
        "coordinates": [
          [
            [
              113.8735139,
              22.5520164
            ],
            [
              113.8736468,
              22.5520538
            ],
            [
              113.8736592,
              22.5520161
            ],
            [
              113.8735263,
              22.5519788
            ],
            [
              113.8735139,
              22.5520164
            ]
          ]
        ]
      }
    },
    {
      "type": "Feature",
      "properties": {
        "access": "yes",
        "amenity": "toilets",
        "building": "yes",
        "layer": "1",
        "toilets:disposal": "flush",
        "unisex": "yes",
        "wheelchair": "yes",
        "_osm_id": 1032830170,
        "_osm_type": "way"
      },
      "geometry": {
        "type": "Polygon",
        "coordinates": [
          [
            [
              114.1585521,
              22.7511729
            ],
            [
              114.1585372,
              22.7512345
            ],
            [
              114.1586285,
              22.7512532
            ],
            [
              114.1586433,
              22.7511917
            ],
            [
              114.1586234,
              22.7511876
            ],
            [
              114.1585521,
              22.7511729
            ]
          ]
        ]
      }
    },
    {
      "type": "Feature",
      "properties": {
        "access": "yes",
        "amenity": "toilets",
        "building": "yes",
        "opening_hours": "Mo-Su 07:00-00:00",
        "operator": "LCSD",
        "toilets:disposal": "flush",
        "wheelchair": "yes",
        "_osm_id": 1055599630,
        "_osm_type": "way"
      },
      "geometry": {
        "type": "Polygon",
        "coordinates": [
          [
            [
              114.0017146,
              22.4665659
            ],
            [
              114.001827,
              22.4666195
            ],
            [
              114.0018819,
              22.4665212
            ],
            [
              114.0017695,
              22.4664676
            ],
            [
              114.0017146,
              22.4665659
            ]
          ]
        ]
      }
    },
    {
      "type": "Feature",
      "properties": {
        "access": "yes",
        "amenity": "toilets",
        "building": "yes",
        "fee": "no",
        "name": "上水東慶路公廁 Sheung Shui Tung Hing Road Public Toilet",
        "name:en": "Sheung Shui Tung Hing Road Public Toilet",
        "name:zh": "上水東慶路公廁",
        "operator": "食物環境衞生署 Food and Environmental Hygiene Department",
        "operator:en": "Food and Environmental Hygiene Department",
        "operator:short": "食環署 FEHD",
        "operator:short:en": "FEHD",
        "operator:short:zh": "食環署",
        "operator:short:zh-Hans": "食环署",
        "operator:short:zh-Hant": "食環署",
        "operator:wikidata": "Q2355063",
        "operator:zh": "食物環境衞生署",
        "operator:zh-Hans": "食物环境卫生署",
        "operator:zh-Hant": "食物環境衞生署",
        "ref": "N-35",
        "toilets:disposal": "flush",
        "unisex": "yes",
        "wheelchair": "yes",
        "_osm_id": 1116206859,
        "_osm_type": "way"
      },
      "geometry": {
        "type": "Polygon",
        "coordinates": [
          [
            [
              114.1235148,
              22.5076045
            ],
            [
              114.1236158,
              22.507594
            ],
            [
              114.1236079,
              22.5075466
            ],
            [
              114.1235086,
              22.5075591
            ],
            [
              114.1235148,
              22.5076045
            ]
          ]
        ]
      }
    },
    {
      "type": "Feature",
      "properties": {
        "access": "yes",
        "amenity": "toilets",
        "building": "yes",
        "changing_table": "yes",
        "fee": "no",
        "name": "松柏朗(北)公廁 Tsung Pak Long (North) Public Toilet",
        "name:en": "Tsung Pak Long (North) Public Toilet",
        "name:zh": "松柏朗(北)公廁",
        "operator": "食物環境衞生署 Food and Environmental Hygiene Department",
        "operator:en": "Food and Environmental Hygiene Department",
        "operator:short": "FEHD",
        "operator:wikidata": "Q2355063",
        "operator:zh": "食物環境衞生署",
        "operator:zh-Hans": "食物环境卫生署",
        "operator:zh-Hant": "食物環境衞生署",
        "ref": "N-2",
        "toilets:disposal": "flush",
        "unisex": "yes",
        "wheelchair": "yes",
        "_osm_id": 1116501244,
        "_osm_type": "way"
      },
      "geometry": {
        "type": "Polygon",
        "coordinates": [
          [
            [
              114.1177031,
              22.5044123
            ],
            [
              114.1177339,
              22.5045054
            ],
            [
              114.1177026,
              22.5045152
            ],
            [
              114.1176721,
              22.5044268
            ],
            [
              114.1176812,
              22.5044248
            ],
            [
              114.1176807,
              22.504418
            ],
            [
              114.1177031,
              22.5044123
            ]
          ]
        ]
      }
    },
    {
      "type": "Feature",
      "properties": {
        "access": "yes",
        "amenity": "toilets",
        "building": "yes",
        "fee": "no",
        "name": "上水圍上北村公廁 Sheung Shui Wai Sheung Pak Tsuen Public Toilet",
        "name:en": "Sheung Shui Wai Sheung Pak Tsuen Public Toilet",
        "name:zh": "上水圍上北村公廁",
        "operator": "食物環境衞生署 Food and Environmental Hygiene Department",
        "operator:en": "Food and Environmental Hygiene Department",
        "operator:short": "食環署 FEHD",
        "operator:short:en": "FEHD",
        "operator:short:zh": "食環署",
        "operator:short:zh-Hans": "食环署",
        "operator:short:zh-Hant": "食環署",
        "operator:wikidata": "Q2355063",
        "operator:zh": "食物環境衞生署",
        "operator:zh-Hans": "食物环境卫生署",
        "operator:zh-Hant": "食物環境衞生署",
        "ref": "N-37",
        "toilets:disposal": "flush",
        "unisex": "yes",
        "wheelchair": "yes",
        "_osm_id": 1117069419,
        "_osm_type": "way"
      },
      "geometry": {
        "type": "Polygon",
        "coordinates": [
          [
            [
              114.1254818,
              22.5105738
            ],
            [
              114.1255712,
              22.5105401
            ],
            [
              114.1255876,
              22.5105762
            ],
            [
              114.1254976,
              22.5106104
            ],
            [
              114.1254818,
              22.5105738
            ]
          ]
        ]
      }
    },
    {
      "type": "Feature",
      "properties": {
        "access": "yes",
        "amenity": "toilets",
        "building": "yes",
        "changing_table": "yes",
        "fee": "no",
        "name": "上水圍莆上村公廁 Sheung Shui Wai Po Sheung Tsuen Public Toilet",
        "name:en": "Sheung Shui Wai Po Sheung Tsuen Public Toilet *",
        "name:zh": "上水圍莆上村公廁",
        "operator": "食物環境衞生署 Food and Environmental Hygiene Department",
        "operator:en": "Food and Environmental Hygiene Department",
        "operator:short": "食環署 FEHD",
        "operator:short:en": "FEHD",
        "operator:short:zh": "食環署",
        "operator:short:zh-Hans": "食环署",
        "operator:short:zh-Hant": "食環署",
        "operator:wikidata": "Q2355063",
        "operator:zh": "食物環境衞生署",
        "operator:zh-Hans": "食物环境卫生署",
        "operator:zh-Hant": "食物環境衞生署",
        "ref": "N-135",
        "toilets:disposal": "flush",
        "unisex": "yes",
        "wheelchair": "yes",
        "_osm_id": 1118017811,
        "_osm_type": "way"
      },
      "geometry": {
        "type": "Polygon",
        "coordinates": [
          [
            [
              114.1243896,
              22.50947
            ],
            [
              114.124397,
              22.5094331
            ],
            [
              114.1245442,
              22.5094582
            ],
            [
              114.1245368,
              22.509495
            ],
            [
              114.1243896,
              22.50947
            ]
          ]
        ]
      }
    },
    {
      "type": "Feature",
      "properties": {
        "access": "yes",
        "amenity": "toilets",
        "building": "yes",
        "changing_table": "no",
        "toilets:disposal": "flush",
        "unisex": "yes",
        "wheelchair": "yes",
        "_osm_id": 1159859892,
        "_osm_type": "way"
      },
      "geometry": {
        "type": "Polygon",
        "coordinates": [
          [
            [
              114.0204804,
              22.660815
            ],
            [
              114.0205683,
              22.66087
            ],
            [
              114.0206545,
              22.6607527
            ],
            [
              114.0205666,
              22.6606977
            ],
            [
              114.0204804,
              22.660815
            ]
          ]
        ]
      }
    },
    {
      "type": "Feature",
      "properties": {
        "access": "yes",
        "amenity": "toilets",
        "building": "yes",
        "changing_table": "no",
        "female": "yes",
        "male": "yes",
        "toilets:disposal": "flush",
        "wheelchair": "yes",
        "_osm_id": 1184610809,
        "_osm_type": "way"
      },
      "geometry": {
        "type": "Polygon",
        "coordinates": [
          [
            [
              113.9551552,
              22.7336241
            ],
            [
              113.955067,
              22.7334042
            ],
            [
              113.9551662,
              22.7333704
            ],
            [
              113.9552543,
              22.7335903
            ],
            [
              113.9551552,
              22.7336241
            ]
          ]
        ]
      }
    },
    {
      "type": "Feature",
      "properties": {
        "access": "yes",
        "amenity": "toilets",
        "building": "yes",
        "changing_table": "no",
        "female": "yes",
        "male": "yes",
        "toilets:disposal": "flush",
        "wheelchair": "yes",
        "_osm_id": 1184610812,
        "_osm_type": "way"
      },
      "geometry": {
        "type": "Polygon",
        "coordinates": [
          [
            [
              113.9565194,
              22.7345364
            ],
            [
              113.9564453,
              22.734397
            ],
            [
              113.9565262,
              22.7343605
            ],
            [
              113.9566003,
              22.7344999
            ],
            [
              113.9565194,
              22.7345364
            ]
          ]
        ]
      }
    },
    {
      "type": "Feature",
      "properties": {
        "amenity": "toilets",
        "building": "yes",
        "fee": "no",
        "name": "打鼓嶺新村公廁 Ta Kwu Ling San Tsuen Public Toilet",
        "name:en": "Ta Kwu Ling San Tsuen Public Toilet",
        "name:zh": "打鼓嶺新村公廁",
        "operator": "食物環境衞生署 Food and Environmental Hygiene Department",
        "operator:en": "Food and Environmental Hygiene Department",
        "operator:short": "食環署 FEHD",
        "operator:short:en": "FEHD",
        "operator:short:zh": "食環署",
        "operator:short:zh-Hans": "食环署",
        "operator:short:zh-Hant": "食環署",
        "operator:wikidata": "Q2355063",
        "operator:zh": "食物環境衞生署",
        "operator:zh-Hans": "食物环境卫生署",
        "operator:zh-Hant": "食物環境衞生署",
        "ref": "N-126",
        "toilets:disposal": "flush",
        "wheelchair": "no",
        "_osm_id": 1191703501,
        "_osm_type": "way"
      },
      "geometry": {
        "type": "Polygon",
        "coordinates": [
          [
            [
              114.1474353,
              22.5401657
            ],
            [
              114.1473446,
              22.5401242
            ],
            [
              114.1473612,
              22.5400934
            ],
            [
              114.1474518,
              22.5401348
            ],
            [
              114.1474353,
              22.5401657
            ]
          ]
        ]
      }
    },
    {
      "type": "Feature",
      "properties": {
        "access": "yes",
        "amenity": "toilets",
        "building": "yes",
        "fee": "no",
        "name": "簡頭圍公廁 Kan Tau Wai Public Toilet",
        "name:en": "Kan Tau Wai Public Toilet",
        "name:zh": "簡頭圍公廁",
        "name:zh-Hans": "简头围公厕",
        "name:zh-Hant": "簡頭圍公廁",
        "operator": "FEHD",
        "ref": "N-118",
        "toilets:disposal": "flush",
        "wheelchair": "no",
        "_osm_id": 1191703502,
        "_osm_type": "way"
      },
      "geometry": {
        "type": "Polygon",
        "coordinates": [
          [
            [
              114.1509118,
              22.5392278
            ],
            [
              114.1508932,
              22.5392101
            ],
            [
              114.1509477,
              22.5391616
            ],
            [
              114.1509662,
              22.5391793
            ],
            [
              114.1509118,
              22.5392278
            ]
          ]
        ]
      }
    },
    {
      "type": "Feature",
      "properties": {
        "amenity": "toilets",
        "building": "yes",
        "wheelchair": "yes",
        "_osm_id": 1194667425,
        "_osm_type": "way"
      },
      "geometry": {
        "type": "Polygon",
        "coordinates": [
          [
            [
              114.2320772,
              22.4271347
            ],
            [
              114.2321851,
              22.4271611
            ],
            [
              114.2321575,
              22.4272576
            ],
            [
              114.2320496,
              22.4272312
            ],
            [
              114.2320525,
              22.4272212
            ],
            [
              114.2320772,
              22.4271347
            ]
          ]
        ]
      }
    },
    {
      "type": "Feature",
      "properties": {
        "access": "yes",
        "amenity": "toilets",
        "building": "yes",
        "changing_table": "yes",
        "fee": "no",
        "name": "石湖新村公廁 Shek Wu San Tsuen Public Toilet",
        "name:en": "Shek Wu San Tsuen Public Toilet",
        "name:zh": "石湖新村公廁",
        "operator": "FEHD",
        "ref": "N-143",
        "toilets:disposal": "flush",
        "wheelchair": "yes",
        "_osm_id": 1196040296,
        "_osm_type": "way"
      },
      "geometry": {
        "type": "Polygon",
        "coordinates": [
          [
            [
              114.1360187,
              22.508228
            ],
            [
              114.1361017,
              22.5081488
            ],
            [
              114.136077,
              22.5081267
            ],
            [
              114.1360082,
              22.5081923
            ],
            [
              114.1360137,
              22.5081972
            ],
            [
              114.1359995,
              22.5082108
            ],
            [
              114.1360187,
              22.508228
            ]
          ]
        ]
      }
    },
    {
      "type": "Feature",
      "properties": {
        "access": "yes",
        "amenity": "toilets",
        "building": "yes",
        "changing_table": "no",
        "fee": "no",
        "female": "yes",
        "male": "yes",
        "toilets:disposal": "flush",
        "unisex": "yes",
        "wheelchair": "yes",
        "_osm_id": 1202271527,
        "_osm_type": "way"
      },
      "geometry": {
        "type": "Polygon",
        "coordinates": [
          [
            [
              114.2021145,
              22.6910774
            ],
            [
              114.2021948,
              22.691113
            ],
            [
              114.202219,
              22.6910664
            ],
            [
              114.2022452,
              22.691016
            ],
            [
              114.2021649,
              22.6909805
            ],
            [
              114.2021145,
              22.6910774
            ]
          ]
        ]
      }
    },
    {
      "type": "Feature",
      "properties": {
        "access": "yes",
        "amenity": "toilets",
        "building": "yes",
        "name": "新屋仔公廁 San Uk Tsai Public Toilet",
        "name:en": "San Uk Tsai Public Toilet",
        "name:zh": "新屋仔公廁",
        "operator": "食物環境衞生署 Food and Environmental Hygiene Department",
        "operator:en": "Food and Environmental Hygiene Department",
        "operator:short": "食環署 FEHD",
        "operator:short:en": "FEHD",
        "operator:short:zh": "食環署",
        "operator:short:zh-Hans": "食环署",
        "operator:short:zh-Hant": "食環署",
        "operator:wikidata": "Q2355063",
        "operator:zh": "食物環境衞生署",
        "operator:zh-Hans": "食物环境卫生署",
        "operator:zh-Hant": "食物環境衞生署",
        "ref": "N-71",
        "toilets:disposal": "flush",
        "unisex": "yes",
        "wheelchair": "yes",
        "_osm_id": 1211757933,
        "_osm_type": "way"
      },
      "geometry": {
        "type": "Polygon",
        "coordinates": [
          [
            [
              114.1790414,
              22.5104437
            ],
            [
              114.1790845,
              22.5105213
            ],
            [
              114.1791082,
              22.51051
            ],
            [
              114.1791114,
              22.5105085
            ],
            [
              114.1790683,
              22.510431
            ],
            [
              114.1790414,
              22.5104437
            ]
          ]
        ]
      }
    },
    {
      "type": "Feature",
      "properties": {
        "access": "yes",
        "amenity": "toilets",
        "building": "yes",
        "changing_table": "yes",
        "name": "荔枝窩智環保公廁 Lai Chi Wo Eco-Smart Public Toilet",
        "name:en": "Lai Chi Wo Eco-Smart Public Toilet",
        "name:zh": "荔枝窩智環保公廁",
        "operator": "食物環境衞生署 Food and Environmental Hygiene Department",
        "operator:en": "Food and Environmental Hygiene Department",
        "operator:short": "食環署 FEHD",
        "operator:short:en": "FEHD",
        "operator:short:zh": "食環署",
        "operator:short:zh-Hans": "食环署",
        "operator:short:zh-Hant": "食環署",
        "operator:wikidata": "Q2355063",
        "operator:zh": "食物環境衞生署",
        "operator:zh-Hans": "食物环境卫生署",
        "operator:zh-Hant": "食物環境衞生署",
        "ref": "N-160",
        "toilets:disposal": "flush",
        "unisex": "yes",
        "wheelchair": "yes",
        "_osm_id": 1213533377,
        "_osm_type": "way"
      },
      "geometry": {
        "type": "Polygon",
        "coordinates": [
          [
            [
              114.2614166,
              22.527467
            ],
            [
              114.2615029,
              22.5274977
            ],
            [
              114.261517,
              22.5274638
            ],
            [
              114.2614307,
              22.5274331
            ],
            [
              114.2614166,
              22.527467
            ]
          ]
        ]
      }
    },
    {
      "type": "Feature",
      "properties": {
        "access": "yes",
        "amenity": "toilets",
        "building": "toilets",
        "name": "泥涌公共運輸交匯處公廁 Nai Chung Public Transport Interchange Public Toilet",
        "name:en": "Nai Chung Public Transport Interchange Public Toilet",
        "name:zh": "泥涌公共運輸交匯處公廁",
        "operator": "FEHD",
        "ref": "SK-72",
        "toilets:disposal": "flush",
        "wheelchair": "yes",
        "wikimedia_commons": "File:Nai Chung Public Transport Interchange Public Toilet (SK-72) 2025.jpg",
        "_osm_id": 1214841790,
        "_osm_type": "way"
      },
      "geometry": {
        "type": "Polygon",
        "coordinates": [
          [
            [
              114.2561943,
              22.431226
            ],
            [
              114.2561858,
              22.4311356
            ],
            [
              114.2560361,
              22.4311476
            ],
            [
              114.2560446,
              22.4312381
            ],
            [
              114.2561943,
              22.431226
            ]
          ]
        ]
      }
    },
    {
      "type": "Feature",
      "properties": {
        "amenity": "toilets",
        "building": "yes",
        "fee": "no",
        "operator": "食物環境衞生署 Food and Environmental Hygiene Department",
        "operator:en": "Food and Environmental Hygiene Department",
        "operator:short": "食環署 FEHD",
        "operator:short:en": "FEHD",
        "operator:short:zh": "食環署",
        "operator:short:zh-Hans": "食环署",
        "operator:short:zh-Hant": "食環署",
        "operator:wikidata": "Q2355063",
        "operator:zh": "食物環境衞生署",
        "operator:zh-Hans": "食物环境卫生署",
        "operator:zh-Hant": "食物環境衞生署",
        "ref": "SK-67",
        "toilets:disposal": "flush",
        "unisex": "yes",
        "wheelchair": "no",
        "_osm_id": 1214947953,
        "_osm_type": "way"
      },
      "geometry": {
        "type": "Polygon",
        "coordinates": [
          [
            [
              114.2931705,
              22.425705
            ],
            [
              114.2931951,
              22.425705
            ],
            [
              114.2931949,
              22.4256605
            ],
            [
              114.2931704,
              22.4256606
            ],
            [
              114.2931705,
              22.425705
            ]
          ]
        ]
      }
    },
    {
      "type": "Feature",
      "properties": {
        "building": "train_station",
        "building:levels": "0",
        "building:levels:underground": "2",
        "internet_access": "no",
        "layer": "-1",
        "location": "underground",
        "name": "固戍站",
        "name:en": "Gushu Station",
        "name:zh": "固戍站",
        "public_transport": "station",
        "start_date": "2011-06-15",
        "subway": "yes",
        "toilets": "yes",
        "toilets:wheelchair": "yes",
        "wikidata": "Q5620906",
        "wikipedia": "zh:固戍站",
        "_osm_id": 1312443037,
        "_osm_type": "way"
      },
      "geometry": {
        "type": "Polygon",
        "coordinates": [
          [
            [
              113.8406158,
              22.6057938
            ],
            [
              113.8406909,
              22.6058248
            ],
            [
              113.8408326,
              22.6055317
            ],
            [
              113.8410685,
              22.6056289
            ],
            [
              113.8410028,
              22.6057649
            ],
            [
              113.8411739,
              22.6058354
            ],
            [
              113.8411351,
              22.6059156
            ],
            [
              113.8411115,
              22.6059059
            ],
            [
              113.8410535,
              22.6060259
            ],
            [
              113.8410812,
              22.6060373
            ],
            [
              113.8410767,
              22.6060466
            ],
            [
              113.84112,
              22.6060644
            ],
            [
              113.8411272,
              22.6060495
            ],
            [
              113.8411529,
              22.6060601
            ],
            [
              113.8412085,
              22.6059449
            ],
            [
              113.841186,
              22.6059356
            ],
            [
              113.841587,
              22.605106
            ],
            [
              113.841845,
              22.6052123
            ],
            [
              113.8419683,
              22.6049572
            ],
            [
              113.8418963,
              22.6049275
            ],
            [
              113.8417994,
              22.6051278
            ],
            [
              113.8416084,
              22.6050491
            ],
            [
              113.8422347,
              22.6037537
            ],
            [
              113.8424678,
              22.6038497
            ],
            [
              113.842667,
              22.6034376
            ],
            [
              113.8426077,
              22.6034132
            ],
            [
              113.8424323,
              22.6037761
            ],
            [
              113.8423578,
              22.6037454
            ],
            [
              113.842389,
              22.6036809
            ],
            [
              113.8423063,
              22.6036468
            ],
            [
              113.842273,
              22.6037157
            ],
            [
              113.8422513,
              22.6037068
            ],
            [
              113.8424913,
              22.6032103
            ],
            [
              113.842728,
              22.6033078
            ],
            [
              113.842778,
              22.6032043
            ],
            [
              113.8425456,
              22.6031086
            ],
            [
              113.8427367,
              22.6027134
            ],
            [
              113.8429652,
              22.6028075
            ],
            [
              113.8430166,
              22.6027013
            ],
            [
              113.8427815,
              22.6026044
            ],
            [
              113.8428813,
              22.6023979
            ],
            [
              113.8428971,
              22.6024044
            ],
            [
              113.8429532,
              22.6022883
            ],
            [
              113.8429313,
              22.6022792
            ],
            [
              113.8429405,
              22.6022602
            ],
            [
              113.8428891,
              22.602239
            ],
            [
              113.8428796,
              22.6022586
            ],
            [
              113.8428612,
              22.602251
            ],
            [
              113.8428013,
              22.6023747
            ],
            [
              113.8428219,
              22.6023832
            ],
            [
              113.8427852,
              22.6024591
            ],
            [
              113.8426961,
              22.6024224
            ],
            [
              113.8427078,
              22.6023981
            ],
            [
              113.8426568,
              22.6023771
            ],
            [
              113.8426464,
              22.6023985
            ],
            [
              113.8426158,
              22.6023859
            ],
            [
              113.8425593,
              22.6025028
            ],
            [
              113.842582,
              22.6025122
            ],
            [
              113.8421622,
              22.6033804
            ],
            [
              113.8421327,
              22.6033682
            ],
            [
              113.8420146,
              22.6036126
            ],
            [
              113.8418033,
              22.6035255
            ],
            [
              113.8419752,
              22.60317
            ],
            [
              113.8419213,
              22.6031479
            ],
            [
              113.8417271,
              22.6035496
            ],
            [
              113.8419939,
              22.6036595
            ],
            [
              113.8415924,
              22.6044898
            ],
            [
              113.8414036,
              22.604412
            ],
            [
              113.8415728,
              22.6040618
            ],
            [
              113.841518,
              22.6040393
            ],
            [
              113.8413287,
              22.6044309
            ],
            [
              113.8415682,
              22.6045296
            ],
            [
              113.8414797,
              22.6047127
            ],
            [
              113.8415337,
              22.604735
            ],
            [
              113.8414837,
              22.6048383
            ],
            [
              113.8411884,
              22.6047166
            ],
            [
              113.8411505,
              22.6047949
            ],
            [
              113.8414421,
              22.604915
            ],
            [
              113.841157,
              22.6055046
            ],
            [
              113.8408223,
              22.6053667
            ],
            [
              113.8406158,
              22.6057938
            ]
          ]
        ]
      }
    },
    {
      "type": "Feature",
      "properties": {
        "access": "yes",
        "amenity": "toilets",
        "building": "yes",
        "toilets:disposal": "flush",
        "wheelchair": "yes",
        "_osm_id": 1338269638,
        "_osm_type": "way"
      },
      "geometry": {
        "type": "Polygon",
        "coordinates": [
          [
            [
              113.9755956,
              22.4018265
            ],
            [
              113.9756607,
              22.401808
            ],
            [
              113.9756362,
              22.4017345
            ],
            [
              113.9755711,
              22.4017531
            ],
            [
              113.9755956,
              22.4018265
            ]
          ]
        ]
      }
    },
    {
      "type": "Feature",
      "properties": {
        "access": "yes",
        "amenity": "toilets",
        "building": "yes",
        "building:levels": "1",
        "name": "宏業南街公廁 Wang Yip Street South Public Toilet",
        "name:en": "Wang Yip Street South Public Toilet",
        "name:zh": "宏業南街公廁",
        "operator": "FEHD",
        "toilets:disposal": "flush",
        "wheelchair": "yes",
        "_osm_id": 1370877178,
        "_osm_type": "way"
      },
      "geometry": {
        "type": "Polygon",
        "coordinates": [
          [
            [
              114.0276047,
              22.4478866
            ],
            [
              114.0276789,
              22.4478377
            ],
            [
              114.0277186,
              22.447889
            ],
            [
              114.0276444,
              22.4479379
            ],
            [
              114.0276047,
              22.4478866
            ]
          ]
        ]
      }
    },
    {
      "type": "Feature",
      "properties": {
        "access": "yes",
        "amenity": "toilets",
        "building": "yes",
        "opening_hours": "Mo-Su 08:00-22:00",
        "ref": "前海联络道②轻松驿站智慧公厕",
        "wheelchair": "yes",
        "_osm_id": 1415842575,
        "_osm_type": "way"
      },
      "geometry": {
        "type": "Polygon",
        "coordinates": [
          [
            [
              113.8854126,
              22.5409152
            ],
            [
              113.8856167,
              22.541065
            ],
            [
              113.8856362,
              22.5410423
            ],
            [
              113.8854321,
              22.5408925
            ],
            [
              113.8854126,
              22.5409152
            ]
          ]
        ]
      }
    },
    {
      "type": "Feature",
      "properties": {
        "access": "yes",
        "amenity": "toilets",
        "building": "yes",
        "building:levels": "1",
        "fee": "no",
        "name": "水流田村公廁 Shui Lau Tin Tsuen Public Toilet",
        "name:en": "Shui Lau Tin Tsuen Public Toilet",
        "name:zh": "水流田村公廁",
        "operator": "FEHD",
        "ref": "YL-66",
        "toilets:disposal": "flush",
        "wheelchair": "yes",
        "_osm_id": 1420850814,
        "_osm_type": "way"
      },
      "geometry": {
        "type": "Polygon",
        "coordinates": [
          [
            [
              114.0835875,
              22.4316571
            ],
            [
              114.0835589,
              22.431617
            ],
            [
              114.0836581,
              22.4315565
            ],
            [
              114.0836868,
              22.4315967
            ],
            [
              114.0835875,
              22.4316571
            ]
          ]
        ]
      }
    },
    {
      "type": "Feature",
      "properties": {
        "amenity": "toilets",
        "building": "toilets",
        "building:levels": "1",
        "operator": "LCSD",
        "start_date": "2025-04-12",
        "wheelchair": "yes",
        "_osm_id": 1448443553,
        "_osm_type": "way"
      },
      "geometry": {
        "type": "Polygon",
        "coordinates": [
          [
            [
              114.1484674,
              22.5020421
            ],
            [
              114.148535,
              22.5018915
            ],
            [
              114.1484547,
              22.5018607
            ],
            [
              114.1483871,
              22.5020113
            ],
            [
              114.1484674,
              22.5020421
            ]
          ]
        ]
      }
    },
    {
      "type": "Feature",
      "properties": {
        "access": "yes",
        "amenity": "toilets",
        "building": "yes",
        "wheelchair": "yes",
        "_osm_id": 1451359250,
        "_osm_type": "way"
      },
      "geometry": {
        "type": "Polygon",
        "coordinates": [
          [
            [
              113.9452607,
              22.5525529
            ],
            [
              113.9452633,
              22.5524662
            ],
            [
              113.9454525,
              22.5524583
            ],
            [
              113.9454525,
              22.5525481
            ],
            [
              113.9452607,
              22.5525529
            ]
          ]
        ]
      }
    },
    {
      "type": "Feature",
      "properties": {
        "access": "yes",
        "amenity": "toilets",
        "building": "yes",
        "toilets:disposal": "flush",
        "wheelchair": "no",
        "_osm_id": 1465290626,
        "_osm_type": "way"
      },
      "geometry": {
        "type": "Polygon",
        "coordinates": [
          [
            [
              113.9927641,
              22.4354208
            ],
            [
              113.992831,
              22.4354394
            ],
            [
              113.9928459,
              22.4353937
            ],
            [
              113.992779,
              22.435375
            ],
            [
              113.9927641,
              22.4354208
            ]
          ]
        ]
      }
    },
    {
      "type": "Feature",
      "properties": {
        "access": "yes",
        "amenity": "toilets",
        "building": "yes",
        "fee": "no",
        "toilets:disposal": "flush",
        "unisex": "yes",
        "wheelchair": "yes",
        "_osm_id": 1473933278,
        "_osm_type": "way"
      },
      "geometry": {
        "type": "Polygon",
        "coordinates": [
          [
            [
              113.9596471,
              22.5972559
            ],
            [
              113.9596701,
              22.5972704
            ],
            [
              113.9597115,
              22.5972145
            ],
            [
              113.9596885,
              22.5972
            ],
            [
              113.9596471,
              22.5972559
            ]
          ]
        ]
      }
    },
    {
      "type": "Feature",
      "properties": {
        "amenity": "toilets",
        "building": "yes",
        "changing_table": "yes",
        "name:en": "Valley Rest Station",
        "name:zh-Hans": "山谷驿站",
        "ref": "7",
        "wheelchair": "yes",
        "_osm_id": 1477863228,
        "_osm_type": "way"
      },
      "geometry": {
        "type": "Polygon",
        "coordinates": [
          [
            [
              114.1010247,
              22.576016
            ],
            [
              114.1009981,
              22.5759354
            ],
            [
              114.1011361,
              22.5758965
            ],
            [
              114.1011627,
              22.5759772
            ],
            [
              114.1010247,
              22.576016
            ]
          ]
        ]
      }
    },
    {
      "type": "Feature",
      "properties": {
        "access": "yes",
        "amenity": "toilets",
        "building": "yes",
        "fee": "no",
        "female": "yes",
        "male": "yes",
        "toilets:disposal": "flush",
        "toilets:position": "蹲式;坐式;小便器",
        "unisex": "yes",
        "wheelchair": "yes",
        "_osm_id": 1489808548,
        "_osm_type": "way"
      },
      "geometry": {
        "type": "Polygon",
        "coordinates": [
          [
            [
              114.3398841,
              22.6562485
            ],
            [
              114.3401013,
              22.6563314
            ],
            [
              114.3401512,
              22.6562202
            ],
            [
              114.3399339,
              22.6561373
            ],
            [
              114.3398841,
              22.6562485
            ]
          ]
        ]
      }
    },
    {
      "type": "Feature",
      "properties": {
        "amenity": "toilets",
        "changing_table": "no",
        "wheelchair": "yes",
        "_osm_id": 1508135995,
        "_osm_type": "way"
      },
      "geometry": {
        "type": "LineString",
        "coordinates": [
          [
            114.0998981,
            22.5773069
          ],
          [
            114.0998983,
            22.5772237
          ],
          [
            114.1000115,
            22.5772239
          ],
          [
            114.1000113,
            22.5773071
          ],
          [
            114.0998981,
            22.5773069
          ]
        ]
      }
    },
    {
      "type": "Feature",
      "properties": {
        "amenity": "toilets",
        "ref": "4",
        "wheelchair": "no",
        "_osm_id": 1508136036,
        "_osm_type": "way"
      },
      "geometry": {
        "type": "LineString",
        "coordinates": [
          [
            114.1044807,
            22.5765367
          ],
          [
            114.1044961,
            22.5764996
          ],
          [
            114.1045762,
            22.5765278
          ],
          [
            114.1045608,
            22.576565
          ],
          [
            114.1044807,
            22.5765367
          ]
        ]
      }
    },
    {
      "type": "Feature",
      "properties": {
        "amenity": "toilets",
        "wheelchair": "yes",
        "_osm_id": 1512384964,
        "_osm_type": "way"
      },
      "geometry": {
        "type": "LineString",
        "coordinates": [
          [
            114.2467048,
            22.7181057
          ],
          [
            114.2467316,
            22.7181289
          ],
          [
            114.2467698,
            22.7181505
          ],
          [
            114.2468034,
            22.7181663
          ],
          [
            114.2468208,
            22.7181564
          ],
          [
            114.2468268,
            22.7181419
          ],
          [
            114.2468235,
            22.7181066
          ],
          [
            114.2468017,
            22.7180813
          ],
          [
            114.2467806,
            22.7180677
          ],
          [
            114.2467417,
            22.718063
          ],
          [
            114.2467115,
            22.7180673
          ],
          [
            114.2467008,
            22.7180816
          ],
          [
            114.2467001,
            22.7180967
          ],
          [
            114.2467048,
            22.7181057
          ]
        ]
      }
    },
    {
      "type": "Feature",
      "properties": {
        "name": "公共厕所(上新新围路)",
        "address": "民主新村十二巷与民主新村十三巷交叉口东280米",
        "type": "公共设施;公共厕所;残障洗手间/无障碍洗手间",
        "typecode": "200303",
        "tel": [],
        "_source": "amap",
        "_keyword": "无障碍卫生间",
        "_amap_id": "B0LKUZXH4T"
      },
      "geometry": {
        "type": "Point",
        "coordinates": [
          113.783056,
          22.73687
        ]
      }
    },
    {
      "type": "Feature",
      "properties": {
        "name": "公共厕所(展城社区工作站党群服务中心)",
        "address": "锦程路与重庆路交叉口东北200米",
        "type": "公共设施;公共厕所;残障洗手间/无障碍洗手间",
        "typecode": "200303",
        "tel": [],
        "_source": "amap",
        "_keyword": "无障碍卫生间",
        "_amap_id": "B0LKJ521DY"
      },
      "geometry": {
        "type": "Point",
        "coordinates": [
          113.782407,
          22.685694
        ]
      }
    },
    {
      "type": "Feature",
      "properties": {
        "name": "公共厕所(深圳市宝安区碧头文武学校)",
        "address": "碧头南路与永隆西路交叉口东60米",
        "type": "公共设施;公共厕所;残障洗手间/无障碍洗手间",
        "typecode": "200303",
        "tel": [],
        "_source": "amap",
        "_keyword": "无障碍卫生间",
        "_amap_id": "B0LKCZ0YAM"
      },
      "geometry": {
        "type": "Point",
        "coordinates": [
          113.810625,
          22.777402
        ]
      }
    },
    {
      "type": "Feature",
      "properties": {
        "name": "公共厕所(桥头社区党群服务中心)",
        "address": "桥和路与桥荣路交叉口东北100米",
        "type": "公共设施;公共厕所;公共厕所",
        "typecode": "200300",
        "tel": [],
        "_source": "amap",
        "_keyword": "无障碍卫生间",
        "_amap_id": "B0LKZ7EYO9"
      },
      "geometry": {
        "type": "Point",
        "coordinates": [
          113.804561,
          22.689446
        ]
      }
    },
    {
      "type": "Feature",
      "properties": {
        "name": "公共厕所(永佳福购物广场后方)",
        "address": "桥和路与桥塘路交叉口东北40米",
        "type": "公共设施;公共厕所;残障洗手间/无障碍洗手间",
        "typecode": "200303",
        "tel": [],
        "_source": "amap",
        "_keyword": "无障碍卫生间",
        "_amap_id": "B0LKJZ1XZI"
      },
      "geometry": {
        "type": "Point",
        "coordinates": [
          113.806413,
          22.689329
        ]
      }
    },
    {
      "type": "Feature",
      "properties": {
        "name": "公共厕所(深圳鹏晖中英文学校)",
        "address": "天福路与宝安大道交叉口西80米",
        "type": "公共设施;公共厕所;残障洗手间/无障碍洗手间",
        "typecode": "200303",
        "tel": [],
        "_source": "amap",
        "_keyword": "无障碍卫生间",
        "_amap_id": "B0LKUUZGAS"
      },
      "geometry": {
        "type": "Point",
        "coordinates": [
          113.806138,
          22.666921
        ]
      }
    },
    {
      "type": "Feature",
      "properties": {
        "name": "洗手间(塘尾万里学校)",
        "address": "凤塘大道与新荔路交叉口北140米",
        "type": "公共设施;公共厕所;残障洗手间/无障碍洗手间",
        "typecode": "200303",
        "tel": [],
        "_source": "amap",
        "_keyword": "无障碍卫生间",
        "_amap_id": "B0LKXUO38E"
      },
      "geometry": {
        "type": "Point",
        "coordinates": [
          113.813413,
          22.70311
        ]
      }
    },
    {
      "type": "Feature",
      "properties": {
        "name": "公共厕所(深圳机场凯悦嘉寓酒店)",
        "address": "空港八道与空港六道交叉口西140米",
        "type": "公共设施;公共厕所;残障洗手间/无障碍洗手间",
        "typecode": "200303",
        "tel": [],
        "_source": "amap",
        "_keyword": "无障碍卫生间",
        "_amap_id": "B0LKUHYJ3C"
      },
      "geometry": {
        "type": "Point",
        "coordinates": [
          113.815916,
          22.623321
        ]
      }
    },
    {
      "type": "Feature",
      "properties": {
        "name": "公共厕所(燕山学校)(内部专用)",
        "address": "洋涌路与松罗路交叉口西北240米",
        "type": "公共设施;公共厕所;残障洗手间/无障碍洗手间",
        "typecode": "200303",
        "tel": [],
        "_source": "amap",
        "_keyword": "无障碍卫生间",
        "_amap_id": "B0LKFUTOOK"
      },
      "geometry": {
        "type": "Point",
        "coordinates": [
          113.854307,
          22.796903
        ]
      }
    },
    {
      "type": "Feature",
      "properties": {
        "name": "公共厕所(公明清一幼儿园)",
        "address": "水荫路与马田路交叉口东南180米",
        "type": "公共设施;公共厕所;公共厕所",
        "typecode": "200300",
        "tel": [],
        "_source": "amap",
        "_keyword": "无障碍卫生间",
        "_amap_id": "B0LKM55V2G"
      },
      "geometry": {
        "type": "Point",
        "coordinates": [
          113.885934,
          22.793867
        ]
      }
    },
    {
      "type": "Feature",
      "properties": {
        "name": "公共厕所(深圳农村商业银行(三联支行))",
        "address": "洲石路辅路与北二路交叉口西北100米",
        "type": "公共设施;公共厕所;残障洗手间/无障碍洗手间",
        "typecode": "200303",
        "tel": [],
        "_source": "amap",
        "_keyword": "无障碍卫生间",
        "_amap_id": "B0LKUUYE1B"
      },
      "geometry": {
        "type": "Point",
        "coordinates": [
          113.863012,
          22.62541
        ]
      }
    },
    {
      "type": "Feature",
      "properties": {
        "name": "公共厕所(公明汽车站)",
        "address": "四区路与瀾樱路交叉口东北140米",
        "type": "公共设施;公共厕所;公共厕所",
        "typecode": "200300",
        "tel": [],
        "_source": "amap",
        "_keyword": "无障碍卫生间",
        "_amap_id": "B0LKM562P0"
      },
      "geometry": {
        "type": "Point",
        "coordinates": [
          113.891114,
          22.776493
        ]
      }
    },
    {
      "type": "Feature",
      "properties": {
        "name": "公共厕所(圣堤湾酒店)",
        "address": "长春北路与公明北环大道交叉口南80米",
        "type": "公共设施;公共厕所;公共厕所",
        "typecode": "200300",
        "tel": [],
        "_source": "amap",
        "_keyword": "无障碍卫生间",
        "_amap_id": "B0LKOHGO5U"
      },
      "geometry": {
        "type": "Point",
        "coordinates": [
          113.900043,
          22.793648
        ]
      }
    },
    {
      "type": "Feature",
      "properties": {
        "name": "公共厕所(深圳农村商业银行(劳动支行))",
        "address": "宝源路与劳动路交叉口东160米",
        "type": "公共设施;公共厕所;残障洗手间/无障碍洗手间",
        "typecode": "200303",
        "tel": [],
        "_source": "amap",
        "_keyword": "无障碍卫生间",
        "_amap_id": "B0LKUUZ11Y"
      },
      "geometry": {
        "type": "Point",
        "coordinates": [
          113.866556,
          22.5673
        ]
      }
    },
    {
      "type": "Feature",
      "properties": {
        "name": "公共厕所(渔业社区党群服务中心)",
        "address": "渔业新村东巷与渔业新村五巷交叉口北40米",
        "type": "公共设施;公共厕所;残障洗手间/无障碍洗手间",
        "typecode": "200303",
        "tel": [],
        "_source": "amap",
        "_keyword": "无障碍卫生间",
        "_amap_id": "B0LKJZ1XZJ"
      },
      "geometry": {
        "type": "Point",
        "coordinates": [
          113.869949,
          22.567266
        ]
      }
    },
    {
      "type": "Feature",
      "properties": {
        "name": "公共厕所(塘尾社区公园)",
        "address": "塘尾路与塘前路交叉口西南40米",
        "type": "公共设施;公共厕所;残障洗手间/无障碍洗手间",
        "typecode": "200303",
        "tel": [],
        "_source": "amap",
        "_keyword": "无障碍卫生间",
        "_amap_id": "B0LKXUNVL6"
      },
      "geometry": {
        "type": "Point",
        "coordinates": [
          113.905311,
          22.750576
        ]
      }
    },
    {
      "type": "Feature",
      "properties": {
        "name": "公共厕所(新庄社区党群服务中心)",
        "address": "延昌路与将富路交叉口东南120米",
        "type": "公共设施;公共厕所;残障洗手间/无障碍洗手间",
        "typecode": "200303",
        "tel": [],
        "_source": "amap",
        "_keyword": "无障碍卫生间",
        "_amap_id": "B0LKFUTVZW"
      },
      "geometry": {
        "type": "Point",
        "coordinates": [
          113.910054,
          22.761474
        ]
      }
    },
    {
      "type": "Feature",
      "properties": {
        "name": "公共厕所(深圳市宝安区妇幼保健院)",
        "address": "玉兰路与玉林路交叉口东160米",
        "type": "公共设施;公共厕所;残障洗手间/无障碍洗手间",
        "typecode": "200303",
        "tel": [],
        "_source": "amap",
        "_keyword": "无障碍卫生间",
        "_amap_id": "B0LKCZ15QB"
      },
      "geometry": {
        "type": "Point",
        "coordinates": [
          113.876783,
          22.562252
        ]
      }
    },
    {
      "type": "Feature",
      "properties": {
        "name": "公共厕所(深圳农村商业银行(荔园支行))",
        "address": "西乡荔园路与广深公路辅路交叉口西100米",
        "type": "公共设施;公共厕所;残障洗手间/无障碍洗手间",
        "typecode": "200303",
        "tel": [],
        "_source": "amap",
        "_keyword": "无障碍卫生间",
        "_amap_id": "B0LKUUZGAQ"
      },
      "geometry": {
        "type": "Point",
        "coordinates": [
          113.882974,
          22.576632
        ]
      }
    },
    {
      "type": "Feature",
      "properties": {
        "name": "公共厕所(石岩环湖碧道陌上花公园)",
        "address": "麻布新村四巷与麻布新村五巷交叉口东南340米",
        "type": "公共设施;公共厕所;残障洗手间/无障碍洗手间",
        "typecode": "200303",
        "tel": [],
        "_source": "amap",
        "_keyword": "无障碍卫生间",
        "_amap_id": "B0LKOHG8YJ"
      },
      "geometry": {
        "type": "Point",
        "coordinates": [
          113.902483,
          22.672237
        ]
      }
    },
    {
      "type": "Feature",
      "properties": {
        "name": "公共厕所(深圳市宝安区人民医院海华社区健康服务中心)",
        "address": "川安路与海华一路交叉口东20米",
        "type": "公共设施;公共厕所;残障洗手间/无障碍洗手间",
        "typecode": "200303",
        "tel": [],
        "_source": "amap",
        "_keyword": "无障碍卫生间",
        "_amap_id": "B0LKCZ0YAP"
      },
      "geometry": {
        "type": "Point",
        "coordinates": [
          113.886844,
          22.566004
        ]
      }
    },
    {
      "type": "Feature",
      "properties": {
        "name": "公共厕所(企龙山公园)",
        "address": "卧龙五路与卧龙三路交叉口南240米",
        "type": "公共设施;公共厕所;公共厕所",
        "typecode": "200300",
        "tel": [],
        "_source": "amap",
        "_keyword": "无障碍卫生间",
        "_amap_id": "B0LKZ5EVV3"
      },
      "geometry": {
        "type": "Point",
        "coordinates": [
          113.897235,
          22.594414
        ]
      }
    },
    {
      "type": "Feature",
      "properties": {
        "name": "公共厕所(深圳市宝安区石岩人民医院塘头社区健康服务中心)",
        "address": "塘头大道与骏业路交叉口南140米",
        "type": "公共设施;公共厕所;残障洗手间/无障碍洗手间",
        "typecode": "200303",
        "tel": [],
        "_source": "amap",
        "_keyword": "无障碍卫生间",
        "_amap_id": "B0LKCZ0QJW"
      },
      "geometry": {
        "type": "Point",
        "coordinates": [
          113.916784,
          22.660805
        ]
      }
    },
    {
      "type": "Feature",
      "properties": {
        "name": "公共厕所(深圳市宝安中医院(集团)上合社区健康服务中心)",
        "address": "上合路与宝安公园路交叉口西南60米",
        "type": "公共设施;公共厕所;残障洗手间/无障碍洗手间",
        "typecode": "200303",
        "tel": [],
        "_source": "amap",
        "_keyword": "无障碍卫生间",
        "_amap_id": "B0LKC51TPZ"
      },
      "geometry": {
        "type": "Point",
        "coordinates": [
          113.901458,
          22.57777
        ]
      }
    },
    {
      "type": "Feature",
      "properties": {
        "name": "公共厕所(兴海公园)",
        "address": "棉山路与前海路交叉口南120米",
        "type": "公共设施;公共厕所;残障洗手间/无障碍洗手间",
        "typecode": "200303",
        "tel": [],
        "_source": "amap",
        "_keyword": "无障碍卫生间",
        "_amap_id": "B0LKFUTW02"
      },
      "geometry": {
        "type": "Point",
        "coordinates": [
          113.885901,
          22.491843
        ]
      }
    },
    {
      "type": "Feature",
      "properties": {
        "name": "公共厕所(新安中学(集团)外国语学校)",
        "address": "创科九路与龙辉路交叉口西北140米",
        "type": "公共设施;公共厕所;残障洗手间/无障碍洗手间",
        "typecode": "200303",
        "tel": [],
        "_source": "amap",
        "_keyword": "无障碍卫生间",
        "_amap_id": "B0LK2CRDX6"
      },
      "geometry": {
        "type": "Point",
        "coordinates": [
          113.893152,
          22.601888
        ]
      }
    },
    {
      "type": "Feature",
      "properties": {
        "name": "公共厕所(新木社区公园)",
        "address": "祥和路与文昌路交叉口西100米",
        "type": "公共设施;公共厕所;残障洗手间/无障碍洗手间",
        "typecode": "200303",
        "tel": [],
        "_source": "amap",
        "_keyword": "无障碍卫生间",
        "_amap_id": "B0LK2CR6NH"
      },
      "geometry": {
        "type": "Point",
        "coordinates": [
          114.129225,
          22.66557
        ]
      }
    },
    {
      "type": "Feature",
      "properties": {
        "name": "公共厕所(小梅沙社区党群服务中心)",
        "address": "山海三街与S30惠深沿海高速出口交叉口西南120米",
        "type": "公共设施;公共厕所;残障洗手间/无障碍洗手间",
        "typecode": "200303",
        "tel": [],
        "_source": "amap",
        "_keyword": "无障碍卫生间",
        "_amap_id": "B0LK2CR6NF"
      },
      "geometry": {
        "type": "Point",
        "coordinates": [
          114.326146,
          22.603592
        ]
      }
    },
    {
      "type": "Feature",
      "properties": {
        "name": "公共厕所(文昌街社区健康服务中心)",
        "address": "香山西街与沙河街交叉口西80米",
        "type": "公共设施;公共厕所;残障洗手间/无障碍洗手间",
        "typecode": "200303",
        "tel": [],
        "_source": "amap",
        "_keyword": "无障碍卫生间",
        "_amap_id": "B0LK25R9TD"
      },
      "geometry": {
        "type": "Point",
        "coordinates": [
          113.96875,
          22.548953
        ]
      }
    },
    {
      "type": "Feature",
      "properties": {
        "name": "公共厕所(西乡公园)",
        "address": "西乡荔园路与宝凌路交叉口西北140米",
        "type": "公共设施;公共厕所;残障洗手间/无障碍洗手间",
        "typecode": "200303",
        "tel": [],
        "_source": "amap",
        "_keyword": "无障碍卫生间",
        "_amap_id": "B0LK25R2J1"
      },
      "geometry": {
        "type": "Point",
        "coordinates": [
          113.881363,
          22.577097
        ]
      }
    },
    {
      "type": "Feature",
      "properties": {
        "name": "公共厕所(田厦社区健康服务中心)",
        "address": "学府路与学府路中交叉口北100米",
        "type": "公共设施;公共厕所;残障洗手间/无障碍洗手间",
        "typecode": "200303",
        "tel": [],
        "_source": "amap",
        "_keyword": "无障碍卫生间",
        "_amap_id": "B0LK1ZCTKJ"
      },
      "geometry": {
        "type": "Point",
        "coordinates": [
          113.919013,
          22.528928
        ]
      }
    },
    {
      "type": "Feature",
      "properties": {
        "name": "深圳湾社康公共厕所",
        "address": "南山中心路与工业八路交叉口东北60米",
        "type": "公共设施;公共厕所;残障洗手间/无障碍洗手间",
        "typecode": "200303",
        "tel": [],
        "_source": "amap",
        "_keyword": "无障碍卫生间",
        "_amap_id": "B0LK1ZCTKH"
      },
      "geometry": {
        "type": "Point",
        "coordinates": [
          113.941007,
          22.501276
        ]
      }
    },
    {
      "type": "Feature",
      "properties": {
        "name": "公共厕所(南山博物馆)",
        "address": "南头街与南山大道交叉口西南100米",
        "type": "公共设施;公共厕所;残障洗手间/无障碍洗手间",
        "typecode": "200303",
        "tel": [],
        "_source": "amap",
        "_keyword": "无障碍卫生间",
        "_amap_id": "B0LK1ZCTKD"
      },
      "geometry": {
        "type": "Point",
        "coordinates": [
          113.923668,
          22.535084
        ]
      }
    },
    {
      "type": "Feature",
      "properties": {
        "name": "公共厕所(罗租小学)",
        "address": "罗租学校路与罗租中心巷交叉口北200米",
        "type": "公共设施;公共厕所;残障洗手间/无障碍洗手间",
        "typecode": "200303",
        "tel": [],
        "_source": "amap",
        "_keyword": "无障碍卫生间",
        "_amap_id": "B0LK1ZCM9Q"
      },
      "geometry": {
        "type": "Point",
        "coordinates": [
          113.936248,
          22.674905
        ]
      }
    },
    {
      "type": "Feature",
      "properties": {
        "name": "公共厕所(蔚蓝海岸社区健康服务中心)",
        "address": "蔚蓝三路与登良路交叉口东南40米",
        "type": "公共设施;公共厕所;残障洗手间/无障碍洗手间",
        "typecode": "200303",
        "tel": [],
        "_source": "amap",
        "_keyword": "无障碍卫生间",
        "_amap_id": "B0LK1ZCEPC"
      },
      "geometry": {
        "type": "Point",
        "coordinates": [
          113.934202,
          22.50953
        ]
      }
    },
    {
      "type": "Feature",
      "properties": {
        "name": "公共厕所(南油社区健康服务中心)",
        "address": "华年路与南海大道交叉口东南100米",
        "type": "公共设施;公共厕所;残障洗手间/无障碍洗手间",
        "typecode": "200303",
        "tel": [],
        "_source": "amap",
        "_keyword": "无障碍卫生间",
        "_amap_id": "B0LK1ZCEP9"
      },
      "geometry": {
        "type": "Point",
        "coordinates": [
          113.925677,
          22.507769
        ]
      }
    },
    {
      "type": "Feature",
      "properties": {
        "name": "公共厕所(梅沙湾公园)",
        "address": "梅沙金沙街与盐梅路交叉口西北120米",
        "type": "公共设施;公共厕所;残障洗手间/无障碍洗手间",
        "typecode": "200303",
        "tel": [],
        "_source": "amap",
        "_keyword": "无障碍卫生间",
        "_amap_id": "B0LK1ZCEP7"
      },
      "geometry": {
        "type": "Point",
        "coordinates": [
          114.312649,
          22.599677
        ]
      }
    },
    {
      "type": "Feature",
      "properties": {
        "name": "公共厕所(梅沙院区)",
        "address": "艺海路与S30惠深沿海高速出口交叉口南60米",
        "type": "公共设施;公共厕所;残障洗手间/无障碍洗手间",
        "typecode": "200303",
        "tel": [],
        "_source": "amap",
        "_keyword": "无障碍卫生间",
        "_amap_id": "B0LK1CE34M"
      },
      "geometry": {
        "type": "Point",
        "coordinates": [
          114.304806,
          22.601437
        ]
      }
    },
    {
      "type": "Feature",
      "properties": {
        "name": "公共厕所(田东中学)",
        "address": "东和路与海涛路交叉口西80米",
        "type": "公共设施;公共厕所;残障洗手间/无障碍洗手间",
        "typecode": "200303",
        "tel": [],
        "_source": "amap",
        "_keyword": "无障碍卫生间",
        "_amap_id": "B0LK1CE34G"
      },
      "geometry": {
        "type": "Point",
        "coordinates": [
          114.234028,
          22.551543
        ]
      }
    },
    {
      "type": "Feature",
      "properties": {
        "name": "洗手间(桥头学校)",
        "address": "育进路与育桥路交叉口北120米",
        "type": "公共设施;公共厕所;残障洗手间/无障碍洗手间",
        "typecode": "200303",
        "tel": [],
        "_source": "amap",
        "_keyword": "无障碍卫生间",
        "_amap_id": "B0LK15E2DU"
      },
      "geometry": {
        "type": "Point",
        "coordinates": [
          113.810729,
          22.694331
        ]
      }
    },
    {
      "type": "Feature",
      "properties": {
        "name": "洗手间(人民小学)",
        "address": "晒布路与东门中路交叉口西北140米",
        "type": "公共设施;公共厕所;残障洗手间/无障碍洗手间",
        "typecode": "200303",
        "tel": [],
        "_source": "amap",
        "_keyword": "无障碍卫生间",
        "_amap_id": "B0LK15DV7W"
      },
      "geometry": {
        "type": "Point",
        "coordinates": [
          114.12111,
          22.549236
        ]
      }
    },
    {
      "type": "Feature",
      "properties": {
        "name": "洗手间(桥兴学校)",
        "address": "荔丰路与桥南路交叉口南120米",
        "type": "公共设施;公共厕所;残障洗手间/无障碍洗手间",
        "typecode": "200303",
        "tel": [],
        "_source": "amap",
        "_keyword": "无障碍卫生间",
        "_amap_id": "B0LK15DNHZ"
      },
      "geometry": {
        "type": "Point",
        "coordinates": [
          113.808918,
          22.690346
        ]
      }
    },
    {
      "type": "Feature",
      "properties": {
        "name": "公共厕所(中国农业银行深圳龙华新区支行)",
        "address": "碧和路与龙华大道交叉口西北60米",
        "type": "公共设施;公共厕所;残障洗手间/无障碍洗手间",
        "typecode": "200303",
        "tel": [],
        "_source": "amap",
        "_keyword": "无障碍卫生间",
        "_amap_id": "B0LK0H7V76"
      },
      "geometry": {
        "type": "Point",
        "coordinates": [
          114.048937,
          22.685613
        ]
      }
    },
    {
      "type": "Feature",
      "properties": {
        "name": "公共厕所(中国农业银行深圳富通城支行)",
        "address": "兴业路与悦和路交叉口南40米",
        "type": "公共设施;公共厕所;残障洗手间/无障碍洗手间",
        "typecode": "200303",
        "tel": [],
        "_source": "amap",
        "_keyword": "无障碍卫生间",
        "_amap_id": "B0LK0H7NME"
      },
      "geometry": {
        "type": "Point",
        "coordinates": [
          113.855401,
          22.568378
        ]
      }
    },
    {
      "type": "Feature",
      "properties": {
        "name": "公共厕所(中信银行蛇口支行)",
        "address": "迎涛路与望海路交叉口北40米",
        "type": "公共设施;公共厕所;残障洗手间/无障碍洗手间",
        "typecode": "200303",
        "tel": [],
        "_source": "amap",
        "_keyword": "无障碍卫生间",
        "_amap_id": "B0LK0H7G5U"
      },
      "geometry": {
        "type": "Point",
        "coordinates": [
          113.915411,
          22.480855
        ]
      }
    },
    {
      "type": "Feature",
      "properties": {
        "name": "公共厕所(中国邮政储蓄银行田寮营业所)",
        "address": "田湾路与文明路交叉口东40米",
        "type": "公共设施;公共厕所;残障洗手间/无障碍洗手间",
        "typecode": "200303",
        "tel": [],
        "_source": "amap",
        "_keyword": "无障碍卫生间",
        "_amap_id": "B0LK0H7G5T"
      },
      "geometry": {
        "type": "Point",
        "coordinates": [
          113.904609,
          22.726685
        ]
      }
    },
    {
      "type": "Feature",
      "properties": {
        "name": "公共厕所(中国农业银行深圳盐田区支行)",
        "address": "东海四街与盐田路交叉口北60米",
        "type": "公共设施;公共厕所;残障洗手间/无障碍洗手间",
        "typecode": "200303",
        "tel": [],
        "_source": "amap",
        "_keyword": "无障碍卫生间",
        "_amap_id": "B0LK0H7G5Q"
      },
      "geometry": {
        "type": "Point",
        "coordinates": [
          114.254587,
          22.588455
        ]
      }
    },
    {
      "type": "Feature",
      "properties": {
        "name": "公共厕所(竹高塘垃圾中转站)",
        "address": "竹高塘路与平竹街交叉口东北260米",
        "type": "公共设施;公共厕所;残障洗手间/无障碍洗手间",
        "typecode": "200303",
        "tel": [],
        "_source": "amap",
        "_keyword": "无障碍卫生间",
        "_amap_id": "B0LK0C8B74"
      },
      "geometry": {
        "type": "Point",
        "coordinates": [
          114.14737,
          22.687898
        ]
      }
    },
    {
      "type": "Feature",
      "properties": {
        "name": "公共厕所(钟屋小学)",
        "address": "钟屋一路与钟屋二路交叉口东北160米",
        "type": "公共设施;公共厕所;残障洗手间/无障碍洗手间",
        "typecode": "200303",
        "tel": [],
        "_source": "amap",
        "_keyword": "无障碍卫生间",
        "_amap_id": "B0LK0C8B73"
      },
      "geometry": {
        "type": "Point",
        "coordinates": [
          113.847242,
          22.622803
        ]
      }
    },
    {
      "type": "Feature",
      "properties": {
        "name": "公共厕所(朱古石路)",
        "address": "连心路与将军帽路交叉口西北100米",
        "type": "公共设施;公共厕所;残障洗手间/无障碍洗手间",
        "typecode": "200303",
        "tel": [],
        "_source": "amap",
        "_keyword": "无障碍卫生间",
        "_amap_id": "B0LK0C83KF"
      },
      "geometry": {
        "type": "Point",
        "coordinates": [
          114.229503,
          22.747354
        ]
      }
    },
    {
      "type": "Feature",
      "properties": {
        "name": "公共厕所(清湖文化公园东入口处)",
        "address": "大和路与清湖东一巷交叉口西北200米",
        "type": "公共设施;公共厕所;残障洗手间/无障碍洗手间",
        "typecode": "200303",
        "tel": [],
        "_source": "amap",
        "_keyword": "无障碍卫生间",
        "_amap_id": "B0LKZ7FBP8"
      },
      "geometry": {
        "type": "Point",
        "coordinates": [
          114.051661,
          22.668914
        ]
      }
    },
    {
      "type": "Feature",
      "properties": {
        "name": "福田区上沙小学无障碍卫生间",
        "address": "沙头街道上沙村48栋一巷10号",
        "type": "公共设施;公共厕所;残障洗手间/无障碍洗手间",
        "typecode": "200303",
        "tel": [],
        "_source": "amap",
        "_keyword": "无障碍卫生间",
        "_amap_id": "B0LRBZNSOC"
      },
      "geometry": {
        "type": "Point",
        "coordinates": [
          114.028836,
          22.522797
        ]
      }
    },
    {
      "type": "Feature",
      "properties": {
        "name": "公共厕所(天虹商场民治店三楼)",
        "address": "民治大道与横岭北街交叉口北80米",
        "type": "公共设施;公共厕所;残障洗手间/无障碍洗手间",
        "typecode": "200303",
        "tel": [],
        "_source": "amap",
        "_keyword": "无障碍卫生间",
        "_amap_id": "B0LKXUO38H"
      },
      "geometry": {
        "type": "Point",
        "coordinates": [
          114.045068,
          22.61016
        ]
      }
    },
    {
      "type": "Feature",
      "properties": {
        "name": "梅林山公园A02MLS005(山顶)无障碍卫生间",
        "address": "梅亭路14号",
        "type": "公共设施;公共厕所;公共厕所",
        "typecode": "200300",
        "tel": [],
        "_source": "amap",
        "_keyword": "无障碍卫生间",
        "_amap_id": "B0LRBZLU58"
      },
      "geometry": {
        "type": "Point",
        "coordinates": [
          114.039482,
          22.57138
        ]
      }
    },
    {
      "type": "Feature",
      "properties": {
        "name": "梅林公园山顶小店无障碍卫生间",
        "address": "梅亭路14号",
        "type": "公共设施;公共厕所;残障洗手间/无障碍洗手间",
        "typecode": "200303",
        "tel": [],
        "_source": "amap",
        "_keyword": "无障碍卫生间",
        "_amap_id": "B0LRBZNE09"
      },
      "geometry": {
        "type": "Point",
        "coordinates": [
          114.041454,
          22.57092
        ]
      }
    },
    {
      "type": "Feature",
      "properties": {
        "name": "新洲小学无障碍卫生间",
        "address": "新洲九街2号",
        "type": "公共设施;公共厕所;残障洗手间/无障碍洗手间",
        "typecode": "200303",
        "tel": [],
        "_source": "amap",
        "_keyword": "无障碍卫生间",
        "_amap_id": "B0LRBZN85D"
      },
      "geometry": {
        "type": "Point",
        "coordinates": [
          114.04902,
          22.525054
        ]
      }
    },
    {
      "type": "Feature",
      "properties": {
        "name": "彩田公园西门公厕无障碍卫生间",
        "address": "彩田公园西门公厕",
        "type": "公共设施;公共厕所;残障洗手间/无障碍洗手间",
        "typecode": "200303",
        "tel": [],
        "_source": "amap",
        "_keyword": "无障碍卫生间",
        "_amap_id": "B0LRBANDBL"
      },
      "geometry": {
        "type": "Point",
        "coordinates": [
          114.063392,
          22.562904
        ]
      }
    },
    {
      "type": "Feature",
      "properties": {
        "name": "彩田公园南门无障碍卫生间",
        "address": "彩田公园南门公厕",
        "type": "公共设施;公共厕所;残障洗手间/无障碍洗手间",
        "typecode": "200303",
        "tel": [],
        "_source": "amap",
        "_keyword": "无障碍卫生间",
        "_amap_id": "B0LRBZN82V"
      },
      "geometry": {
        "type": "Point",
        "coordinates": [
          114.065983,
          22.563831
        ]
      }
    },
    {
      "type": "Feature",
      "properties": {
        "name": "深业上城北区公寓西座一楼无障碍卫生间",
        "address": "莲科路西侧华富街道公共法律服务中心内",
        "type": "公共设施;公共厕所;公共厕所",
        "typecode": "200300",
        "tel": [],
        "_source": "amap",
        "_keyword": "无障碍卫生间",
        "_amap_id": "B0LRBAN7R3"
      },
      "geometry": {
        "type": "Point",
        "coordinates": [
          114.068295,
          22.558085
        ]
      }
    },
    {
      "type": "Feature",
      "properties": {
        "name": "莲花一村广场无障碍卫生间",
        "address": "莲花一村广场舞台右侧",
        "type": "公共设施;公共厕所;残障洗手间/无障碍洗手间",
        "typecode": "200303",
        "tel": [],
        "_source": "amap",
        "_keyword": "无障碍卫生间",
        "_amap_id": "B0LRBZLEAX"
      },
      "geometry": {
        "type": "Point",
        "coordinates": [
          114.070161,
          22.553373
        ]
      }
    },
    {
      "type": "Feature",
      "properties": {
        "name": "福民大厦福民党群无障碍卫生间",
        "address": "福田街道福民大厦",
        "type": "公共设施;公共厕所;残障洗手间/无障碍洗手间",
        "typecode": "200303",
        "tel": [],
        "_source": "amap",
        "_keyword": "无障碍卫生间",
        "_amap_id": "B0LRBAN4KS"
      },
      "geometry": {
        "type": "Point",
        "coordinates": [
          114.069155,
          22.522649
        ]
      }
    },
    {
      "type": "Feature",
      "properties": {
        "name": "公共厕所(银湖蓝山社区健康服务中心)",
        "address": "北环大道辅路与珠环三路交叉口西80米",
        "type": "公共设施;公共厕所;残障洗手间/无障碍洗手间",
        "typecode": "200303",
        "tel": [],
        "_source": "amap",
        "_keyword": "无障碍卫生间",
        "_amap_id": "B0LKJZ1R7R"
      },
      "geometry": {
        "type": "Point",
        "coordinates": [
          114.081802,
          22.57016
        ]
      }
    },
    {
      "type": "Feature",
      "properties": {
        "name": "华红社区党群服务中心无障碍卫生间",
        "address": "交行大厦一层",
        "type": "公共设施;公共设施;公共设施",
        "typecode": "200000",
        "tel": [],
        "_source": "amap",
        "_keyword": "无障碍卫生间",
        "_amap_id": "B0LRPLS6B6"
      },
      "geometry": {
        "type": "Point",
        "coordinates": [
          114.085129,
          22.549109
        ]
      }
    },
    {
      "type": "Feature",
      "properties": {
        "name": "华强北垃圾转运站无障碍卫生间",
        "address": "华强北路4005号",
        "type": "公共设施;公共厕所;残障洗手间/无障碍洗手间",
        "typecode": "200303",
        "tel": [],
        "_source": "amap",
        "_keyword": "无障碍卫生间",
        "_amap_id": "B0LRBZNL80"
      },
      "geometry": {
        "type": "Point",
        "coordinates": [
          114.0871,
          22.552962
        ]
      }
    },
    {
      "type": "Feature",
      "properties": {
        "name": "华强南转运站无障碍卫生间",
        "address": "华强南路3003号",
        "type": "公共设施;公共厕所;残障洗手间/无障碍洗手间",
        "typecode": "200303",
        "tel": [],
        "_source": "amap",
        "_keyword": "无障碍卫生间",
        "_amap_id": "B0LRBSLF1I"
      },
      "geometry": {
        "type": "Point",
        "coordinates": [
          114.086463,
          22.538421
        ]
      }
    },
    {
      "type": "Feature",
      "properties": {
        "name": "公共厕所(银湖社区健康服务中心)",
        "address": "金碧路与金宁路交叉口西120米",
        "type": "公共设施;公共厕所;残障洗手间/无障碍洗手间",
        "typecode": "200303",
        "tel": [],
        "_source": "amap",
        "_keyword": "无障碍卫生间",
        "_amap_id": "B0LKJZ1JTR"
      },
      "geometry": {
        "type": "Point",
        "coordinates": [
          114.093387,
          22.568401
        ]
      }
    },
    {
      "type": "Feature",
      "properties": {
        "name": "公共厕所(深圳农商银行(山厦支行))",
        "address": "新厦大道与新力路交叉口东南120米",
        "type": "公共设施;公共厕所;残障洗手间/无障碍洗手间",
        "typecode": "200303",
        "tel": [],
        "_source": "amap",
        "_keyword": "无障碍卫生间",
        "_amap_id": "B0LKUUZ11Z"
      },
      "geometry": {
        "type": "Point",
        "coordinates": [
          114.123724,
          22.70139
        ]
      }
    },
    {
      "type": "Feature",
      "properties": {
        "name": "鹏盛社区党群服务中心无障碍卫生间",
        "address": "八卦一路盛12号",
        "type": "公共设施;公共厕所;残障洗手间/无障碍洗手间",
        "typecode": "200303",
        "tel": [],
        "_source": "amap",
        "_keyword": "无障碍卫生间",
        "_amap_id": "B0LRHA7ZIH"
      },
      "geometry": {
        "type": "Point",
        "coordinates": [
          114.097697,
          22.556797
        ]
      }
    },
    {
      "type": "Feature",
      "properties": {
        "name": "公共厕所(思清公园)",
        "address": "西环路与环德路交叉口东北180米",
        "type": "公共设施;公共厕所;残障洗手间/无障碍洗手间",
        "typecode": "200303",
        "tel": [],
        "_source": "amap",
        "_keyword": "无障碍卫生间",
        "_amap_id": "B0LKOCHDT1"
      },
      "geometry": {
        "type": "Point",
        "coordinates": [
          114.108285,
          22.592716
        ]
      }
    },
    {
      "type": "Feature",
      "properties": {
        "name": "公共厕所(浦发银行(深圳分行))",
        "address": "浦诚路与红岭北路交叉口东60米",
        "type": "公共设施;公共厕所;公共厕所",
        "typecode": "200300",
        "tel": [],
        "_source": "amap",
        "_keyword": "无障碍卫生间",
        "_amap_id": "B0LKZ5EVV2"
      },
      "geometry": {
        "type": "Point",
        "coordinates": [
          114.104997,
          22.564216
        ]
      }
    },
    {
      "type": "Feature",
      "properties": {
        "name": "公共厕所(笋岗街道社区健康服务中心)",
        "address": "梅园路与宝岗路交叉口北40米",
        "type": "公共设施;公共厕所;残障洗手间/无障碍洗手间",
        "typecode": "200303",
        "tel": [],
        "_source": "amap",
        "_keyword": "无障碍卫生间",
        "_amap_id": "B0LKXUO38B"
      },
      "geometry": {
        "type": "Point",
        "coordinates": [
          114.111968,
          22.564162
        ]
      }
    },
    {
      "type": "Feature",
      "properties": {
        "name": "公共厕所(香格里拉大酒店)",
        "address": "建设路与人民南路交叉口西40米",
        "type": "公共设施;公共厕所;残障洗手间/无障碍洗手间",
        "typecode": "200303",
        "tel": [],
        "_source": "amap",
        "_keyword": "无障碍卫生间",
        "_amap_id": "B0LKOAG5MZ"
      },
      "geometry": {
        "type": "Point",
        "coordinates": [
          114.118664,
          22.533561
        ]
      }
    },
    {
      "type": "Feature",
      "properties": {
        "name": "公共厕所(粤海酒店)",
        "address": "嘉北六街与南湖路交叉口东北40米",
        "type": "公共设施;公共厕所;残障洗手间/无障碍洗手间",
        "typecode": "200303",
        "tel": [],
        "_source": "amap",
        "_keyword": "无障碍卫生间",
        "_amap_id": "B0LKJ521DW"
      },
      "geometry": {
        "type": "Point",
        "coordinates": [
          114.120587,
          22.543149
        ]
      }
    },
    {
      "type": "Feature",
      "properties": {
        "name": "公共厕所(深圳彭年万丽酒店)",
        "address": "东门南路与嘉宾路交叉口西60米",
        "type": "公共设施;公共厕所;残障洗手间/无障碍洗手间",
        "typecode": "200303",
        "tel": [],
        "_source": "amap",
        "_keyword": "无障碍卫生间",
        "_amap_id": "B0LKUUZNS4"
      },
      "geometry": {
        "type": "Point",
        "coordinates": [
          114.122508,
          22.541128
        ]
      }
    },
    {
      "type": "Feature",
      "properties": {
        "name": "公共厕所(求水山公园)",
        "address": "罗岗路与南湾龙山路交叉口南200米",
        "type": "公共设施;公共厕所;残障洗手间/无障碍洗手间",
        "typecode": "200303",
        "tel": [],
        "_source": "amap",
        "_keyword": "无障碍卫生间",
        "_amap_id": "B0LKZ7EYOD"
      },
      "geometry": {
        "type": "Point",
        "coordinates": [
          114.143142,
          22.599051
        ]
      }
    },
    {
      "type": "Feature",
      "properties": {
        "name": "无障碍洗手间(KK TIME)",
        "address": "水贝二路81号(洪湖地铁站D口步行350米)KK TIMEL2层",
        "type": "公共设施;公共厕所;残障洗手间/无障碍洗手间",
        "typecode": "200303",
        "tel": [],
        "_source": "amap",
        "_keyword": "无障碍卫生间",
        "_amap_id": "B0MBNCT6ML"
      },
      "geometry": {
        "type": "Point",
        "coordinates": [
          114.124198,
          22.569927
        ]
      }
    },
    {
      "type": "Feature",
      "properties": {
        "name": "无障碍洗手间(KK TIME)",
        "address": "水贝二路81号(洪湖地铁站D口步行350米)KK TIMEB1层",
        "type": "公共设施;公共厕所;残障洗手间/无障碍洗手间",
        "typecode": "200303",
        "tel": [],
        "_source": "amap",
        "_keyword": "无障碍卫生间",
        "_amap_id": "B0MBNCT6MK"
      },
      "geometry": {
        "type": "Point",
        "coordinates": [
          114.124208,
          22.568371
        ]
      }
    },
    {
      "type": "Feature",
      "properties": {
        "name": "无障碍洗手间(KK TIME)",
        "address": "水贝二路81号(洪湖地铁站D口步行350米)KK TIMEL4层",
        "type": "公共设施;公共厕所;残障洗手间/无障碍洗手间",
        "typecode": "200303",
        "tel": [],
        "_source": "amap",
        "_keyword": "无障碍卫生间",
        "_amap_id": "B0MBNCSZ12"
      },
      "geometry": {
        "type": "Point",
        "coordinates": [
          114.124206,
          22.56992
        ]
      }
    },
    {
      "type": "Feature",
      "properties": {
        "name": "无障碍洗手间(KK TIME)",
        "address": "水贝二路81号(洪湖地铁站D口步行350米)KK TIMEB1层",
        "type": "公共设施;公共厕所;残障洗手间/无障碍洗手间",
        "typecode": "200303",
        "tel": [],
        "_source": "amap",
        "_keyword": "无障碍卫生间",
        "_amap_id": "B0MBNCSZ11"
      },
      "geometry": {
        "type": "Point",
        "coordinates": [
          114.124183,
          22.567872
        ]
      }
    },
    {
      "type": "Feature",
      "properties": {
        "name": "无障碍洗手间(KK TIME)",
        "address": "水贝二路81号(洪湖地铁站D口步行350米)KK TIMEL2层",
        "type": "公共设施;公共厕所;残障洗手间/无障碍洗手间",
        "typecode": "200303",
        "tel": [],
        "_source": "amap",
        "_keyword": "无障碍卫生间",
        "_amap_id": "B0MBNCSW1P"
      },
      "geometry": {
        "type": "Point",
        "coordinates": [
          114.124235,
          22.567753
        ]
      }
    },
    {
      "type": "Feature",
      "properties": {
        "name": "无障碍洗手间(KK TIME)",
        "address": "水贝二路81号(洪湖地铁站D口步行350米)KK TIMEL2层",
        "type": "公共设施;公共厕所;残障洗手间/无障碍洗手间",
        "typecode": "200303",
        "tel": [],
        "_source": "amap",
        "_keyword": "无障碍卫生间",
        "_amap_id": "B0MBNCSW1O"
      },
      "geometry": {
        "type": "Point",
        "coordinates": [
          114.124269,
          22.567488
        ]
      }
    },
    {
      "type": "Feature",
      "properties": {
        "name": "无障碍洗手间(KK TIME)",
        "address": "水贝二路81号(洪湖地铁站D口步行350米)KK TIMEL3层",
        "type": "公共设施;公共厕所;残障洗手间/无障碍洗手间",
        "typecode": "200303",
        "tel": [],
        "_source": "amap",
        "_keyword": "无障碍卫生间",
        "_amap_id": "B0MBNCSO3I"
      },
      "geometry": {
        "type": "Point",
        "coordinates": [
          114.124195,
          22.569941
        ]
      }
    },
    {
      "type": "Feature",
      "properties": {
        "name": "无障碍洗手间(京基百纳广场沙井店)",
        "address": "沙井路168号京基百纳广场(沙井店)L5层",
        "type": "公共设施;公共厕所;残障洗手间/无障碍洗手间",
        "typecode": "200303",
        "tel": [],
        "_source": "amap",
        "_keyword": "无障碍卫生间",
        "_amap_id": "B0M6JUELZF"
      },
      "geometry": {
        "type": "Point",
        "coordinates": [
          113.805989,
          22.727256
        ]
      }
    },
    {
      "type": "Feature",
      "properties": {
        "name": "无障碍洗手间(京基百纳广场沙井店)",
        "address": "沙井路168号京基百纳广场(沙井店)L4层",
        "type": "公共设施;公共厕所;残障洗手间/无障碍洗手间",
        "typecode": "200303",
        "tel": [],
        "_source": "amap",
        "_keyword": "无障碍卫生间",
        "_amap_id": "B0M6JUELZ1"
      },
      "geometry": {
        "type": "Point",
        "coordinates": [
          113.805939,
          22.727242
        ]
      }
    },
    {
      "type": "Feature",
      "properties": {
        "name": "无障碍洗手间(京基百纳广场沙井店)",
        "address": "沙井路168号京基百纳广场(沙井店)L4层",
        "type": "公共设施;公共厕所;残障洗手间/无障碍洗手间",
        "typecode": "200303",
        "tel": [],
        "_source": "amap",
        "_keyword": "无障碍卫生间",
        "_amap_id": "B0M6JUELYZ"
      },
      "geometry": {
        "type": "Point",
        "coordinates": [
          113.806519,
          22.728092
        ]
      }
    },
    {
      "type": "Feature",
      "properties": {
        "name": "无障碍洗手间(京基百纳广场沙井店)",
        "address": "沙井路168号京基百纳广场(沙井店)L2层",
        "type": "公共设施;公共厕所;残障洗手间/无障碍洗手间",
        "typecode": "200303",
        "tel": [],
        "_source": "amap",
        "_keyword": "无障碍卫生间",
        "_amap_id": "B0M6JUELYO"
      },
      "geometry": {
        "type": "Point",
        "coordinates": [
          113.805967,
          22.727259
        ]
      }
    },
    {
      "type": "Feature",
      "properties": {
        "name": "无障碍洗手间(京基百纳广场沙井店)",
        "address": "沙井路168号京基百纳广场(沙井店)L1层",
        "type": "公共设施;公共厕所;残障洗手间/无障碍洗手间",
        "typecode": "200303",
        "tel": [],
        "_source": "amap",
        "_keyword": "无障碍卫生间",
        "_amap_id": "B0M6JUEARE"
      },
      "geometry": {
        "type": "Point",
        "coordinates": [
          113.805554,
          22.728365
        ]
      }
    },
    {
      "type": "Feature",
      "properties": {
        "name": "无障碍洗手间(京基百纳广场沙井店)",
        "address": "沙井路168号京基百纳广场(沙井店)L6层",
        "type": "公共设施;公共厕所;残障洗手间/无障碍洗手间",
        "typecode": "200303",
        "tel": [],
        "_source": "amap",
        "_keyword": "无障碍卫生间",
        "_amap_id": "B0M6JUDXJ0"
      },
      "geometry": {
        "type": "Point",
        "coordinates": [
          113.806039,
          22.72726
        ]
      }
    },
    {
      "type": "Feature",
      "properties": {
        "name": "无障碍洗手间(京基百纳广场沙井店)",
        "address": "沙井路168号京基百纳广场(沙井店)L3层",
        "type": "公共设施;公共厕所;残障洗手间/无障碍洗手间",
        "typecode": "200303",
        "tel": [],
        "_source": "amap",
        "_keyword": "无障碍卫生间",
        "_amap_id": "B0M6JUDXII"
      },
      "geometry": {
        "type": "Point",
        "coordinates": [
          113.805979,
          22.727258
        ]
      }
    },
    {
      "type": "Feature",
      "properties": {
        "name": "无障碍洗手间(京基百纳广场沙井店)",
        "address": "沙井路168号京基百纳广场(沙井店)L2层",
        "type": "公共设施;公共厕所;残障洗手间/无障碍洗手间",
        "typecode": "200303",
        "tel": [],
        "_source": "amap",
        "_keyword": "无障碍卫生间",
        "_amap_id": "B0M6JUDXIA"
      },
      "geometry": {
        "type": "Point",
        "coordinates": [
          113.80646,
          22.728045
        ]
      }
    },
    {
      "type": "Feature",
      "properties": {
        "name": "无障碍洗手间(欢乐颂购物中心)",
        "address": "南新路3030号欢乐颂购物中心B1层",
        "type": "公共设施;公共厕所;残障洗手间/无障碍洗手间",
        "typecode": "200303",
        "tel": [],
        "_source": "amap",
        "_keyword": "无障碍卫生间",
        "_amap_id": "B0M6FL0PDW"
      },
      "geometry": {
        "type": "Point",
        "coordinates": [
          113.920202,
          22.535247
        ]
      }
    },
    {
      "type": "Feature",
      "properties": {
        "name": "无障碍洗手间(欢乐颂购物中心)",
        "address": "南新路3030号欢乐颂购物中心L4层",
        "type": "公共设施;公共厕所;残障洗手间/无障碍洗手间",
        "typecode": "200303",
        "tel": [],
        "_source": "amap",
        "_keyword": "无障碍卫生间",
        "_amap_id": "B0M6FL0HVO"
      },
      "geometry": {
        "type": "Point",
        "coordinates": [
          113.920075,
          22.535458
        ]
      }
    },
    {
      "type": "Feature",
      "properties": {
        "name": "万达广场(深圳龙岗店)-无障碍洗手间",
        "address": "凤安路与华南二道交叉口东北140米",
        "type": "公共设施;公共厕所;公共厕所",
        "typecode": "200300",
        "tel": [],
        "_source": "amap",
        "_keyword": "无障碍卫生间",
        "_amap_id": "B0M6A5YM55"
      },
      "geometry": {
        "type": "Point",
        "coordinates": [
          114.131176,
          22.672978
        ]
      }
    },
    {
      "type": "Feature",
      "properties": {
        "name": "公共洗手间",
        "address": "布龙路911号",
        "type": "生活服务;生活服务场所;生活服务场所",
        "typecode": "070000",
        "tel": [],
        "_source": "amap",
        "_keyword": "无障碍卫生间",
        "_amap_id": "B0LUU5Q3HA"
      },
      "geometry": {
        "type": "Point",
        "coordinates": [
          114.020251,
          22.635948
        ]
      }
    },
    {
      "type": "Feature",
      "properties": {
        "name": "无障碍洗手间(深圳湾体育中心)",
        "address": "滨海大道3001号深圳湾体育中心B1层",
        "type": "公共设施;公共厕所;残障洗手间/无障碍洗手间",
        "typecode": "200303",
        "tel": [],
        "_source": "amap",
        "_keyword": "无障碍卫生间",
        "_amap_id": "B0LUMLG4DE"
      },
      "geometry": {
        "type": "Point",
        "coordinates": [
          113.948373,
          22.518297
        ]
      }
    },
    {
      "type": "Feature",
      "properties": {
        "name": "盒马鲜生无障碍卫生间",
        "address": "新洲路与新洲南新街交汇处",
        "type": "公共设施;公共设施;公共设施",
        "typecode": "200000",
        "tel": [],
        "_source": "amap",
        "_keyword": "无障碍卫生间",
        "_amap_id": "B0LRYSVR6R"
      },
      "geometry": {
        "type": "Point",
        "coordinates": [
          114.046691,
          22.521377
        ]
      }
    },
    {
      "type": "Feature",
      "properties": {
        "name": "无障碍洗手间(新沙天虹购物中心)",
        "address": "沙井街道西环路2105号新沙天虹购物中心F6层",
        "type": "公共设施;公共厕所;残障洗手间/无障碍洗手间",
        "typecode": "200303",
        "tel": [],
        "_source": "amap",
        "_keyword": "无障碍卫生间",
        "_amap_id": "B0LRJSHKW0"
      },
      "geometry": {
        "type": "Point",
        "coordinates": [
          113.800179,
          22.728962
        ]
      }
    },
    {
      "type": "Feature",
      "properties": {
        "name": "无障碍洗手间(新沙天虹购物中心)",
        "address": "沙井街道西环路2105号新沙天虹购物中心F1层",
        "type": "公共设施;公共厕所;残障洗手间/无障碍洗手间",
        "typecode": "200303",
        "tel": [],
        "_source": "amap",
        "_keyword": "无障碍卫生间",
        "_amap_id": "B0LRJSHKVX"
      },
      "geometry": {
        "type": "Point",
        "coordinates": [
          113.799965,
          22.730011
        ]
      }
    },
    {
      "type": "Feature",
      "properties": {
        "name": "香蜜湖街道图书馆公共厕所",
        "address": "农林路24号",
        "type": "公共设施;公共厕所;公共厕所",
        "typecode": "200300",
        "tel": [],
        "_source": "amap",
        "_keyword": "无障碍卫生间",
        "_amap_id": "B0L6MCXQ9A"
      },
      "geometry": {
        "type": "Point",
        "coordinates": [
          114.018855,
          22.537355
        ]
      }
    },
    {
      "type": "Feature",
      "properties": {
        "name": "香蜜湖街道东海社区无障碍卫生间",
        "address": "香蜜湖街道农轩路33号天御香山花园6栋首层",
        "type": "公共设施;公共厕所;残障洗手间/无障碍洗手间",
        "typecode": "200303",
        "tel": "0755-83710017",
        "_source": "amap",
        "_keyword": "无障碍卫生间",
        "_amap_id": "B0L6MCXQ8Z"
      },
      "geometry": {
        "type": "Point",
        "coordinates": [
          114.019878,
          22.537978
        ]
      }
    },
    {
      "type": "Feature",
      "properties": {
        "name": "香蜜湖风湿病专科医院无障碍卫生间",
        "address": "农林路24号",
        "type": "公共设施;公共厕所;残障洗手间/无障碍洗手间",
        "typecode": "200303",
        "tel": [],
        "_source": "amap",
        "_keyword": "无障碍卫生间",
        "_amap_id": "B0L6MCXB7K"
      },
      "geometry": {
        "type": "Point",
        "coordinates": [
          114.018872,
          22.537198
        ]
      }
    },
    {
      "type": "Feature",
      "properties": {
        "name": "深圳市文化馆无障碍卫生间",
        "address": "燕南路95号",
        "type": "公共设施;公共厕所;残障洗手间/无障碍洗手间",
        "typecode": "200303",
        "tel": [],
        "_source": "amap",
        "_keyword": "无障碍卫生间",
        "_amap_id": "B0L6MCX0V9"
      },
      "geometry": {
        "type": "Point",
        "coordinates": [
          114.092805,
          22.547352
        ]
      }
    },
    {
      "type": "Feature",
      "properties": {
        "name": "水围社康中心无障碍卫生间",
        "address": "福田街道水围六街122号1层",
        "type": "公共设施;公共厕所;残障洗手间/无障碍洗手间",
        "typecode": "200303",
        "tel": [],
        "_source": "amap",
        "_keyword": "无障碍卫生间",
        "_amap_id": "B0L6MCU218"
      },
      "geometry": {
        "type": "Point",
        "coordinates": [
          114.062834,
          22.519776
        ]
      }
    },
    {
      "type": "Feature",
      "properties": {
        "name": "公共厕所(笔架山公交总站)",
        "address": "笔架山公交总站旁",
        "type": "公共设施;公共厕所;公共厕所",
        "typecode": "200300",
        "tel": [],
        "_source": "amap",
        "_keyword": "无障碍卫生间",
        "_amap_id": "B0L6MCTMLL"
      },
      "geometry": {
        "type": "Point",
        "coordinates": [
          114.079828,
          22.556044
        ]
      }
    },
    {
      "type": "Feature",
      "properties": {
        "name": "上步小学无障碍卫生间",
        "address": "南园街道巴登社区埔新街1号深圳市福田区上步小学",
        "type": "公共设施;公共厕所;残障洗手间/无障碍洗手间",
        "typecode": "200303",
        "tel": "0755-25986536",
        "_source": "amap",
        "_keyword": "无障碍卫生间",
        "_amap_id": "B0L6MCR1ZR"
      },
      "geometry": {
        "type": "Point",
        "coordinates": [
          114.098626,
          22.537827
        ]
      }
    },
    {
      "type": "Feature",
      "properties": {
        "name": "深圳市第二人民医院中西医结合分院无障碍卫生间",
        "address": "振华路2号",
        "type": "公共设施;公共厕所;残障洗手间/无障碍洗手间",
        "typecode": "200303",
        "tel": [],
        "_source": "amap",
        "_keyword": "无障碍卫生间",
        "_amap_id": "B0L6MCP4U9"
      },
      "geometry": {
        "type": "Point",
        "coordinates": [
          114.095619,
          22.544799
        ]
      }
    },
    {
      "type": "Feature",
      "properties": {
        "name": "华富街道图书馆无障碍卫生间",
        "address": "莲花一村3栋",
        "type": "公共设施;公共厕所;残障洗手间/无障碍洗手间",
        "typecode": "200303",
        "tel": [],
        "_source": "amap",
        "_keyword": "无障碍卫生间",
        "_amap_id": "B0L6MCP4TL"
      },
      "geometry": {
        "type": "Point",
        "coordinates": [
          114.071605,
          22.552791
        ]
      }
    },
    {
      "type": "Feature",
      "properties": {
        "name": "笔架山公园天趣谷无障碍卫生间",
        "address": "笔架山公园天趣谷",
        "type": "公共设施;公共厕所;残障洗手间/无障碍洗手间",
        "typecode": "200303",
        "tel": [],
        "_source": "amap",
        "_keyword": "无障碍卫生间",
        "_amap_id": "B0L6MCOP7U"
      },
      "geometry": {
        "type": "Point",
        "coordinates": [
          114.07805,
          22.563017
        ]
      }
    },
    {
      "type": "Feature",
      "properties": {
        "name": "笔架山公园北门无障碍卫生间",
        "address": "笔架山公园北门内",
        "type": "公共设施;公共厕所;残障洗手间/无障碍洗手间",
        "typecode": "200303",
        "tel": [],
        "_source": "amap",
        "_keyword": "无障碍卫生间",
        "_amap_id": "B0L6MCNMI2"
      },
      "geometry": {
        "type": "Point",
        "coordinates": [
          114.085111,
          22.566358
        ]
      }
    },
    {
      "type": "Feature",
      "properties": {
        "name": "巴登村无障碍卫生间",
        "address": "南园街道巴登社区巴登街20-2号",
        "type": "公共设施;公共厕所;残障洗手间/无障碍洗手间",
        "typecode": "200303",
        "tel": "0755-25943749",
        "_source": "amap",
        "_keyword": "无障碍卫生间",
        "_amap_id": "B0L6MCN78S"
      },
      "geometry": {
        "type": "Point",
        "coordinates": [
          114.102351,
          22.539022
        ]
      }
    },
    {
      "type": "Feature",
      "properties": {
        "name": "世纪汇购物中心负一楼无障碍卫生间",
        "address": "华强北街道中航社区深南中路3018号",
        "type": "公共设施;公共设施;公共设施",
        "typecode": "200000",
        "tel": [],
        "_source": "amap",
        "_keyword": "无障碍卫生间",
        "_amap_id": "B0L6M5XHYD"
      },
      "geometry": {
        "type": "Point",
        "coordinates": [
          114.084023,
          22.540935
        ]
      }
    },
    {
      "type": "Feature",
      "properties": {
        "name": "中航城君尚购物中心二楼无障碍厕位",
        "address": "华强北中航路1号中航城君尚购物中心",
        "type": "公共设施;公共厕所;公共厕所",
        "typecode": "200300",
        "tel": [],
        "_source": "amap",
        "_keyword": "无障碍卫生间",
        "_amap_id": "B0L6M5XHXS"
      },
      "geometry": {
        "type": "Point",
        "coordinates": [
          114.08386,
          22.54242
        ]
      }
    },
    {
      "type": "Feature",
      "properties": {
        "name": "石厦时代广场二楼无障碍卫生间",
        "address": "石厦地铁站F口步行260米",
        "type": "公共设施;公共厕所;残障洗手间/无障碍洗手间",
        "typecode": "200303",
        "tel": [],
        "_source": "amap",
        "_keyword": "无障碍卫生间",
        "_amap_id": "B0L6M5XHV7"
      },
      "geometry": {
        "type": "Point",
        "coordinates": [
          114.052938,
          22.521292
        ]
      }
    },
    {
      "type": "Feature",
      "properties": {
        "name": "PA MALL平安金融中心商场三楼无障碍卫生间",
        "address": "益田路5033号(购物公园地铁站D口步行290米)",
        "type": "公共设施;公共厕所;残障洗手间/无障碍洗手间",
        "typecode": "200303",
        "tel": [],
        "_source": "amap",
        "_keyword": "无障碍卫生间",
        "_amap_id": "B0L6M5XA9Q"
      },
      "geometry": {
        "type": "Point",
        "coordinates": [
          114.055789,
          22.532466
        ]
      }
    },
    {
      "type": "Feature",
      "properties": {
        "name": "领展中心城b1层无障碍卫生间",
        "address": "福华一路3号",
        "type": "公共设施;公共设施;公共设施",
        "typecode": "200000",
        "tel": [],
        "_source": "amap",
        "_keyword": "无障碍卫生间",
        "_amap_id": "B0L6M5WL7N"
      },
      "geometry": {
        "type": "Point",
        "coordinates": [
          114.059107,
          22.535685
        ]
      }
    },
    {
      "type": "Feature",
      "properties": {
        "name": "中航城君上购物中心三楼无障碍卫生间",
        "address": "华强北中航路1号中航城君尚购物中心",
        "type": "公共设施;公共设施;公共设施",
        "typecode": "200000",
        "tel": [],
        "_source": "amap",
        "_keyword": "无障碍卫生间",
        "_amap_id": "B0L6M5WDJY"
      },
      "geometry": {
        "type": "Point",
        "coordinates": [
          114.082765,
          22.542981
        ]
      }
    },
    {
      "type": "Feature",
      "properties": {
        "name": "世纪汇购物中心五楼无障碍卫生间",
        "address": "华强北街道中航社区深南中路3018号世纪汇购物中心B1层",
        "type": "公共设施;公共厕所;残障洗手间/无障碍洗手间",
        "typecode": "200303",
        "tel": [],
        "_source": "amap",
        "_keyword": "无障碍卫生间",
        "_amap_id": "B0L6M5WDJQ"
      },
      "geometry": {
        "type": "Point",
        "coordinates": [
          114.084056,
          22.541251
        ]
      }
    },
    {
      "type": "Feature",
      "properties": {
        "name": "世纪汇购物中心二楼无障碍卫生间",
        "address": "华强北街道中航社区深南中路3018号",
        "type": "公共设施;公共厕所;残障洗手间/无障碍洗手间",
        "typecode": "200303",
        "tel": [],
        "_source": "amap",
        "_keyword": "无障碍卫生间",
        "_amap_id": "B0L6M5V4JA"
      },
      "geometry": {
        "type": "Point",
        "coordinates": [
          114.083933,
          22.541529
        ]
      }
    },
    {
      "type": "Feature",
      "properties": {
        "name": "世纪汇购物中心四楼无障碍卫生间",
        "address": "华强北街道中航社区深南中路3018号",
        "type": "公共设施;公共厕所;残障洗手间/无障碍洗手间",
        "typecode": "200303",
        "tel": [],
        "_source": "amap",
        "_keyword": "无障碍卫生间",
        "_amap_id": "B0L6M5UWVH"
      },
      "geometry": {
        "type": "Point",
        "coordinates": [
          114.083904,
          22.541357
        ]
      }
    },
    {
      "type": "Feature",
      "properties": {
        "name": "中航城君尚购物中心四楼无障碍卫生间",
        "address": "华强北中航路1号中航城君尚购物中心",
        "type": "公共设施;公共厕所;公共厕所",
        "typecode": "200300",
        "tel": [],
        "_source": "amap",
        "_keyword": "无障碍卫生间",
        "_amap_id": "B0L6M5TMJQ"
      },
      "geometry": {
        "type": "Point",
        "coordinates": [
          114.082763,
          22.543128
        ]
      }
    },
    {
      "type": "Feature",
      "properties": {
        "name": "东方缤纷天地负二楼无障碍卫生间",
        "address": "深南大道7888号",
        "type": "公共设施;公共厕所;残障洗手间/无障碍洗手间",
        "typecode": "200303",
        "tel": [],
        "_source": "amap",
        "_keyword": "无障碍卫生间",
        "_amap_id": "B0L6M5RWU1"
      },
      "geometry": {
        "type": "Point",
        "coordinates": [
          114.021772,
          22.536879
        ]
      }
    },
    {
      "type": "Feature",
      "properties": {
        "name": "东海缤纷天地二楼无障碍卫生间",
        "address": "深南大道7888号",
        "type": "公共设施;公共设施;公共设施",
        "typecode": "200000",
        "tel": [],
        "_source": "amap",
        "_keyword": "无障碍卫生间",
        "_amap_id": "B0L6M5R1XV"
      },
      "geometry": {
        "type": "Point",
        "coordinates": [
          114.019483,
          22.535562
        ]
      }
    },
    {
      "type": "Feature",
      "properties": {
        "name": "领展中心城M层无障碍卫生间",
        "address": "福华一路3号",
        "type": "公共设施;公共厕所;公共厕所",
        "typecode": "200300",
        "tel": [],
        "_source": "amap",
        "_keyword": "无障碍卫生间",
        "_amap_id": "B0L6M5QEVB"
      },
      "geometry": {
        "type": "Point",
        "coordinates": [
          114.059421,
          22.535049
        ]
      }
    },
    {
      "type": "Feature",
      "properties": {
        "name": "残疾人洗手间(南山智园二期D2栋一层大堂)",
        "address": "留仙大道与学苑大道交货处1001号南山智园二期D2栋",
        "type": "公共设施;公共厕所;残障洗手间/无障碍洗手间",
        "typecode": "200303",
        "tel": [],
        "_source": "amap",
        "_keyword": "残疾人卫生间",
        "_amap_id": "B0K1USBE0P"
      },
      "geometry": {
        "type": "Point",
        "coordinates": [
          114.006797,
          22.595366
        ]
      }
    },
    {
      "type": "Feature",
      "properties": {
        "name": "残疾人洗手间",
        "address": "福和路与福和路西十二巷交叉口东80米",
        "type": "公共设施;公共厕所;残障洗手间/无障碍洗手间",
        "typecode": "200303",
        "tel": [],
        "_source": "amap",
        "_keyword": "残疾人卫生间",
        "_amap_id": "B0J3T7DVOU"
      },
      "geometry": {
        "type": "Point",
        "coordinates": [
          113.803568,
          22.75834
        ]
      }
    },
    {
      "type": "Feature",
      "properties": {
        "name": "残疾人洗手间(中航城君尚购物中心A区)",
        "address": "振中一街与中航一街交叉口南60米",
        "type": "公共设施;公共厕所;残障洗手间/无障碍洗手间",
        "typecode": "200303",
        "tel": [],
        "_source": "amap",
        "_keyword": "残疾人卫生间",
        "_amap_id": "B0FFHJRNSA"
      },
      "geometry": {
        "type": "Point",
        "coordinates": [
          114.082729,
          22.543301
        ]
      }
    },
    {
      "type": "Feature",
      "properties": {
        "name": "残疾人洗手间(大梅沙奥特莱斯)",
        "address": "环梅路1号大梅沙奥特莱斯F1层",
        "type": "公共设施;公共厕所;残障洗手间/无障碍洗手间",
        "typecode": "200303",
        "tel": [],
        "_source": "amap",
        "_keyword": "残疾人卫生间",
        "_amap_id": "B0JK2LZDCK"
      },
      "geometry": {
        "type": "Point",
        "coordinates": [
          114.309573,
          22.598763
        ]
      }
    },
    {
      "type": "Feature",
      "properties": {
        "name": "残疾人洗手间(深圳万象天地)",
        "address": "科发路19号深圳万象天地L2层",
        "type": "公共设施;公共厕所;残障洗手间/无障碍洗手间",
        "typecode": "200303",
        "tel": [],
        "_source": "amap",
        "_keyword": "残疾人卫生间",
        "_amap_id": "B0HDZ94XYJ"
      },
      "geometry": {
        "type": "Point",
        "coordinates": [
          113.955962,
          22.54255
        ]
      }
    },
    {
      "type": "Feature",
      "properties": {
        "name": "残疾人洗手间(深圳北站)",
        "address": "民治街道北站社区致远中路28号深圳北站F1层",
        "type": "公共设施;公共厕所;残障洗手间/无障碍洗手间",
        "typecode": "200303",
        "tel": [],
        "_source": "amap",
        "_keyword": "残疾人卫生间",
        "_amap_id": "B0FFHJZWQR"
      },
      "geometry": {
        "type": "Point",
        "coordinates": [
          114.030607,
          22.609659
        ]
      }
    },
    {
      "type": "Feature",
      "properties": {
        "name": "残疾人洗手间(招商花园城南区)",
        "address": "南海大道1090号招商花园城南区L1层",
        "type": "公共设施;公共厕所;残障洗手间/无障碍洗手间",
        "typecode": "200303",
        "tel": [],
        "_source": "amap",
        "_keyword": "残疾人卫生间",
        "_amap_id": "B0KUX9XHIC"
      },
      "geometry": {
        "type": "Point",
        "coordinates": [
          113.922639,
          22.501002
        ]
      }
    },
    {
      "type": "Feature",
      "properties": {
        "name": "残疾人洗手间(深圳宝安国际机场T3航站楼)",
        "address": "福永街道深圳宝安国际机场T3航站楼2F层",
        "type": "公共设施;公共厕所;残障洗手间/无障碍洗手间",
        "typecode": "200303",
        "tel": [],
        "_source": "amap",
        "_keyword": "残疾人卫生间",
        "_amap_id": "B0J0TUUIX6"
      },
      "geometry": {
        "type": "Point",
        "coordinates": [
          113.812469,
          22.624392
        ]
      }
    },
    {
      "type": "Feature",
      "properties": {
        "name": "残疾人洗手间(深圳宝安国际机场T3航站楼)",
        "address": "福永街道深圳宝安国际机场T3航站楼1F层",
        "type": "公共设施;公共厕所;残障洗手间/无障碍洗手间",
        "typecode": "200303",
        "tel": [],
        "_source": "amap",
        "_keyword": "残疾人卫生间",
        "_amap_id": "B0J0TUQICG"
      },
      "geometry": {
        "type": "Point",
        "coordinates": [
          113.813201,
          22.624696
        ]
      }
    },
    {
      "type": "Feature",
      "properties": {
        "name": "残疾人洗手间(皇庭广场)",
        "address": "福华三路118号皇庭广场G层",
        "type": "公共设施;公共厕所;残障洗手间/无障碍洗手间",
        "typecode": "200303",
        "tel": [],
        "_source": "amap",
        "_keyword": "残疾人卫生间",
        "_amap_id": "B0FFJHY1LR"
      },
      "geometry": {
        "type": "Point",
        "coordinates": [
          114.060509,
          22.532969
        ]
      }
    },
    {
      "type": "Feature",
      "properties": {
        "name": "残疾人洗手间(大梅沙奥特莱斯)",
        "address": "环梅路1号大梅沙奥特莱斯F1层",
        "type": "公共设施;公共厕所;残障洗手间/无障碍洗手间",
        "typecode": "200303",
        "tel": [],
        "_source": "amap",
        "_keyword": "残疾人卫生间",
        "_amap_id": "B0JK2LYXXI"
      },
      "geometry": {
        "type": "Point",
        "coordinates": [
          114.307117,
          22.597499
        ]
      }
    },
    {
      "type": "Feature",
      "properties": {
        "name": "残疾人洗手间(皇庭广场)",
        "address": "福华三路118号皇庭广场G层",
        "type": "公共设施;公共厕所;残障洗手间/无障碍洗手间",
        "typecode": "200303",
        "tel": [],
        "_source": "amap",
        "_keyword": "残疾人卫生间",
        "_amap_id": "B0FFJHY1LT"
      },
      "geometry": {
        "type": "Point",
        "coordinates": [
          114.059694,
          22.53413
        ]
      }
    },
    {
      "type": "Feature",
      "properties": {
        "name": "残疾人洗手间(招商花园城南区)",
        "address": "南海大道1090号招商花园城南区L3层",
        "type": "公共设施;公共厕所;残障洗手间/无障碍洗手间",
        "typecode": "200303",
        "tel": [],
        "_source": "amap",
        "_keyword": "残疾人卫生间",
        "_amap_id": "B0KUX93VML"
      },
      "geometry": {
        "type": "Point",
        "coordinates": [
          113.92321,
          22.500773
        ]
      }
    },
    {
      "type": "Feature",
      "properties": {
        "name": "残疾人洗手间(深圳宝安国际机场T3航站楼)",
        "address": "福永镇深圳宝安国际机场T3航站楼F4层",
        "type": "公共设施;公共厕所;残障洗手间/无障碍洗手间",
        "typecode": "200303",
        "tel": [],
        "_source": "amap",
        "_keyword": "残疾人卫生间",
        "_amap_id": "B0FFHJZZ55"
      },
      "geometry": {
        "type": "Point",
        "coordinates": [
          113.814502,
          22.626018
        ]
      }
    },
    {
      "type": "Feature",
      "properties": {
        "name": "残疾人洗手间(深圳宝安国际机场T3航站楼)",
        "address": "福永镇深圳宝安国际机场T3航站楼F3层",
        "type": "公共设施;公共厕所;残障洗手间/无障碍洗手间",
        "typecode": "200303",
        "tel": [],
        "_source": "amap",
        "_keyword": "残疾人卫生间",
        "_amap_id": "B0FFHJZZ4P"
      },
      "geometry": {
        "type": "Point",
        "coordinates": [
          113.808343,
          22.629116
        ]
      }
    },
    {
      "type": "Feature",
      "properties": {
        "name": "残疾人洗手间(深圳宝安国际机场T3航站楼)",
        "address": "福永镇深圳宝安国际机场T3航站楼F2层",
        "type": "公共设施;公共厕所;残障洗手间/无障碍洗手间",
        "typecode": "200303",
        "tel": [],
        "_source": "amap",
        "_keyword": "残疾人卫生间",
        "_amap_id": "B0FFHJZZ49"
      },
      "geometry": {
        "type": "Point",
        "coordinates": [
          113.809242,
          22.632174
        ]
      }
    },
    {
      "type": "Feature",
      "properties": {
        "name": "残疾人洗手间(深圳宝安国际机场T3航站楼)",
        "address": "福永镇深圳宝安国际机场T3航站楼F3层",
        "type": "公共设施;公共厕所;残障洗手间/无障碍洗手间",
        "typecode": "200303",
        "tel": [],
        "_source": "amap",
        "_keyword": "残疾人卫生间",
        "_amap_id": "B0FFHJZZ4Q"
      },
      "geometry": {
        "type": "Point",
        "coordinates": [
          113.809338,
          22.631845
        ]
      }
    },
    {
      "type": "Feature",
      "properties": {
        "name": "残疾人洗手间(深圳宝安国际机场T3航站楼)",
        "address": "福永镇深圳宝安国际机场T3航站楼F3层",
        "type": "公共设施;公共厕所;残障洗手间/无障碍洗手间",
        "typecode": "200303",
        "tel": [],
        "_source": "amap",
        "_keyword": "残疾人卫生间",
        "_amap_id": "B0FFHJZZ4S"
      },
      "geometry": {
        "type": "Point",
        "coordinates": [
          113.809704,
          22.629734
        ]
      }
    },
    {
      "type": "Feature",
      "properties": {
        "name": "残疾人洗手间(深圳宝安国际机场T3航站楼)",
        "address": "福永镇深圳宝安国际机场T3航站楼F1层",
        "type": "公共设施;公共厕所;残障洗手间/无障碍洗手间",
        "typecode": "200303",
        "tel": [],
        "_source": "amap",
        "_keyword": "残疾人卫生间",
        "_amap_id": "B0FFHJZZ3Z"
      },
      "geometry": {
        "type": "Point",
        "coordinates": [
          113.810205,
          22.630352
        ]
      }
    },
    {
      "type": "Feature",
      "properties": {
        "name": "残疾人洗手间(深圳宝安国际机场T3航站楼)",
        "address": "福永镇深圳宝安国际机场T3航站楼F3层",
        "type": "公共设施;公共厕所;残障洗手间/无障碍洗手间",
        "typecode": "200303",
        "tel": [],
        "_source": "amap",
        "_keyword": "残疾人卫生间",
        "_amap_id": "B0FFHJZZ4Y"
      },
      "geometry": {
        "type": "Point",
        "coordinates": [
          113.810281,
          22.630616
        ]
      }
    },
    {
      "type": "Feature",
      "properties": {
        "name": "残疾人洗手间(深圳宝安国际机场T3航站楼)",
        "address": "福永镇深圳宝安国际机场T3航站楼F1层",
        "type": "公共设施;公共厕所;残障洗手间/无障碍洗手间",
        "typecode": "200303",
        "tel": [],
        "_source": "amap",
        "_keyword": "残疾人卫生间",
        "_amap_id": "B0FFHJZZ3X"
      },
      "geometry": {
        "type": "Point",
        "coordinates": [
          113.810306,
          22.630405
        ]
      }
    },
    {
      "type": "Feature",
      "properties": {
        "name": "残疾人洗手间(深圳宝安国际机场T3航站楼)",
        "address": "福永镇深圳宝安国际机场T3航站楼F3层",
        "type": "公共设施;公共厕所;残障洗手间/无障碍洗手间",
        "typecode": "200303",
        "tel": [],
        "_source": "amap",
        "_keyword": "残疾人卫生间",
        "_amap_id": "B0FFHJZZ4T"
      },
      "geometry": {
        "type": "Point",
        "coordinates": [
          113.810666,
          22.629393
        ]
      }
    },
    {
      "type": "Feature",
      "properties": {
        "name": "残疾人洗手间(深圳宝安国际机场T3航站楼)",
        "address": "福永镇深圳宝安国际机场T3航站楼F3层",
        "type": "公共设施;公共厕所;残障洗手间/无障碍洗手间",
        "typecode": "200303",
        "tel": [],
        "_source": "amap",
        "_keyword": "残疾人卫生间",
        "_amap_id": "B0FFHJZZ4W"
      },
      "geometry": {
        "type": "Point",
        "coordinates": [
          113.811297,
          22.630199
        ]
      }
    },
    {
      "type": "Feature",
      "properties": {
        "name": "残疾人洗手间(深圳宝安国际机场T3航站楼)",
        "address": "福永街道深圳宝安国际机场T3航站楼3F层",
        "type": "公共设施;公共厕所;残障洗手间/无障碍洗手间",
        "typecode": "200303",
        "tel": [],
        "_source": "amap",
        "_keyword": "残疾人卫生间",
        "_amap_id": "B0J0TUUIXI"
      },
      "geometry": {
        "type": "Point",
        "coordinates": [
          113.811334,
          22.628637
        ]
      }
    },
    {
      "type": "Feature",
      "properties": {
        "name": "残疾人洗手间(深圳宝安国际机场T3航站楼)",
        "address": "福永街道深圳宝安国际机场T3航站楼5F层",
        "type": "公共设施;公共厕所;残障洗手间/无障碍洗手间",
        "typecode": "200303",
        "tel": [],
        "_source": "amap",
        "_keyword": "残疾人卫生间",
        "_amap_id": "B0J0TU005K"
      },
      "geometry": {
        "type": "Point",
        "coordinates": [
          113.811257,
          22.624955
        ]
      }
    },
    {
      "type": "Feature",
      "properties": {
        "name": "残疾人洗手间(深圳宝安国际机场T3航站楼)",
        "address": "福永镇深圳宝安国际机场T3航站楼F3层",
        "type": "公共设施;公共厕所;残障洗手间/无障碍洗手间",
        "typecode": "200303",
        "tel": [],
        "_source": "amap",
        "_keyword": "残疾人卫生间",
        "_amap_id": "B0FFHJZZ4L"
      },
      "geometry": {
        "type": "Point",
        "coordinates": [
          113.811336,
          22.624834
        ]
      }
    },
    {
      "type": "Feature",
      "properties": {
        "name": "残疾人洗手间(深圳宝安国际机场T3航站楼)",
        "address": "福永镇深圳宝安国际机场T3航站楼F3层",
        "type": "公共设施;公共厕所;残障洗手间/无障碍洗手间",
        "typecode": "200303",
        "tel": [],
        "_source": "amap",
        "_keyword": "残疾人卫生间",
        "_amap_id": "B0FFHJZZ4V"
      },
      "geometry": {
        "type": "Point",
        "coordinates": [
          113.811393,
          22.624727
        ]
      }
    },
    {
      "type": "Feature",
      "properties": {
        "name": "残疾人洗手间(深圳宝安国际机场T3航站楼)",
        "address": "福永镇深圳宝安国际机场T3航站楼F3层",
        "type": "公共设施;公共厕所;残障洗手间/无障碍洗手间",
        "typecode": "200303",
        "tel": [],
        "_source": "amap",
        "_keyword": "残疾人卫生间",
        "_amap_id": "B0FFHJZZ4U"
      },
      "geometry": {
        "type": "Point",
        "coordinates": [
          113.811904,
          22.627187
        ]
      }
    },
    {
      "type": "Feature",
      "properties": {
        "name": "残疾人洗手间(深圳宝安国际机场T3航站楼)",
        "address": "福永街道深圳宝安国际机场T3航站楼4F层",
        "type": "公共设施;公共厕所;残障洗手间/无障碍洗手间",
        "typecode": "200303",
        "tel": [],
        "_source": "amap",
        "_keyword": "残疾人卫生间",
        "_amap_id": "B0J0TUSESE"
      },
      "geometry": {
        "type": "Point",
        "coordinates": [
          113.811522,
          22.624636
        ]
      }
    },
    {
      "type": "Feature",
      "properties": {
        "name": "残疾人洗手间(深圳宝安国际机场T3航站楼)",
        "address": "福永镇深圳宝安国际机场T3航站楼F3层",
        "type": "公共设施;公共厕所;残障洗手间/无障碍洗手间",
        "typecode": "200303",
        "tel": [],
        "_source": "amap",
        "_keyword": "残疾人卫生间",
        "_amap_id": "B0FFHJZZ4X"
      },
      "geometry": {
        "type": "Point",
        "coordinates": [
          113.812671,
          22.630842
        ]
      }
    },
    {
      "type": "Feature",
      "properties": {
        "name": "残疾人洗手间(深圳宝安国际机场T3航站楼)",
        "address": "福永街道深圳宝安国际机场T3航站楼4F层",
        "type": "公共设施;公共厕所;残障洗手间/无障碍洗手间",
        "typecode": "200303",
        "tel": [],
        "_source": "amap",
        "_keyword": "残疾人卫生间",
        "_amap_id": "B0J0TUYJTZ"
      },
      "geometry": {
        "type": "Point",
        "coordinates": [
          113.811626,
          22.624684
        ]
      }
    },
    {
      "type": "Feature",
      "properties": {
        "name": "残疾人洗手间(深圳宝安国际机场T3航站楼)",
        "address": "福永镇深圳宝安国际机场T3航站楼F4层",
        "type": "公共设施;公共厕所;残障洗手间/无障碍洗手间",
        "typecode": "200303",
        "tel": [],
        "_source": "amap",
        "_keyword": "残疾人卫生间",
        "_amap_id": "B0FFHJZZ5A"
      },
      "geometry": {
        "type": "Point",
        "coordinates": [
          113.812395,
          22.626831
        ]
      }
    },
    {
      "type": "Feature",
      "properties": {
        "name": "残疾人洗手间(深圳宝安国际机场T3航站楼)",
        "address": "福永镇深圳宝安国际机场T3航站楼F4层",
        "type": "公共设施;公共厕所;残障洗手间/无障碍洗手间",
        "typecode": "200303",
        "tel": [],
        "_source": "amap",
        "_keyword": "残疾人卫生间",
        "_amap_id": "B0FFHJZZ56"
      },
      "geometry": {
        "type": "Point",
        "coordinates": [
          113.812311,
          22.625386
        ]
      }
    },
    {
      "type": "Feature",
      "properties": {
        "name": "残疾人洗手间(深圳宝安国际机场T3航站楼)",
        "address": "福永镇深圳宝安国际机场T3航站楼F3层",
        "type": "公共设施;公共厕所;残障洗手间/无障碍洗手间",
        "typecode": "200303",
        "tel": [],
        "_source": "amap",
        "_keyword": "残疾人卫生间",
        "_amap_id": "B0FFHJZZ4R"
      },
      "geometry": {
        "type": "Point",
        "coordinates": [
          113.812445,
          22.625772
        ]
      }
    },
    {
      "type": "Feature",
      "properties": {
        "name": "残疾人洗手间(深圳宝安国际机场T3航站楼)",
        "address": "福永街道深圳宝安国际机场T3航站楼2F层",
        "type": "公共设施;公共厕所;残障洗手间/无障碍洗手间",
        "typecode": "200303",
        "tel": [],
        "_source": "amap",
        "_keyword": "残疾人卫生间",
        "_amap_id": "B0J0TUWV2C"
      },
      "geometry": {
        "type": "Point",
        "coordinates": [
          113.813374,
          22.625835
        ]
      }
    },
    {
      "type": "Feature",
      "properties": {
        "name": "残疾人洗手间(深圳宝安国际机场T3航站楼)",
        "address": "福永街道深圳宝安国际机场T3航站楼4F层",
        "type": "公共设施;公共厕所;残障洗手间/无障碍洗手间",
        "typecode": "200303",
        "tel": [],
        "_source": "amap",
        "_keyword": "残疾人卫生间",
        "_amap_id": "B0J0TUYC7G"
      },
      "geometry": {
        "type": "Point",
        "coordinates": [
          113.813564,
          22.626042
        ]
      }
    },
    {
      "type": "Feature",
      "properties": {
        "name": "残疾人洗手间(深圳宝安国际机场T3航站楼)",
        "address": "福永街道深圳宝安国际机场T3航站楼4F层",
        "type": "公共设施;公共厕所;残障洗手间/无障碍洗手间",
        "typecode": "200303",
        "tel": [],
        "_source": "amap",
        "_keyword": "残疾人卫生间",
        "_amap_id": "B0J0TUYR9J"
      },
      "geometry": {
        "type": "Point",
        "coordinates": [
          113.813605,
          22.625973
        ]
      }
    },
    {
      "type": "Feature",
      "properties": {
        "name": "残疾人洗手间(深圳宝安国际机场T3航站楼)",
        "address": "福永街道深圳宝安国际机场T3航站楼1F层",
        "type": "公共设施;公共厕所;残障洗手间/无障碍洗手间",
        "typecode": "200303",
        "tel": [],
        "_source": "amap",
        "_keyword": "残疾人卫生间",
        "_amap_id": "B0J0TUQICH"
      },
      "geometry": {
        "type": "Point",
        "coordinates": [
          113.81348,
          22.625205
        ]
      }
    },
    {
      "type": "Feature",
      "properties": {
        "name": "残疾人洗手间(深圳宝安国际机场T3航站楼)",
        "address": "福永街道深圳宝安国际机场T3航站楼2F层",
        "type": "公共设施;公共厕所;残障洗手间/无障碍洗手间",
        "typecode": "200303",
        "tel": [],
        "_source": "amap",
        "_keyword": "残疾人卫生间",
        "_amap_id": "B0J0TUUIX9"
      },
      "geometry": {
        "type": "Point",
        "coordinates": [
          113.813993,
          22.626122
        ]
      }
    },
    {
      "type": "Feature",
      "properties": {
        "name": "残疾人洗手间(深圳宝安国际机场T3航站楼)",
        "address": "福永街道深圳宝安国际机场T3航站楼2F层",
        "type": "公共设施;公共厕所;残障洗手间/无障碍洗手间",
        "typecode": "200303",
        "tel": [],
        "_source": "amap",
        "_keyword": "残疾人卫生间",
        "_amap_id": "B0J0TUTVY6"
      },
      "geometry": {
        "type": "Point",
        "coordinates": [
          113.814029,
          22.625126
        ]
      }
    },
    {
      "type": "Feature",
      "properties": {
        "name": "残疾人洗手间(深圳宝安国际机场T3航站楼)",
        "address": "福永街道深圳宝安国际机场T3航站楼5F层",
        "type": "公共设施;公共厕所;残障洗手间/无障碍洗手间",
        "typecode": "200303",
        "tel": [],
        "_source": "amap",
        "_keyword": "残疾人卫生间",
        "_amap_id": "B0J0TUZ5NB"
      },
      "geometry": {
        "type": "Point",
        "coordinates": [
          113.814351,
          22.626397
        ]
      }
    },
    {
      "type": "Feature",
      "properties": {
        "name": "残疾人洗手间(信和购物广场)",
        "address": "南海大道2088号信和购物广场L4层",
        "type": "公共设施;公共厕所;残障洗手间/无障碍洗手间",
        "typecode": "200303",
        "tel": [],
        "_source": "amap",
        "_keyword": "残疾人卫生间",
        "_amap_id": "B0JK2LWT71"
      },
      "geometry": {
        "type": "Point",
        "coordinates": [
          113.924757,
          22.50566
        ]
      }
    },
    {
      "type": "Feature",
      "properties": {
        "name": "残疾人洗手间(领展中心城)",
        "address": "福华一路3号领展中心城G层",
        "type": "公共设施;公共厕所;残障洗手间/无障碍洗手间",
        "typecode": "200303",
        "tel": [],
        "_source": "amap",
        "_keyword": "残疾人卫生间",
        "_amap_id": "B0HG0SX4O9"
      },
      "geometry": {
        "type": "Point",
        "coordinates": [
          114.05928,
          22.535852
        ]
      }
    },
    {
      "type": "Feature",
      "properties": {
        "name": "残疾人洗手间(皇庭广场)",
        "address": "福华三路118号皇庭广场L1层",
        "type": "公共设施;公共厕所;残障洗手间/无障碍洗手间",
        "typecode": "200303",
        "tel": [],
        "_source": "amap",
        "_keyword": "残疾人卫生间",
        "_amap_id": "B0FFJHY1M1"
      },
      "geometry": {
        "type": "Point",
        "coordinates": [
          114.059708,
          22.534135
        ]
      }
    },
    {
      "type": "Feature",
      "properties": {
        "name": "残疾人洗手间(皇庭广场)",
        "address": "福华三路118号皇庭广场L1层",
        "type": "公共设施;公共厕所;残障洗手间/无障碍洗手间",
        "typecode": "200303",
        "tel": [],
        "_source": "amap",
        "_keyword": "残疾人卫生间",
        "_amap_id": "B0FFJHY1M8"
      },
      "geometry": {
        "type": "Point",
        "coordinates": [
          114.060217,
          22.53415
        ]
      }
    },
    {
      "type": "Feature",
      "properties": {
        "name": "残疾人洗手间(皇庭广场)",
        "address": "福华三路118号皇庭广场G层",
        "type": "公共设施;公共厕所;残障洗手间/无障碍洗手间",
        "typecode": "200303",
        "tel": [],
        "_source": "amap",
        "_keyword": "残疾人卫生间",
        "_amap_id": "B0FFJHY1M4"
      },
      "geometry": {
        "type": "Point",
        "coordinates": [
          114.060245,
          22.534119
        ]
      }
    },
    {
      "type": "Feature",
      "properties": {
        "name": "残疾人洗手间(皇庭广场)",
        "address": "福华三路118号皇庭广场B1层",
        "type": "公共设施;公共厕所;残障洗手间/无障碍洗手间",
        "typecode": "200303",
        "tel": [],
        "_source": "amap",
        "_keyword": "残疾人卫生间",
        "_amap_id": "B0FFJHY1KS"
      },
      "geometry": {
        "type": "Point",
        "coordinates": [
          114.060476,
          22.532926
        ]
      }
    },
    {
      "type": "Feature",
      "properties": {
        "name": "领展中心城一楼无障碍卫生间(麦当劳旁)",
        "address": "领展中心城一楼",
        "type": "公共设施;公共厕所;残障洗手间/无障碍洗手间",
        "typecode": "200303",
        "tel": [],
        "_source": "amap",
        "_keyword": "无障碍洗手间",
        "_amap_id": "B0L6M5PCAL"
      },
      "geometry": {
        "type": "Point",
        "coordinates": [
          114.059164,
          22.535765
        ]
      }
    },
    {
      "type": "Feature",
      "properties": {
        "name": "领展中心城一楼无障碍卫生间",
        "address": "福华一路3号",
        "type": "公共设施;公共厕所;残障洗手间/无障碍洗手间",
        "typecode": "200303",
        "tel": [],
        "_source": "amap",
        "_keyword": "无障碍洗手间",
        "_amap_id": "B0L6M5NEQJ"
      },
      "geometry": {
        "type": "Point",
        "coordinates": [
          114.05924,
          22.536258
        ]
      }
    },
    {
      "type": "Feature",
      "properties": {
        "name": "无障碍卫生间(中心书城)",
        "address": "福中一路2014号",
        "type": "公共设施;公共厕所;残障洗手间/无障碍洗手间",
        "typecode": "200303",
        "tel": [],
        "_source": "amap",
        "_keyword": "无障碍洗手间",
        "_amap_id": "B0L2NCI3M4"
      },
      "geometry": {
        "type": "Point",
        "coordinates": [
          114.059623,
          22.54708
        ]
      }
    },
    {
      "type": "Feature",
      "properties": {
        "name": "深圳市儿童医院无障碍卫生间",
        "address": "莲花街道益田路7019号",
        "type": "公共设施;公共厕所;残障洗手间/无障碍洗手间",
        "typecode": "200303",
        "tel": [],
        "_source": "amap",
        "_keyword": "无障碍洗手间",
        "_amap_id": "B0K3XR0CMQ"
      },
      "geometry": {
        "type": "Point",
        "coordinates": [
          114.055039,
          22.547627
        ]
      }
    },
    {
      "type": "Feature",
      "properties": {
        "name": "好日子皇冠酒店无障碍卫生间",
        "address": "福田中心区福华一路28号",
        "type": "公共设施;公共厕所;残障洗手间/无障碍洗手间",
        "typecode": "200303",
        "tel": [],
        "_source": "amap",
        "_keyword": "无障碍洗手间",
        "_amap_id": "B0K3V7PZY7"
      },
      "geometry": {
        "type": "Point",
        "coordinates": [
          114.053583,
          22.537247
        ]
      }
    },
    {
      "type": "Feature",
      "properties": {
        "name": "深圳市当代艺术馆与城市规划馆无障碍卫生间",
        "address": "福中路184号福中一路与鹏程四路交汇处",
        "type": "公共设施;公共厕所;残障洗手间/无障碍洗手间",
        "typecode": "200303",
        "tel": "0755-82760159",
        "_source": "amap",
        "_keyword": "无障碍洗手间",
        "_amap_id": "B0K3U9PFX6"
      },
      "geometry": {
        "type": "Point",
        "coordinates": [
          114.06114,
          22.546245
        ]
      }
    },
    {
      "type": "Feature",
      "properties": {
        "name": "深圳书城无障碍卫生间",
        "address": "福中一路2014号(少年宫地铁站D口步行120米)",
        "type": "公共设施;公共厕所;残障洗手间/无障碍洗手间",
        "typecode": "200303",
        "tel": [],
        "_source": "amap",
        "_keyword": "无障碍洗手间",
        "_amap_id": "B0K395GCAI"
      },
      "geometry": {
        "type": "Point",
        "coordinates": [
          114.059582,
          22.546537
        ]
      }
    },
    {
      "type": "Feature",
      "properties": {
        "name": "深圳音乐厅无障碍卫生间",
        "address": "福中路2016号",
        "type": "公共设施;公共厕所;残障洗手间/无障碍洗手间",
        "typecode": "200303",
        "tel": [],
        "_source": "amap",
        "_keyword": "无障碍洗手间",
        "_amap_id": "B0K395G3AJ"
      },
      "geometry": {
        "type": "Point",
        "coordinates": [
          114.057215,
          22.54716
        ]
      }
    },
    {
      "type": "Feature",
      "properties": {
        "name": "深圳图书馆二楼无障碍卫生间",
        "address": "福中路2001号",
        "type": "公共设施;公共厕所;残障洗手间/无障碍洗手间",
        "typecode": "200303",
        "tel": [],
        "_source": "amap",
        "_keyword": "无障碍洗手间",
        "_amap_id": "B0K395EP1E"
      },
      "geometry": {
        "type": "Point",
        "coordinates": [
          114.057044,
          22.546484
        ]
      }
    },
    {
      "type": "Feature",
      "properties": {
        "name": "深圳图书馆无障碍卫生间",
        "address": "福中路2001号",
        "type": "公共设施;公共厕所;残障洗手间/无障碍洗手间",
        "typecode": "200303",
        "tel": [],
        "_source": "amap",
        "_keyword": "无障碍洗手间",
        "_amap_id": "B0K395EOYK"
      },
      "geometry": {
        "type": "Point",
        "coordinates": [
          114.056842,
          22.546275
        ]
      }
    },
    {
      "type": "Feature",
      "properties": {
        "name": "关山月美术馆无障碍卫生间",
        "address": "红荔路6026号(莲花村地铁站D口步行340米)",
        "type": "公共设施;公共厕所;残障洗手间/无障碍洗手间",
        "typecode": "200303",
        "tel": [],
        "_source": "amap",
        "_keyword": "无障碍洗手间",
        "_amap_id": "B0K395BUHJ"
      },
      "geometry": {
        "type": "Point",
        "coordinates": [
          114.064291,
          22.549232
        ]
      }
    },
    {
      "type": "Feature",
      "properties": {
        "name": "大中华喜来登酒店无障碍卫生间",
        "address": "福华路大中华国际交易广场",
        "type": "公共设施;公共厕所;残障洗手间/无障碍洗手间",
        "typecode": "200303",
        "tel": [],
        "_source": "amap",
        "_keyword": "无障碍洗手间",
        "_amap_id": "B0K30R2SPN"
      },
      "geometry": {
        "type": "Point",
        "coordinates": [
          114.061799,
          22.535582
        ]
      }
    },
    {
      "type": "Feature",
      "properties": {
        "name": "福田地铁站16出口第三卫生间",
        "address": "福田地铁站16出口",
        "type": "公共设施;公共厕所;公共厕所",
        "typecode": "200300",
        "tel": [],
        "_source": "amap",
        "_keyword": "无障碍洗手间",
        "_amap_id": "B0K0ZURK38"
      },
      "geometry": {
        "type": "Point",
        "coordinates": [
          114.05567,
          22.540049
        ]
      }
    },
    {
      "type": "Feature",
      "properties": {
        "name": "福田地铁站无障碍卫生间",
        "address": "福田地铁站站厅",
        "type": "公共设施;公共厕所;公共厕所",
        "typecode": "200300",
        "tel": [],
        "_source": "amap",
        "_keyword": "无障碍洗手间",
        "_amap_id": "B0K0Z5YX39"
      },
      "geometry": {
        "type": "Point",
        "coordinates": [
          114.055622,
          22.539545
        ]
      }
    },
    {
      "type": "Feature",
      "properties": {
        "name": "福田地铁站31口第三卫生间",
        "address": "福田地铁站31号口右边",
        "type": "公共设施;公共厕所;公共厕所",
        "typecode": "200300",
        "tel": [],
        "_source": "amap",
        "_keyword": "无障碍洗手间",
        "_amap_id": "B0K0Z5UQ8C"
      },
      "geometry": {
        "type": "Point",
        "coordinates": [
          114.054186,
          22.540201
        ]
      }
    },
    {
      "type": "Feature",
      "properties": {
        "name": "洪浪北地铁站C口",
        "address": "5号线/环中线",
        "type": "交通设施服务;地铁站;出入口",
        "typecode": "150501",
        "tel": [],
        "_source": "amap",
        "_keyword": "无障碍洗手间",
        "_amap_id": "BX10018593"
      },
      "geometry": {
        "type": "Point",
        "coordinates": [
          113.910455,
          22.575113
        ]
      }
    },
    {
      "type": "Feature",
      "properties": {
        "name": "公共厕所(锦绣中华马场)",
        "address": "马战表演场西南侧",
        "type": "公共设施;公共厕所;残障洗手间/无障碍洗手间",
        "typecode": "200303",
        "tel": [],
        "_source": "amap",
        "_keyword": "无障碍洗手间",
        "_amap_id": "B0M6BAGS3E"
      },
      "geometry": {
        "type": "Point",
        "coordinates": [
          113.986647,
          22.529268
        ]
      }
    },
    {
      "type": "Feature",
      "properties": {
        "name": "公共厕所(锦绣中华十三陵模型旁)",
        "address": "深南大道辅路与恩平街交叉口南260米",
        "type": "公共设施;公共厕所;残障洗手间/无障碍洗手间",
        "typecode": "200303",
        "tel": [],
        "_source": "amap",
        "_keyword": "无障碍洗手间",
        "_amap_id": "B0M6BAGKHB"
      },
      "geometry": {
        "type": "Point",
        "coordinates": [
          113.993325,
          22.530959
        ]
      }
    },
    {
      "type": "Feature",
      "properties": {
        "name": "公共厕所",
        "address": "林景路与景轩路交叉口南320米",
        "type": "公共设施;公共厕所;公共厕所",
        "typecode": "200300",
        "tel": [],
        "_source": "amap",
        "_keyword": "无障碍洗手间",
        "_amap_id": "B0LRXU1JVP"
      },
      "geometry": {
        "type": "Point",
        "coordinates": [
          114.234854,
          22.715351
        ]
      }
    },
    {
      "type": "Feature",
      "properties": {
        "name": "深圳市福田区深大附中创新中学公厕",
        "address": "北环中学",
        "type": "商务住宅;住宅区;宿舍",
        "typecode": "120303",
        "tel": "0755-83061273",
        "_source": "amap",
        "_keyword": "无障碍洗手间",
        "_amap_id": "B0LRBZNSSI"
      },
      "geometry": {
        "type": "Point",
        "coordinates": [
          114.052101,
          22.561288
        ]
      }
    },
    {
      "type": "Feature",
      "properties": {
        "name": "深圳市福田区梅华小学(保安室)",
        "address": "梅林街道上梅林凯丰路20号",
        "type": "公共设施;公共设施;公共设施",
        "typecode": "200000",
        "tel": [],
        "_source": "amap",
        "_keyword": "无障碍洗手间",
        "_amap_id": "B0LRBZN83F"
      },
      "geometry": {
        "type": "Point",
        "coordinates": [
          114.063805,
          22.572362
        ]
      }
    },
    {
      "type": "Feature",
      "properties": {
        "name": "深圳市第三高级中学初中部无障碍卫生间",
        "address": "福保街道益田路1001号",
        "type": "公共设施;公共设施;公共设施",
        "typecode": "200000",
        "tel": [],
        "_source": "amap",
        "_keyword": "无障碍洗手间",
        "_amap_id": "B0LRBZLEQH"
      },
      "geometry": {
        "type": "Point",
        "coordinates": [
          114.05415,
          22.512845
        ]
      }
    },
    {
      "type": "Feature",
      "properties": {
        "name": "儿童乐园王子船边3号无障碍卫生间",
        "address": "儿童乐园内王子船边",
        "type": "公共设施;公共厕所;婴儿换洗间/哺乳室/母婴室",
        "typecode": "200304",
        "tel": [],
        "_source": "amap",
        "_keyword": "无障碍洗手间",
        "_amap_id": "B0LRBSNT3C"
      },
      "geometry": {
        "type": "Point",
        "coordinates": [
          114.010579,
          22.543729
        ]
      }
    },
    {
      "type": "Feature",
      "properties": {
        "name": "儿童乐园交通城旁2号无障碍卫生间",
        "address": "儿童乐园内交通城旁",
        "type": "公共设施;公共厕所;残障洗手间/无障碍洗手间",
        "typecode": "200303",
        "tel": [],
        "_source": "amap",
        "_keyword": "无障碍洗手间",
        "_amap_id": "B0LRBSNLJ5"
      },
      "geometry": {
        "type": "Point",
        "coordinates": [
          114.012881,
          22.543407
        ]
      }
    },
    {
      "type": "Feature",
      "properties": {
        "name": "竹园转运站无障碍卫生间",
        "address": "农林路59号",
        "type": "公共设施;公共厕所;残障洗手间/无障碍洗手间",
        "typecode": "200303",
        "tel": [],
        "_source": "amap",
        "_keyword": "无障碍洗手间",
        "_amap_id": "B0LRBSNEAP"
      },
      "geometry": {
        "type": "Point",
        "coordinates": [
          114.012081,
          22.5426
        ]
      }
    },
    {
      "type": "Feature",
      "properties": {
        "name": "儿童乐园后山F区(5号)无障碍卫生间",
        "address": "儿童乐园后山F区",
        "type": "公共设施;公共厕所;残障洗手间/无障碍洗手间",
        "typecode": "200303",
        "tel": [],
        "_source": "amap",
        "_keyword": "无障碍洗手间",
        "_amap_id": "B0LRBSN8VA"
      },
      "geometry": {
        "type": "Point",
        "coordinates": [
          114.008461,
          22.542693
        ]
      }
    },
    {
      "type": "Feature",
      "properties": {
        "name": "儿童乐园东大门(1号)无障碍卫生间",
        "address": "儿童乐园东大门",
        "type": "公共设施;公共厕所;婴儿换洗间/哺乳室/母婴室",
        "typecode": "200304",
        "tel": [],
        "_source": "amap",
        "_keyword": "无障碍洗手间",
        "_amap_id": "B0LRBSM1NN"
      },
      "geometry": {
        "type": "Point",
        "coordinates": [
          114.014499,
          22.543643
        ]
      }
    },
    {
      "type": "Feature",
      "properties": {
        "name": "儿童乐园科普馆(4号)无障碍卫生间",
        "address": "儿童乐园科普馆",
        "type": "公共设施;公共厕所;婴儿换洗间/哺乳室/母婴室",
        "typecode": "200304",
        "tel": [],
        "_source": "amap",
        "_keyword": "无障碍洗手间",
        "_amap_id": "B0LRBSLF1N"
      },
      "geometry": {
        "type": "Point",
        "coordinates": [
          114.010416,
          22.541356
        ]
      }
    },
    {
      "type": "Feature",
      "properties": {
        "name": "深圳丽资供油有限公司无障碍卫生间",
        "address": "香梅路1017号",
        "type": "公共设施;公共厕所;残障洗手间/无障碍洗手间",
        "typecode": "200303",
        "tel": [],
        "_source": "amap",
        "_keyword": "无障碍洗手间",
        "_amap_id": "B0LRBAN4KH"
      },
      "geometry": {
        "type": "Point",
        "coordinates": [
          114.03019,
          22.557312
        ]
      }
    },
    {
      "type": "Feature",
      "properties": {
        "name": "公共厕所(坪山区区人民医院石井社区健康服务中心)",
        "address": "坪山金田路与荔景南路交叉口北60米",
        "type": "公共设施;公共厕所;公共厕所",
        "typecode": "200300",
        "tel": [],
        "_source": "amap",
        "_keyword": "无障碍洗手间",
        "_amap_id": "B0LKZUEWL3"
      },
      "geometry": {
        "type": "Point",
        "coordinates": [
          114.3788,
          22.690384
        ]
      }
    },
    {
      "type": "Feature",
      "properties": {
        "name": "公共厕所(清湖文化公园西侧)",
        "address": "清湖新村东六巷与清湖东一巷交叉口北200米",
        "type": "公共设施;公共厕所;残障洗手间/无障碍洗手间",
        "typecode": "200303",
        "tel": [],
        "_source": "amap",
        "_keyword": "无障碍洗手间",
        "_amap_id": "B0LKZ7FBP9"
      },
      "geometry": {
        "type": "Point",
        "coordinates": [
          114.049907,
          22.668694
        ]
      }
    },
    {
      "type": "Feature",
      "properties": {
        "name": "公共厕所(清湖文化公园)",
        "address": "大和路与清华东路交叉口南180米",
        "type": "公共设施;公共厕所;公共厕所",
        "typecode": "200300",
        "tel": [],
        "_source": "amap",
        "_keyword": "无障碍洗手间",
        "_amap_id": "B0LKZ7FBP7"
      },
      "geometry": {
        "type": "Point",
        "coordinates": [
          114.050063,
          22.669653
        ]
      }
    },
    {
      "type": "Feature",
      "properties": {
        "name": "公共厕所(丘屋居民小组党群活动中心)",
        "address": "银株路与上进一巷交叉口东北100米",
        "type": "公共设施;公共厕所;残障洗手间/无障碍洗手间",
        "typecode": "200303",
        "tel": [],
        "_source": "amap",
        "_keyword": "无障碍洗手间",
        "_amap_id": "B0LKZ7EYOC"
      },
      "geometry": {
        "type": "Point",
        "coordinates": [
          114.261807,
          22.713078
        ]
      }
    },
    {
      "type": "Feature",
      "properties": {
        "name": "公共厕所(清水河街道社区健康服务中心)",
        "address": "金碧路与泥岗东路辅路交叉口西北40米",
        "type": "公共设施;公共厕所;残障洗手间/无障碍洗手间",
        "typecode": "200303",
        "tel": [],
        "_source": "amap",
        "_keyword": "无障碍洗手间",
        "_amap_id": "B0LKZ7EYOB"
      },
      "geometry": {
        "type": "Point",
        "coordinates": [
          114.099827,
          22.56635
        ]
      }
    },
    {
      "type": "Feature",
      "properties": {
        "name": "公共厕所(前海万科国际会议中心)",
        "address": "前海大道与鲤鱼门街交叉口南100米",
        "type": "公共设施;公共厕所;公共厕所",
        "typecode": "200300",
        "tel": [],
        "_source": "amap",
        "_keyword": "无障碍洗手间",
        "_amap_id": "B0LKZ7EYO7"
      },
      "geometry": {
        "type": "Point",
        "coordinates": [
          113.90268,
          22.517811
        ]
      }
    },
    {
      "type": "Feature",
      "properties": {
        "name": "公共厕所(企龙山公园山坡)",
        "address": "铁岗路与劬劳路交叉口东南280米",
        "type": "公共设施;公共厕所;公共厕所",
        "typecode": "200300",
        "tel": [],
        "_source": "amap",
        "_keyword": "无障碍洗手间",
        "_amap_id": "B0LKZ5F8XB"
      },
      "geometry": {
        "type": "Point",
        "coordinates": [
          113.88891,
          22.595499
        ]
      }
    },
    {
      "type": "Feature",
      "properties": {
        "name": "公共厕所(坪山新区人民医院碧岭社区健康服务中心)",
        "address": "鹿鸣街与锦华路交叉口西60米",
        "type": "公共设施;公共厕所;公共厕所",
        "typecode": "200300",
        "tel": [],
        "_source": "amap",
        "_keyword": "无障碍洗手间",
        "_amap_id": "B0LKZ5F8X9"
      },
      "geometry": {
        "type": "Point",
        "coordinates": [
          114.290704,
          22.668372
        ]
      }
    },
    {
      "type": "Feature",
      "properties": {
        "name": "公共厕所(坪山文创体验馆)",
        "address": "汇德路与和政路交叉口东北20米",
        "type": "公共设施;公共厕所;公共厕所",
        "typecode": "200300",
        "tel": [],
        "_source": "amap",
        "_keyword": "无障碍洗手间",
        "_amap_id": "B0LKZ5F8X8"
      },
      "geometry": {
        "type": "Point",
        "coordinates": [
          114.345902,
          22.707869
        ]
      }
    },
    {
      "type": "Feature",
      "properties": {
        "name": "公共厕所(坪山体育中心)",
        "address": "体育一路与体育四路交叉口北120米",
        "type": "公共设施;公共厕所;公共厕所",
        "typecode": "200300",
        "tel": [],
        "_source": "amap",
        "_keyword": "无障碍洗手间",
        "_amap_id": "B0LKZ5F8X6"
      },
      "geometry": {
        "type": "Point",
        "coordinates": [
          114.342916,
          22.674057
        ]
      }
    },
    {
      "type": "Feature",
      "properties": {
        "name": "公共厕所(坪山区区人民医院田心社区健康服务中心)",
        "address": "新屋路与龙兴北路交叉口北80米",
        "type": "公共设施;公共厕所;公共厕所",
        "typecode": "200300",
        "tel": [],
        "_source": "amap",
        "_keyword": "无障碍洗手间",
        "_amap_id": "B0LKZ5F8WX"
      },
      "geometry": {
        "type": "Point",
        "coordinates": [
          114.360034,
          22.756108
        ]
      }
    },
    {
      "type": "Feature",
      "properties": {
        "name": "公共厕所(前海党群服务中心)",
        "address": "梦海大道与桂湾四路交叉口西南60米",
        "type": "公共设施;公共厕所;公共厕所",
        "typecode": "200300",
        "tel": [],
        "_source": "amap",
        "_keyword": "无障碍洗手间",
        "_amap_id": "B0LKZ5EVV5"
      },
      "geometry": {
        "type": "Point",
        "coordinates": [
          113.90112,
          22.531271
        ]
      }
    },
    {
      "type": "Feature",
      "properties": {
        "name": "公共厕所(明仇思忠家族墓群)",
        "address": "水库路与公园路交叉口东南280米",
        "type": "公共设施;公共厕所;公共厕所",
        "typecode": "200300",
        "tel": [],
        "_source": "amap",
        "_keyword": "无障碍洗手间",
        "_amap_id": "B0LKZ5EVV4"
      },
      "geometry": {
        "type": "Point",
        "coordinates": [
          113.891738,
          22.597097
        ]
      }
    },
    {
      "type": "Feature",
      "properties": {
        "name": "公共厕所(坪山区区人民医院石井社区健康服务中心)",
        "address": "沙新路与东纵路交叉口东40米",
        "type": "公共设施;公共厕所;公共厕所",
        "typecode": "200300",
        "tel": [],
        "_source": "amap",
        "_keyword": "无障碍洗手间",
        "_amap_id": "B0LKZ5EVUX"
      },
      "geometry": {
        "type": "Point",
        "coordinates": [
          114.365599,
          22.685984
        ]
      }
    },
    {
      "type": "Feature",
      "properties": {
        "name": "公共厕所(坪山区区人民医院老围社区健康服务中心)",
        "address": "金牛东路与翠景路交叉口西140米",
        "type": "公共设施;公共厕所;公共厕所",
        "typecode": "200300",
        "tel": [],
        "_source": "amap",
        "_keyword": "无障碍洗手间",
        "_amap_id": "B0LKZ5EVUW"
      },
      "geometry": {
        "type": "Point",
        "coordinates": [
          114.389794,
          22.708289
        ]
      }
    },
    {
      "type": "Feature",
      "properties": {
        "name": "公共厕所(坪山区区人民医院高思特社区健康服务中心)",
        "address": "建业路与深汕路交叉口西南100米",
        "type": "公共设施;公共厕所;公共厕所",
        "typecode": "200300",
        "tel": [],
        "_source": "amap",
        "_keyword": "无障碍洗手间",
        "_amap_id": "B0LKZ5EVUV"
      },
      "geometry": {
        "type": "Point",
        "coordinates": [
          114.324561,
          22.700208
        ]
      }
    },
    {
      "type": "Feature",
      "properties": {
        "name": "公共厕所(天虹商场西乡站4楼)",
        "address": "西乡大道与新湖路交叉口西北80米",
        "type": "公共设施;公共厕所;残障洗手间/无障碍洗手间",
        "typecode": "200303",
        "tel": [],
        "_source": "amap",
        "_keyword": "无障碍洗手间",
        "_amap_id": "B0LKXUNVLC"
      },
      "geometry": {
        "type": "Point",
        "coordinates": [
          113.864503,
          22.574684
        ]
      }
    },
    {
      "type": "Feature",
      "properties": {
        "name": "公共厕所(天虹商场2楼)",
        "address": "松柏路与松茂路交叉口西100米",
        "type": "公共设施;公共厕所;残障洗手间/无障碍洗手间",
        "typecode": "200303",
        "tel": [],
        "_source": "amap",
        "_keyword": "无障碍洗手间",
        "_amap_id": "B0LKXUNVLB"
      },
      "geometry": {
        "type": "Point",
        "coordinates": [
          114.211212,
          22.648986
        ]
      }
    },
    {
      "type": "Feature",
      "properties": {
        "name": "公共厕所(深圳宝安外国语学校)",
        "address": "宝中路与洪文路交叉口西北180米",
        "type": "公共设施;公共厕所;残障洗手间/无障碍洗手间",
        "typecode": "200303",
        "tel": [],
        "_source": "amap",
        "_keyword": "无障碍洗手间",
        "_amap_id": "B0LKUZX9E1"
      },
      "geometry": {
        "type": "Point",
        "coordinates": [
          113.915715,
          22.572629
        ]
      }
    },
    {
      "type": "Feature",
      "properties": {
        "name": "公共厕所(源盛社区公园)",
        "address": "源盛路与爱南路交叉口西北260米",
        "type": "公共设施;公共厕所;残障洗手间/无障碍洗手间",
        "typecode": "200303",
        "tel": [],
        "_source": "amap",
        "_keyword": "无障碍洗手间",
        "_amap_id": "B0LKJZ1JTU"
      },
      "geometry": {
        "type": "Point",
        "coordinates": [
          114.28843,
          22.713057
        ]
      }
    },
    {
      "type": "Feature",
      "properties": {
        "name": "公共厕所(依山郡小学)",
        "address": "盐龙大道辅路与愉龙路交叉口西南80米",
        "type": "公共设施;公共厕所;残障洗手间/无障碍洗手间",
        "typecode": "200303",
        "tel": [],
        "_source": "amap",
        "_keyword": "无障碍洗手间",
        "_amap_id": "B0LKJZ1JTP"
      },
      "geometry": {
        "type": "Point",
        "coordinates": [
          114.222701,
          22.731307
        ]
      }
    },
    {
      "type": "Feature",
      "properties": {
        "name": "公共厕所(中国工商银行深圳坪山区支行)",
        "address": "坪山大道与环兴一路交叉口北60米",
        "type": "公共设施;公共厕所;残障洗手间/无障碍洗手间",
        "typecode": "200303",
        "tel": [],
        "_source": "amap",
        "_keyword": "无障碍洗手间",
        "_amap_id": "B0LKJ521E4"
      },
      "geometry": {
        "type": "Point",
        "coordinates": [
          114.336185,
          22.682151
        ]
      }
    },
    {
      "type": "Feature",
      "properties": {
        "name": "公共厕所(浙商银行深圳分行)",
        "address": "高新南十道与海淮路交叉口南60米",
        "type": "公共设施;公共厕所;残障洗手间/无障碍洗手间",
        "typecode": "200303",
        "tel": [],
        "_source": "amap",
        "_keyword": "无障碍洗手间",
        "_amap_id": "B0LKJ51N7U"
      },
      "geometry": {
        "type": "Point",
        "coordinates": [
          113.94308,
          22.525325
        ]
      }
    },
    {
      "type": "Feature",
      "properties": {
        "name": "公共厕所(长丰花园酒店)",
        "address": "洲石路与松白路交叉口西北200米",
        "type": "公共设施;公共厕所;残障洗手间/无障碍洗手间",
        "typecode": "200303",
        "tel": [],
        "_source": "amap",
        "_keyword": "无障碍洗手间",
        "_amap_id": "B0LKJ51N7P"
      },
      "geometry": {
        "type": "Point",
        "coordinates": [
          113.921331,
          22.672523
        ]
      }
    },
    {
      "type": "Feature",
      "properties": {
        "name": "公共厕所(樟树布公园)",
        "address": "樟富路与樟树布新村六巷交叉口东160米",
        "type": "公共设施;公共厕所;残障洗手间/无障碍洗手间",
        "typecode": "200303",
        "tel": [],
        "_source": "amap",
        "_keyword": "无障碍洗手间",
        "_amap_id": "B0LKJ51N7O"
      },
      "geometry": {
        "type": "Point",
        "coordinates": [
          114.156859,
          22.606745
        ]
      }
    },
    {
      "type": "Feature",
      "properties": {
        "name": "公共厕所(深圳市宝安区石岩人民医院罗租社区健康服务中心)",
        "address": "崇文路与如意路交叉口东40米",
        "type": "公共设施;公共厕所;残障洗手间/无障碍洗手间",
        "typecode": "200303",
        "tel": [],
        "_source": "amap",
        "_keyword": "无障碍洗手间",
        "_amap_id": "B0LKCZ0QJV"
      },
      "geometry": {
        "type": "Point",
        "coordinates": [
          113.938551,
          22.67461
        ]
      }
    },
    {
      "type": "Feature",
      "properties": {
        "name": "公共厕所(深圳市宝安区石岩人民医院官田社区健康服务中心)",
        "address": "新风路与宝石东路交叉口东南60米",
        "type": "公共设施;公共厕所;残障洗手间/无障碍洗手间",
        "typecode": "200303",
        "tel": [],
        "_source": "amap",
        "_keyword": "无障碍洗手间",
        "_amap_id": "B0LKCZ0QJU"
      },
      "geometry": {
        "type": "Point",
        "coordinates": [
          113.944852,
          22.679931
        ]
      }
    },
    {
      "type": "Feature",
      "properties": {
        "name": "公共厕所(深圳市宝安区人民医院海乐社区健康服务中心)",
        "address": "乐平路与翻身路交叉口西南120米",
        "type": "公共设施;公共厕所;残障洗手间/无障碍洗手间",
        "typecode": "200303",
        "tel": [],
        "_source": "amap",
        "_keyword": "无障碍洗手间",
        "_amap_id": "B0LKCZ0QJT"
      },
      "geometry": {
        "type": "Point",
        "coordinates": [
          113.898484,
          22.555469
        ]
      }
    },
    {
      "type": "Feature",
      "properties": {
        "name": "公共厕所(葵涌人民医院葵涌社区健康服务中心)",
        "address": "石榴巷与三溪西路交叉口南140米",
        "type": "公共设施;公共厕所;残障洗手间/无障碍洗手间",
        "typecode": "200303",
        "tel": [],
        "_source": "amap",
        "_keyword": "无障碍洗手间",
        "_amap_id": "B0LKC71W8O"
      },
      "geometry": {
        "type": "Point",
        "coordinates": [
          114.425144,
          22.632364
        ]
      }
    },
    {
      "type": "Feature",
      "properties": {
        "name": "公共厕所(深圳市第二人民医院大鹏新区中心医院)",
        "address": "葵新北路与葵政东路交叉口东北20米",
        "type": "公共设施;公共厕所;残障洗手间/无障碍洗手间",
        "typecode": "200303",
        "tel": [],
        "_source": "amap",
        "_keyword": "无障碍洗手间",
        "_amap_id": "B0LKC71W8N"
      },
      "geometry": {
        "type": "Point",
        "coordinates": [
          114.422238,
          22.632122
        ]
      }
    },
    {
      "type": "Feature",
      "properties": {
        "name": "公共厕所(残疾人综合服务中心1楼)",
        "address": "梅东三路与梅林路交叉口东北40米",
        "type": "公共设施;公共厕所;残障洗手间/无障碍洗手间",
        "typecode": "200303",
        "tel": [],
        "_source": "amap",
        "_keyword": "无障碍洗手间",
        "_amap_id": "B0LKC51EMY"
      },
      "geometry": {
        "type": "Point",
        "coordinates": [
          114.071908,
          22.568848
        ]
      }
    },
    {
      "type": "Feature",
      "properties": {
        "name": "公共厕所(坪地社区党群服务中心(崇德北街))",
        "address": "日兴街与崇德北街交叉口西20米",
        "type": "公共设施;公共厕所;公共厕所",
        "typecode": "200300",
        "tel": [],
        "_source": "amap",
        "_keyword": "无障碍洗手间",
        "_amap_id": "B0LKA59IY0"
      },
      "geometry": {
        "type": "Point",
        "coordinates": [
          114.311562,
          22.770972
        ]
      }
    },
    {
      "type": "Feature",
      "properties": {
        "name": "公共厕所(南山文体中心体育馆)",
        "address": "南头红花路与常兴路交叉口东南100米",
        "type": "公共设施;公共厕所;公共厕所",
        "typecode": "200300",
        "tel": [],
        "_source": "amap",
        "_keyword": "无障碍洗手间",
        "_amap_id": "B0LKA59406"
      },
      "geometry": {
        "type": "Point",
        "coordinates": [
          113.922762,
          22.537083
        ]
      }
    },
    {
      "type": "Feature",
      "properties": {
        "name": "公共厕所(红桂中学)",
        "address": "果园东路与果园路交叉口东南100米",
        "type": "公共设施;公共厕所;残障洗手间/无障碍洗手间",
        "typecode": "200303",
        "tel": [],
        "_source": "amap",
        "_keyword": "无障碍洗手间",
        "_amap_id": "B0LK7Z2RV8"
      },
      "geometry": {
        "type": "Point",
        "coordinates": [
          114.11418,
          22.547676
        ]
      }
    },
    {
      "type": "Feature",
      "properties": {
        "name": "公共厕所(嶂背社区健康服务中心)",
        "address": "嶂背路与园湖路交叉口东140米",
        "type": "公共设施;公共厕所;残障洗手间/无障碍洗手间",
        "typecode": "200303",
        "tel": [],
        "_source": "amap",
        "_keyword": "无障碍洗手间",
        "_amap_id": "B0LK7U477V"
      },
      "geometry": {
        "type": "Point",
        "coordinates": [
          114.243717,
          22.685416
        ]
      }
    },
    {
      "type": "Feature",
      "properties": {
        "name": "公共厕所(深圳正康骨科医院)",
        "address": "前进二路与流塘路交叉口东60米",
        "type": "公共设施;公共厕所;残障洗手间/无障碍洗手间",
        "typecode": "200303",
        "tel": [],
        "_source": "amap",
        "_keyword": "无障碍洗手间",
        "_amap_id": "B0LKOHFU0Y"
      },
      "geometry": {
        "type": "Point",
        "coordinates": [
          113.889791,
          22.583714
        ]
      }
    },
    {
      "type": "Feature",
      "properties": {
        "name": "洗手间(松和小学教学楼后)",
        "address": "民清路与民清一路交叉口东120米",
        "type": "公共设施;公共厕所;残障洗手间/无障碍洗手间",
        "typecode": "200303",
        "tel": [],
        "_source": "amap",
        "_keyword": "无障碍洗手间",
        "_amap_id": "B0LKOCHDT3"
      },
      "geometry": {
        "type": "Point",
        "coordinates": [
          114.041049,
          22.642864
        ]
      }
    },
    {
      "type": "Feature",
      "properties": {
        "name": "公共厕所(水田社区党群服务中心)",
        "address": "石观路与四新路交叉口西120米",
        "type": "公共设施;公共厕所;残障洗手间/无障碍洗手间",
        "typecode": "200303",
        "tel": [],
        "_source": "amap",
        "_keyword": "无障碍洗手间",
        "_amap_id": "B0LKOCHDSZ"
      },
      "geometry": {
        "type": "Point",
        "coordinates": [
          113.959868,
          22.683344
        ]
      }
    },
    {
      "type": "Feature",
      "properties": {
        "name": "公共厕所(世界之窗)",
        "address": "深南大道与侨城西街交叉口西南100米",
        "type": "公共设施;公共厕所;残障洗手间/无障碍洗手间",
        "typecode": "200303",
        "tel": [],
        "_source": "amap",
        "_keyword": "无障碍洗手间",
        "_amap_id": "B0LKOCHDSW"
      },
      "geometry": {
        "type": "Point",
        "coordinates": [
          113.975734,
          22.535594
        ]
      }
    },
    {
      "type": "Feature",
      "properties": {
        "name": "公共厕所(深圳湾木棉花酒店)",
        "address": "创新大道与海德三道交叉口东北180米",
        "type": "公共设施;公共厕所;残障洗手间/无障碍洗手间",
        "typecode": "200303",
        "tel": [],
        "_source": "amap",
        "_keyword": "无障碍洗手间",
        "_amap_id": "B0LKOAGKUN"
      },
      "geometry": {
        "type": "Point",
        "coordinates": [
          113.947117,
          22.518955
        ]
      }
    },
    {
      "type": "Feature",
      "properties": {
        "name": "公共厕所(深圳湾公园)",
        "address": "深湾公园路与白石四道交叉口南440米",
        "type": "公共设施;公共厕所;残障洗手间/无障碍洗手间",
        "typecode": "200303",
        "tel": [],
        "_source": "amap",
        "_keyword": "无障碍洗手间",
        "_amap_id": "B0LKOAG5MW"
      },
      "geometry": {
        "type": "Point",
        "coordinates": [
          113.973221,
          22.519065
        ]
      }
    },
    {
      "type": "Feature",
      "properties": {
        "name": "公共厕所(珠光小学)",
        "address": "光前路与龙珠三路交叉口西240米",
        "type": "公共设施;公共厕所;残障洗手间/无障碍洗手间",
        "typecode": "200303",
        "tel": [],
        "_source": "amap",
        "_keyword": "无障碍洗手间",
        "_amap_id": "B0LKOAG5MU"
      },
      "geometry": {
        "type": "Point",
        "coordinates": [
          113.962972,
          22.565862
        ]
      }
    },
    {
      "type": "Feature",
      "properties": {
        "name": "公共厕所(深圳雅邦朗悦国际酒店)",
        "address": "龙潭路与吉潭路交叉口西北140米",
        "type": "公共设施;公共厕所;残障洗手间/无障碍洗手间",
        "typecode": "200303",
        "tel": [],
        "_source": "amap",
        "_keyword": "无障碍洗手间",
        "_amap_id": "B0LKOAFQL3"
      },
      "geometry": {
        "type": "Point",
        "coordinates": [
          114.239626,
          22.724413
        ]
      }
    },
    {
      "type": "Feature",
      "properties": {
        "name": "公共厕所(深圳湾创新科技中心)",
        "address": "高新南十道与科苑南路交叉口东北100米",
        "type": "公共设施;公共厕所;残障洗手间/无障碍洗手间",
        "typecode": "200303",
        "tel": [],
        "_source": "amap",
        "_keyword": "无障碍洗手间",
        "_amap_id": "B0LKOAFQKZ"
      },
      "geometry": {
        "type": "Point",
        "coordinates": [
          113.946574,
          22.527818
        ]
      }
    },
    {
      "type": "Feature",
      "properties": {
        "name": "公共厕所(世界之窗峡谷漂流)",
        "address": "红树街与白石街交叉口北280米",
        "type": "公共设施;公共厕所;公共厕所",
        "typecode": "200300",
        "tel": [],
        "_source": "amap",
        "_keyword": "无障碍洗手间",
        "_amap_id": "B0LKM562OX"
      },
      "geometry": {
        "type": "Point",
        "coordinates": [
          113.96969,
          22.534177
        ]
      }
    },
    {
      "type": "Feature",
      "properties": {
        "name": "公共厕所(世界之窗老挝将东寺)",
        "address": "深南大道与侨城西街交叉口南240米",
        "type": "公共设施;公共厕所;公共厕所",
        "typecode": "200300",
        "tel": [],
        "_source": "amap",
        "_keyword": "无障碍洗手间",
        "_amap_id": "B0LKM562OW"
      },
      "geometry": {
        "type": "Point",
        "coordinates": [
          113.975988,
          22.534088
        ]
      }
    },
    {
      "type": "Feature",
      "properties": {
        "name": "公共厕所(盛德石油)",
        "address": "田寮路与田恒路交叉口东南80米",
        "type": "公共设施;公共厕所;公共厕所",
        "typecode": "200300",
        "tel": [],
        "_source": "amap",
        "_keyword": "无障碍洗手间",
        "_amap_id": "B0LKM562OV"
      },
      "geometry": {
        "type": "Point",
        "coordinates": [
          113.906722,
          22.726765
        ]
      }
    },
    {
      "type": "Feature",
      "properties": {
        "name": "公共厕所(五马峰公园)",
        "address": "禾田路与荣寿路交叉口西南180米",
        "type": "公共设施;公共厕所;公共厕所",
        "typecode": "200300",
        "tel": [],
        "_source": "amap",
        "_keyword": "无障碍洗手间",
        "_amap_id": "B0LKM55V2D"
      },
      "geometry": {
        "type": "Point",
        "coordinates": [
          114.409101,
          22.751618
        ]
      }
    },
    {
      "type": "Feature",
      "properties": {
        "name": "公共厕所(乌冲垃圾转运站)",
        "address": "鹏飞路与鹏城路交叉口西120米",
        "type": "公共设施;公共厕所;公共厕所",
        "typecode": "200300",
        "tel": [],
        "_source": "amap",
        "_keyword": "无障碍洗手间",
        "_amap_id": "B0LKM55V2C"
      },
      "geometry": {
        "type": "Point",
        "coordinates": [
          114.506765,
          22.594133
        ]
      }
    },
    {
      "type": "Feature",
      "properties": {
        "name": "公共厕所(太子路)",
        "address": "工业二路与一号路交叉口东北80米",
        "type": "公共设施;公共厕所;公共厕所",
        "typecode": "200300",
        "tel": [],
        "_source": "amap",
        "_keyword": "无障碍洗手间",
        "_amap_id": "B0LKM55V2B"
      },
      "geometry": {
        "type": "Point",
        "coordinates": [
          113.91544,
          22.482858
        ]
      }
    },
    {
      "type": "Feature",
      "properties": {
        "name": "公共厕所(上围路104号附近)",
        "address": "上围路与宝业路交叉口东260米",
        "type": "公共设施;公共厕所;公共厕所",
        "typecode": "200300",
        "tel": [],
        "_source": "amap",
        "_keyword": "无障碍洗手间",
        "_amap_id": "B0LKM55V29"
      },
      "geometry": {
        "type": "Point",
        "coordinates": [
          114.082188,
          22.680115
        ]
      }
    },
    {
      "type": "Feature",
      "properties": {
        "name": "公共厕所(沙头角公园入口)",
        "address": "梧桐路与园墩东街交叉口西北60米",
        "type": "公共设施;公共厕所;公共厕所",
        "typecode": "200300",
        "tel": [],
        "_source": "amap",
        "_keyword": "无障碍洗手间",
        "_amap_id": "B0LKM55V27"
      },
      "geometry": {
        "type": "Point",
        "coordinates": [
          114.228214,
          22.555553
        ]
      }
    },
    {
      "type": "Feature",
      "properties": {
        "name": "公共厕所(南山汽车站)",
        "address": "深南大道辅路与前海路辅路交叉口西北220米",
        "type": "公共设施;公共厕所;公共厕所",
        "typecode": "200300",
        "tel": [],
        "_source": "amap",
        "_keyword": "无障碍洗手间",
        "_amap_id": "B0LKM55V26"
      },
      "geometry": {
        "type": "Point",
        "coordinates": [
          113.912099,
          22.54283
        ]
      }
    },
    {
      "type": "Feature",
      "properties": {
        "name": "公共厕所(力能加电站)",
        "address": "创新大道辅路与高新南十一道交叉口东南60米",
        "type": "公共设施;公共厕所;公共厕所",
        "typecode": "200300",
        "tel": [],
        "_source": "amap",
        "_keyword": "无障碍洗手间",
        "_amap_id": "B0LKM55V23"
      },
      "geometry": {
        "type": "Point",
        "coordinates": [
          113.946333,
          22.523974
        ]
      }
    },
    {
      "type": "Feature",
      "properties": {
        "name": "公共厕所(GD-SZ-0113)",
        "address": "东门中路辅路与东升街交叉口西160米",
        "type": "公共设施;公共厕所;公共厕所",
        "typecode": "200300",
        "tel": [],
        "_source": "amap",
        "_keyword": "无障碍洗手间",
        "_amap_id": "B0LKM55NOE"
      },
      "geometry": {
        "type": "Point",
        "coordinates": [
          114.123501,
          22.5531
        ]
      }
    },
    {
      "type": "Feature",
      "properties": {
        "name": "公共厕所(月亮湾)",
        "address": "海滨南路与海港路交叉口西200米",
        "type": "公共设施;公共厕所;公共厕所",
        "typecode": "200300",
        "tel": [],
        "_source": "amap",
        "_keyword": "无障碍洗手间",
        "_amap_id": "B0LKM55NOD"
      },
      "geometry": {
        "type": "Point",
        "coordinates": [
          114.488445,
          22.534418
        ]
      }
    },
    {
      "type": "Feature",
      "properties": {
        "name": "公共厕所(艺园路)",
        "address": "艺园路与北环大道辅路交叉口西南20米",
        "type": "公共设施;公共厕所;公共厕所",
        "typecode": "200300",
        "tel": [],
        "_source": "amap",
        "_keyword": "无障碍洗手间",
        "_amap_id": "B0LKM55NOC"
      },
      "geometry": {
        "type": "Point",
        "coordinates": [
          113.927702,
          22.551844
        ]
      }
    },
    {
      "type": "Feature",
      "properties": {
        "name": "钟屋荔枝公园公共厕所",
        "address": "大夫天路与广深公路辅路交叉口西180米",
        "type": "公共设施;公共厕所;残障洗手间/无障碍洗手间",
        "typecode": "200303",
        "tel": [],
        "_source": "amap",
        "_keyword": "无障碍洗手间",
        "_amap_id": "B0LK0C83KE"
      },
      "geometry": {
        "type": "Point",
        "coordinates": [
          113.847534,
          22.624424
        ]
      }
    },
    {
      "type": "Feature",
      "properties": {
        "name": "公共厕所(无障碍)",
        "address": "沙井街道壆岗社区岗头路中亚会展中心2号馆",
        "type": "公共设施;公共厕所;公共厕所",
        "typecode": "200300",
        "tel": [],
        "_source": "amap",
        "_keyword": "无障碍洗手间",
        "_amap_id": "B0LGJANQF4"
      },
      "geometry": {
        "type": "Point",
        "coordinates": [
          113.82231,
          22.736582
        ]
      }
    },
    {
      "type": "Feature",
      "properties": {
        "name": "欢乐海岸旅游信息中心公厕",
        "address": "广东省深圳市南山区滨海大道辅路在欢乐海岸附近",
        "type": "公共设施;公共厕所;公共厕所",
        "typecode": "200300",
        "tel": [],
        "_source": "amap",
        "_keyword": "无障碍洗手间",
        "_amap_id": "B0LGGYUVFR"
      },
      "geometry": {
        "type": "Point",
        "coordinates": [
          113.991634,
          22.521992
        ]
      }
    },
    {
      "type": "Feature",
      "properties": {
        "name": "公共厕所",
        "address": "花果山小区(花果山街七巷)东北侧130米",
        "type": "公共设施;公共厕所;公共厕所",
        "typecode": "200300",
        "tel": [],
        "_source": "amap",
        "_keyword": "无障碍洗手间",
        "_amap_id": "B0LGDPF8KN"
      },
      "geometry": {
        "type": "Point",
        "coordinates": [
          113.843285,
          22.773498
        ]
      }
    },
    {
      "type": "Feature",
      "properties": {
        "name": "公共洗手间",
        "address": "仙塘路与凤岭路交叉口西200米",
        "type": "公共设施;公共厕所;公共厕所",
        "typecode": "200300",
        "tel": [],
        "_source": "amap",
        "_keyword": "无障碍洗手间",
        "_amap_id": "B0LBXAHSSJ"
      },
      "geometry": {
        "type": "Point",
        "coordinates": [
          114.274445,
          22.742847
        ]
      }
    },
    {
      "type": "Feature",
      "properties": {
        "name": "南山市场转运站公厕",
        "address": "广东省深圳市南山区丁头南巷在南山市场附近",
        "type": "公共设施;公共厕所;公共厕所",
        "typecode": "200300",
        "tel": [],
        "_source": "amap",
        "_keyword": "无障碍洗手间",
        "_amap_id": "B0LBLAKE3V"
      },
      "geometry": {
        "type": "Point",
        "coordinates": [
          113.919652,
          22.526072
        ]
      }
    },
    {
      "type": "Feature",
      "properties": {
        "name": "One Avenue卓悦中心四楼无障碍卫生间",
        "address": "福华路348号One Avenue卓悦中心",
        "type": "公共设施;公共厕所;残障洗手间/无障碍洗手间",
        "typecode": "200303",
        "tel": [],
        "_source": "amap",
        "_keyword": "无障碍洗手间",
        "_amap_id": "B0LAYCZ7PZ"
      },
      "geometry": {
        "type": "Point",
        "coordinates": [
          114.064766,
          22.536181
        ]
      }
    },
    {
      "type": "Feature",
      "properties": {
        "name": "深圳市福田区外国语高级中学无障碍卫生间",
        "address": "益田村西",
        "type": "公共设施;公共厕所;残障洗手间/无障碍洗手间",
        "typecode": "200303",
        "tel": [],
        "_source": "amap",
        "_keyword": "无障碍洗手间",
        "_amap_id": "B0LAYCZ02W"
      },
      "geometry": {
        "type": "Point",
        "coordinates": [
          114.046508,
          22.513078
        ]
      }
    },
    {
      "type": "Feature",
      "properties": {
        "name": "One Avenue卓悦中心三楼无障碍卫生间",
        "address": "福华路348号One Avenue卓悦中心",
        "type": "公共设施;公共厕所;残障洗手间/无障碍洗手间",
        "typecode": "200303",
        "tel": [],
        "_source": "amap",
        "_keyword": "无障碍洗手间",
        "_amap_id": "B0LAYCYKHA"
      },
      "geometry": {
        "type": "Point",
        "coordinates": [
          114.065004,
          22.536264
        ]
      }
    },
    {
      "type": "Feature",
      "properties": {
        "name": "公共厕所(林港石油福民路加油站)",
        "address": "林港石油福民路加油站公厕",
        "type": "公共设施;公共厕所;公共厕所",
        "typecode": "200300",
        "tel": [],
        "_source": "amap",
        "_keyword": "无障碍洗手间",
        "_amap_id": "B0LAYCWFK3"
      },
      "geometry": {
        "type": "Point",
        "coordinates": [
          114.054647,
          22.523918
        ]
      }
    },
    {
      "type": "Feature",
      "properties": {
        "name": "公共厕所(下沙地铁)",
        "address": "下沙东涌二路与滨河大道辅道交叉口东南20米",
        "type": "公共设施;公共厕所;公共厕所",
        "typecode": "200300",
        "tel": [],
        "_source": "amap",
        "_keyword": "无障碍洗手间",
        "_amap_id": "B0LAYC0FJD"
      },
      "geometry": {
        "type": "Point",
        "coordinates": [
          114.02488,
          22.528691
        ]
      }
    },
    {
      "type": "Feature",
      "properties": {
        "name": "One Avenue卓悦中心二楼无障碍卫生间",
        "address": "福华路348号One Avenue卓悦中心",
        "type": "公共设施;公共厕所;残障洗手间/无障碍洗手间",
        "typecode": "200303",
        "tel": [],
        "_source": "amap",
        "_keyword": "无障碍洗手间",
        "_amap_id": "B0LAYC0FIB"
      },
      "geometry": {
        "type": "Point",
        "coordinates": [
          114.065064,
          22.535789
        ]
      }
    },
    {
      "type": "Feature",
      "properties": {
        "name": "深圳市福田区益田小学无障碍卫生间",
        "address": "福荣路4号",
        "type": "公共设施;公共厕所;残障洗手间/无障碍洗手间",
        "typecode": "200303",
        "tel": [],
        "_source": "amap",
        "_keyword": "无障碍洗手间",
        "_amap_id": "B0LAYC08FN"
      },
      "geometry": {
        "type": "Point",
        "coordinates": [
          114.052362,
          22.51231
        ]
      }
    },
    {
      "type": "Feature",
      "properties": {
        "name": "华强北博物馆无障碍卫生间",
        "address": "华强北博物馆5楼",
        "type": "公共设施;公共厕所;残障洗手间/无障碍洗手间",
        "typecode": "200303",
        "tel": [],
        "_source": "amap",
        "_keyword": "无障碍洗手间",
        "_amap_id": "B0LAYC05NJ"
      },
      "geometry": {
        "type": "Point",
        "coordinates": [
          114.087182,
          22.543938
        ]
      }
    },
    {
      "type": "Feature",
      "properties": {
        "name": "公共厕所",
        "address": "深湾二路与白石四道交叉口南440米",
        "type": "公共设施;公共厕所;公共厕所",
        "typecode": "200300",
        "tel": [],
        "_source": "amap",
        "_keyword": "无障碍洗手间",
        "_amap_id": "B0LAT1LSGT"
      },
      "geometry": {
        "type": "Point",
        "coordinates": [
          113.972031,
          22.519047
        ]
      }
    },
    {
      "type": "Feature",
      "properties": {
        "name": "德兴社区公园-公共厕所",
        "address": "粤宝路17号",
        "type": "公共设施;公共厕所;公共厕所",
        "typecode": "200300",
        "tel": [],
        "_source": "amap",
        "_keyword": "无障碍洗手间",
        "_amap_id": "B0LAMCDAKC"
      },
      "geometry": {
        "type": "Point",
        "coordinates": [
          114.113802,
          22.593834
        ]
      }
    },
    {
      "type": "Feature",
      "properties": {
        "name": "绿景佐阾红树林购物中心二楼无障碍卫生间",
        "address": "沙头街道沙嘴社区沙咀路8号红树华府101",
        "type": "公共设施;公共厕所;残障洗手间/无障碍洗手间",
        "typecode": "200303",
        "tel": [],
        "_source": "amap",
        "_keyword": "无障碍洗手间",
        "_amap_id": "B0L6O5CNUF"
      },
      "geometry": {
        "type": "Point",
        "coordinates": [
          114.037432,
          22.520213
        ]
      }
    },
    {
      "type": "Feature",
      "properties": {
        "name": "公共厕所(新世界广场1楼)",
        "address": "龙岗大道与茂盛路交叉口东北180米",
        "type": "公共设施;公共厕所;残障洗手间/无障碍洗手间",
        "typecode": "200303",
        "tel": [],
        "_source": "amap",
        "_keyword": "无障碍洗手间",
        "_amap_id": "B0LKFUU3R5"
      },
      "geometry": {
        "type": "Point",
        "coordinates": [
          114.207454,
          22.648286
        ]
      }
    },
    {
      "type": "Feature",
      "properties": {
        "name": "公共厕所(新生学校)",
        "address": "沿河北路与白门前桥交叉口东北60米",
        "type": "公共设施;公共厕所;残障洗手间/无障碍洗手间",
        "typecode": "200303",
        "tel": [],
        "_source": "amap",
        "_keyword": "无障碍洗手间",
        "_amap_id": "B0LKFUU3R3"
      },
      "geometry": {
        "type": "Point",
        "coordinates": [
          114.27811,
          22.738991
        ]
      }
    },
    {
      "type": "Feature",
      "properties": {
        "name": "公共厕所(盐田区东海岸运动公园)",
        "address": "环碧路与海岸路交叉口南140米",
        "type": "公共设施;公共厕所;残障洗手间/无障碍洗手间",
        "typecode": "200303",
        "tel": [],
        "_source": "amap",
        "_keyword": "无障碍洗手间",
        "_amap_id": "B0LKFUTW03"
      },
      "geometry": {
        "type": "Point",
        "coordinates": [
          114.300379,
          22.599935
        ]
      }
    },
    {
      "type": "Feature",
      "properties": {
        "name": "公共厕所(星河COCO Park1楼)",
        "address": "龙岗大道辅路与爱南路辅路交叉口北220米",
        "type": "公共设施;公共厕所;残障洗手间/无障碍洗手间",
        "typecode": "200303",
        "tel": [],
        "_source": "amap",
        "_keyword": "无障碍洗手间",
        "_amap_id": "B0LKFUTW00"
      },
      "geometry": {
        "type": "Point",
        "coordinates": [
          114.22917,
          22.691308
        ]
      }
    },
    {
      "type": "Feature",
      "properties": {
        "name": "公共厕所(星河COCO Park2楼)",
        "address": "爱南路666号星河COCO Park龙岗店二楼",
        "type": "公共设施;公共厕所;残障洗手间/无障碍洗手间",
        "typecode": "200303",
        "tel": [],
        "_source": "amap",
        "_keyword": "无障碍洗手间",
        "_amap_id": "B0LKFUTVZZ"
      },
      "geometry": {
        "type": "Point",
        "coordinates": [
          114.229134,
          22.691526
        ]
      }
    },
    {
      "type": "Feature",
      "properties": {
        "name": "公共厕所(星河COCO Park4楼)",
        "address": "龙岗大道辅路与爱南路辅路交叉口北240米",
        "type": "公共设施;公共厕所;残障洗手间/无障碍洗手间",
        "typecode": "200303",
        "tel": [],
        "_source": "amap",
        "_keyword": "无障碍洗手间",
        "_amap_id": "B0LKFUTVZY"
      },
      "geometry": {
        "type": "Point",
        "coordinates": [
          114.228976,
          22.691442
        ]
      }
    },
    {
      "type": "Feature",
      "properties": {
        "name": "公共厕所(新生公园篮球场旁)",
        "address": "新生路与牛桥一路交叉口北160米",
        "type": "公共设施;公共厕所;残障洗手间/无障碍洗手间",
        "typecode": "200303",
        "tel": [],
        "_source": "amap",
        "_keyword": "无障碍洗手间",
        "_amap_id": "B0LKFUTVZT"
      },
      "geometry": {
        "type": "Point",
        "coordinates": [
          114.274622,
          22.742093
        ]
      }
    },
    {
      "type": "Feature",
      "properties": {
        "name": "公共厕所(盐田区区图书馆)",
        "address": "香径南街与井福巷交叉口东20米",
        "type": "公共设施;公共厕所;残障洗手间/无障碍洗手间",
        "typecode": "200303",
        "tel": [],
        "_source": "amap",
        "_keyword": "无障碍洗手间",
        "_amap_id": "B0LKFUTOOI"
      },
      "geometry": {
        "type": "Point",
        "coordinates": [
          114.236693,
          22.555379
        ]
      }
    },
    {
      "type": "Feature",
      "properties": {
        "name": "公共厕所(新田居民委员会)",
        "address": "新樟路与环观南路交叉口北180米",
        "type": "公共设施;公共厕所;残障洗手间/无障碍洗手间",
        "typecode": "200303",
        "tel": [],
        "_source": "amap",
        "_keyword": "无障碍洗手间",
        "_amap_id": "B0LKFUTOOE"
      },
      "geometry": {
        "type": "Point",
        "coordinates": [
          114.090778,
          22.697893
        ]
      }
    },
    {
      "type": "Feature",
      "properties": {
        "name": "公共厕所(深圳市宝安区福永人民医院稔田社区健康服务中心)",
        "address": "稔田工业北路与广深公路辅路交叉口西北40米",
        "type": "公共设施;公共厕所;残障洗手间/无障碍洗手间",
        "typecode": "200303",
        "tel": [],
        "_source": "amap",
        "_keyword": "无障碍洗手间",
        "_amap_id": "B0LKCZ15Q9"
      },
      "geometry": {
        "type": "Point",
        "coordinates": [
          113.832396,
          22.702835
        ]
      }
    },
    {
      "type": "Feature",
      "properties": {
        "name": "公共厕所(深圳仁和医院)",
        "address": "上塘路与隔圳农贸路交叉口东南40米",
        "type": "公共设施;公共厕所;残障洗手间/无障碍洗手间",
        "typecode": "200303",
        "tel": [],
        "_source": "amap",
        "_keyword": "无障碍洗手间",
        "_amap_id": "B0LKCZ0YAL"
      },
      "geometry": {
        "type": "Point",
        "coordinates": [
          114.021621,
          22.63505
        ]
      }
    },
    {
      "type": "Feature",
      "properties": {
        "name": "公共厕所(深圳市宝安区福永人民医院急诊)",
        "address": "德丰路与芳华路交叉口北100米",
        "type": "公共设施;公共厕所;残障洗手间/无障碍洗手间",
        "typecode": "200303",
        "tel": [],
        "_source": "amap",
        "_keyword": "无障碍洗手间",
        "_amap_id": "B0LKCZ0QJR"
      },
      "geometry": {
        "type": "Point",
        "coordinates": [
          113.818597,
          22.671109
        ]
      }
    },
    {
      "type": "Feature",
      "properties": {
        "name": "公共厕所(深圳市宝安区福永人民医院1号楼)",
        "address": "德丰路与芳华路交叉口东北80米",
        "type": "公共设施;公共厕所;残障洗手间/无障碍洗手间",
        "typecode": "200303",
        "tel": [],
        "_source": "amap",
        "_keyword": "无障碍洗手间",
        "_amap_id": "B0LKCZ0QJQ"
      },
      "geometry": {
        "type": "Point",
        "coordinates": [
          113.818828,
          22.670784
        ]
      }
    },
    {
      "type": "Feature",
      "properties": {
        "name": "公共厕所(深圳市公安局宝安分局办证大厅)",
        "address": "宝安大道辅路与罗田路交叉口西60米",
        "type": "公共设施;公共厕所;残障洗手间/无障碍洗手间",
        "typecode": "200303",
        "tel": [],
        "_source": "amap",
        "_keyword": "无障碍洗手间",
        "_amap_id": "B0LKC71W8T"
      },
      "geometry": {
        "type": "Point",
        "coordinates": [
          113.88478,
          22.563895
        ]
      }
    },
    {
      "type": "Feature",
      "properties": {
        "name": "公共厕所(深圳市第二实验学校)",
        "address": "爱国路与翠芳街交叉口南200米",
        "type": "公共设施;公共厕所;残障洗手间/无障碍洗手间",
        "typecode": "200303",
        "tel": [],
        "_source": "amap",
        "_keyword": "无障碍洗手间",
        "_amap_id": "B0LKC71W8Q"
      },
      "geometry": {
        "type": "Point",
        "coordinates": [
          114.139168,
          22.559759
        ]
      }
    },
    {
      "type": "Feature",
      "properties": {
        "name": "公共厕所(光明新区英才学校)",
        "address": "马山头二路与横坑工业路交叉口东北100米",
        "type": "公共设施;公共厕所;残障洗手间/无障碍洗手间",
        "typecode": "200303",
        "tel": [],
        "_source": "amap",
        "_keyword": "无障碍洗手间",
        "_amap_id": "B0LKC71OUL"
      },
      "geometry": {
        "type": "Point",
        "coordinates": [
          113.877998,
          22.76686
        ]
      }
    },
    {
      "type": "Feature",
      "properties": {
        "name": "公共厕所(深圳市官田学校)",
        "address": "石岩北环路与官学路交叉口西220米",
        "type": "公共设施;公共厕所;残障洗手间/无障碍洗手间",
        "typecode": "200303",
        "tel": [],
        "_source": "amap",
        "_keyword": "无障碍洗手间",
        "_amap_id": "B0LKC71H2Q"
      },
      "geometry": {
        "type": "Point",
        "coordinates": [
          113.941582,
          22.684257
        ]
      }
    },
    {
      "type": "Feature",
      "properties": {
        "name": "公共厕所(深圳市大鹏新区新惠民购物中心)",
        "address": "新屋仔路与锦新路交叉口西140米",
        "type": "公共设施;公共厕所;残障洗手间/无障碍洗手间",
        "typecode": "200303",
        "tel": [],
        "_source": "amap",
        "_keyword": "无障碍洗手间",
        "_amap_id": "B0LKC71H2L"
      },
      "geometry": {
        "type": "Point",
        "coordinates": [
          114.420485,
          22.634313
        ]
      }
    },
    {
      "type": "Feature",
      "properties": {
        "name": "公共厕所(深圳市宝安中学(高中部))",
        "address": "宝中路与洪文路交叉口东北60米",
        "type": "公共设施;公共厕所;残障洗手间/无障碍洗手间",
        "typecode": "200303",
        "tel": [],
        "_source": "amap",
        "_keyword": "无障碍洗手间",
        "_amap_id": "B0LKC51TPY"
      },
      "geometry": {
        "type": "Point",
        "coordinates": [
          113.918104,
          22.570594
        ]
      }
    },
    {
      "type": "Feature",
      "properties": {
        "name": "公共厕所(深圳市布心小学)",
        "address": "东乐路与太白路交叉口东南40米",
        "type": "公共设施;公共厕所;公共厕所",
        "typecode": "200300",
        "tel": [],
        "_source": "amap",
        "_keyword": "无障碍洗手间",
        "_amap_id": "B0LKC51MAD"
      },
      "geometry": {
        "type": "Point",
        "coordinates": [
          114.141219,
          22.576295
        ]
      }
    },
    {
      "type": "Feature",
      "properties": {
        "name": "公共厕所(深圳市滨河小学)",
        "address": "红岭南路与滨河红岭立交桥交叉口北80米",
        "type": "公共设施;公共厕所;公共厕所",
        "typecode": "200300",
        "tel": [],
        "_source": "amap",
        "_keyword": "无障碍洗手间",
        "_amap_id": "B0LKC51MAC"
      },
      "geometry": {
        "type": "Point",
        "coordinates": [
          114.105211,
          22.536491
        ]
      }
    },
    {
      "type": "Feature",
      "properties": {
        "name": "公共厕所(深圳市北斗小学)",
        "address": "春风路与北斗路交叉口西北60米",
        "type": "公共设施;公共厕所;残障洗手间/无障碍洗手间",
        "typecode": "200303",
        "tel": [],
        "_source": "amap",
        "_keyword": "无障碍洗手间",
        "_amap_id": "B0LKC51MAB"
      },
      "geometry": {
        "type": "Point",
        "coordinates": [
          114.134156,
          22.543349
        ]
      }
    },
    {
      "type": "Feature",
      "properties": {
        "name": "公共厕所(残疾人综合服务中心12楼)",
        "address": "梅东三路与梅林路交叉口东北80米",
        "type": "公共设施;公共厕所;残障洗手间/无障碍洗手间",
        "typecode": "200303",
        "tel": [],
        "_source": "amap",
        "_keyword": "无障碍洗手间",
        "_amap_id": "B0LKC51EN0"
      },
      "geometry": {
        "type": "Point",
        "coordinates": [
          114.072025,
          22.569048
        ]
      }
    },
    {
      "type": "Feature",
      "properties": {
        "name": "公共厕所(残疾人综合服务中心3-13楼)",
        "address": "梅东三路与梅林路交叉口东北80米",
        "type": "公共设施;公共厕所;残障洗手间/无障碍洗手间",
        "typecode": "200303",
        "tel": [],
        "_source": "amap",
        "_keyword": "无障碍洗手间",
        "_amap_id": "B0LKC51EMZ"
      },
      "geometry": {
        "type": "Point",
        "coordinates": [
          114.072084,
          22.569162
        ]
      }
    },
    {
      "type": "Feature",
      "properties": {
        "name": "公共厕所(深圳市宝安中学(集团)塘头学校)",
        "address": "塘头立交与G15沈海高速交叉口北120米",
        "type": "公共设施;公共厕所;残障洗手间/无障碍洗手间",
        "typecode": "200303",
        "tel": [],
        "_source": "amap",
        "_keyword": "无障碍洗手间",
        "_amap_id": "B0LKC51EMT"
      },
      "geometry": {
        "type": "Point",
        "coordinates": [
          113.914432,
          22.657181
        ]
      }
    },
    {
      "type": "Feature",
      "properties": {
        "name": "公共厕所(深圳市宝安区行政服务大厅)",
        "address": "罗田路与明玉路交叉口东120米",
        "type": "公共设施;公共厕所;残障洗手间/无障碍洗手间",
        "typecode": "200303",
        "tel": [],
        "_source": "amap",
        "_keyword": "无障碍洗手间",
        "_amap_id": "B0LKC51EMQ"
      },
      "geometry": {
        "type": "Point",
        "coordinates": [
          113.885287,
          22.562978
        ]
      }
    },
    {
      "type": "Feature",
      "properties": {
        "name": "公共厕所(深圳市宝安区文汇学校)",
        "address": "前进一路与同盛路交叉口西南140米",
        "type": "公共设施;公共厕所;残障洗手间/无障碍洗手间",
        "typecode": "200303",
        "tel": [],
        "_source": "amap",
        "_keyword": "无障碍洗手间",
        "_amap_id": "B0LKC51EMP"
      },
      "geometry": {
        "type": "Point",
        "coordinates": [
          113.895227,
          22.576243
        ]
      }
    },
    {
      "type": "Feature",
      "properties": {
        "name": "公共厕所(南头中学)",
        "address": "中山西街与南头文化街交叉口西160米",
        "type": "公共设施;公共厕所;公共厕所",
        "typecode": "200300",
        "tel": [],
        "_source": "amap",
        "_keyword": "无障碍洗手间",
        "_amap_id": "B0LKA59IY7"
      },
      "geometry": {
        "type": "Point",
        "coordinates": [
          113.916824,
          22.543587
        ]
      }
    },
    {
      "type": "Feature",
      "properties": {
        "name": "公共厕所(南园社区党群服务中心)",
        "address": "南园新园路与南新路交叉口西北100米",
        "type": "公共设施;公共厕所;公共厕所",
        "typecode": "200300",
        "tel": [],
        "_source": "amap",
        "_keyword": "无障碍洗手间",
        "_amap_id": "B0LKA59IY6"
      },
      "geometry": {
        "type": "Point",
        "coordinates": [
          113.917185,
          22.518324
        ]
      }
    },
    {
      "type": "Feature",
      "properties": {
        "name": "公共厕所(南山区医疗集团总部东角头社区健康服务中心)",
        "address": "海月路与工业七路交叉口东南80米",
        "type": "公共设施;公共厕所;公共厕所",
        "typecode": "200300",
        "tel": [],
        "_source": "amap",
        "_keyword": "无障碍洗手间",
        "_amap_id": "B0LKA59B54"
      },
      "geometry": {
        "type": "Point",
        "coordinates": [
          113.935331,
          22.494533
        ]
      }
    },
    {
      "type": "Feature",
      "properties": {
        "name": "公共厕所(平湖站)",
        "address": "上大街与述昌街交叉口西北120米",
        "type": "公共设施;公共厕所;公共厕所",
        "typecode": "200300",
        "tel": [],
        "_source": "amap",
        "_keyword": "无障碍洗手间",
        "_amap_id": "B0LKA59403"
      },
      "geometry": {
        "type": "Point",
        "coordinates": [
          114.124869,
          22.692638
        ]
      }
    },
    {
      "type": "Feature",
      "properties": {
        "name": "第三公共厕所",
        "address": "沙四路1号",
        "type": "公共设施;公共厕所;公共厕所",
        "typecode": "200300",
        "tel": [],
        "_source": "amap",
        "_keyword": "第三卫生间",
        "_amap_id": "B0J27OH0OR"
      },
      "geometry": {
        "type": "Point",
        "coordinates": [
          113.803117,
          22.748321
        ]
      }
    },
    {
      "type": "Feature",
      "properties": {
        "name": "第三公共厕所",
        "address": "展景路83号",
        "type": "公共设施;公共厕所;公共厕所",
        "typecode": "200300",
        "tel": [],
        "_source": "amap",
        "_keyword": "第三卫生间",
        "_amap_id": "B0KUD1AP3N"
      },
      "geometry": {
        "type": "Point",
        "coordinates": [
          113.779599,
          22.704562
        ]
      }
    },
    {
      "type": "Feature",
      "properties": {
        "name": "第三卫生间公共厕所",
        "address": "行政八路大工业区中心广场",
        "type": "公共设施;公共厕所;公共厕所",
        "typecode": "200300",
        "tel": [],
        "_source": "amap",
        "_keyword": "第三卫生间",
        "_amap_id": "B0FFMFEPAW"
      },
      "geometry": {
        "type": "Point",
        "coordinates": [
          114.34817,
          22.702434
        ]
      }
    },
    {
      "type": "Feature",
      "properties": {
        "name": "kkone 一楼第三卫生间",
        "address": "滨河大道9289号(下沙地铁站B口步行320米)",
        "type": "公共设施;公共厕所;公共厕所",
        "typecode": "200300",
        "tel": [],
        "_source": "amap",
        "_keyword": "第三卫生间",
        "_amap_id": "B0K30R2SOA"
      },
      "geometry": {
        "type": "Point",
        "coordinates": [
          114.027363,
          22.526864
        ]
      }
    },
    {
      "type": "Feature",
      "properties": {
        "name": "kkone三楼第三卫生间",
        "address": "滨河大道9289号(下沙地铁站B口步行320米)三楼辣可可小炒黄牛肉店旁边",
        "type": "公共设施;公共厕所;公共厕所",
        "typecode": "200300",
        "tel": [],
        "_source": "amap",
        "_keyword": "第三卫生间",
        "_amap_id": "B0K30R2KYX"
      },
      "geometry": {
        "type": "Point",
        "coordinates": [
          114.026757,
          22.527838
        ]
      }
    },
    {
      "type": "Feature",
      "properties": {
        "name": "kkone四楼第三卫生间",
        "address": "滨河大道9289号(下沙地铁站B口步行320米)四楼水果嫩肉韩式烤肉旁边",
        "type": "公共设施;公共厕所;公共厕所",
        "typecode": "200300",
        "tel": [],
        "_source": "amap",
        "_keyword": "第三卫生间",
        "_amap_id": "B0K30R2SO1"
      },
      "geometry": {
        "type": "Point",
        "coordinates": [
          114.026752,
          22.527857
        ]
      }
    },
    {
      "type": "Feature",
      "properties": {
        "name": "潭头第三工业区公共厕所",
        "address": "中国潭头小学旁",
        "type": "公共设施;公共厕所;公共厕所",
        "typecode": "200300",
        "tel": [],
        "_source": "amap",
        "_keyword": "第三卫生间",
        "_amap_id": "B0IRHLUQWO"
      },
      "geometry": {
        "type": "Point",
        "coordinates": [
          113.843292,
          22.751287
        ]
      }
    },
    {
      "type": "Feature",
      "properties": {
        "name": "车公庙B口第三卫生间",
        "address": "车公庙B(第三方厕所)",
        "type": "公共设施;公共厕所;公共厕所",
        "typecode": "200300",
        "tel": [],
        "_source": "amap",
        "_keyword": "第三卫生间",
        "_amap_id": "B0KKZZRP3Z"
      },
      "geometry": {
        "type": "Point",
        "coordinates": [
          114.025214,
          22.536449
        ]
      }
    },
    {
      "type": "Feature",
      "properties": {
        "name": "欢乐海岸第三卫生间",
        "address": "白石路8号欢乐海岸购物中心F2",
        "type": "公共设施;公共厕所;公共厕所",
        "typecode": "200300",
        "tel": [],
        "_source": "amap",
        "_keyword": "第三卫生间",
        "_amap_id": "B0FFFDO1AX"
      },
      "geometry": {
        "type": "Point",
        "coordinates": [
          113.988834,
          22.525713
        ]
      }
    },
    {
      "type": "Feature",
      "properties": {
        "name": "下沙社区健康服务中心二楼第三卫生间",
        "address": "京基滨河时代3号楼1层(下沙地铁站B口步行450米)",
        "type": "公共设施;公共厕所;公共厕所",
        "typecode": "200300",
        "tel": [],
        "_source": "amap",
        "_keyword": "第三卫生间",
        "_amap_id": "B0K30L2SS4"
      },
      "geometry": {
        "type": "Point",
        "coordinates": [
          114.02816,
          22.526735
        ]
      }
    },
    {
      "type": "Feature",
      "properties": {
        "name": "光明农场大观园-奶香吧第三卫生间",
        "address": "体育公园路51号GD-SZ0590",
        "type": "公共设施;公共厕所;公共厕所",
        "typecode": "200300",
        "tel": [],
        "_source": "amap",
        "_keyword": "第三卫生间",
        "_amap_id": "B0I14UBVVQ"
      },
      "geometry": {
        "type": "Point",
        "coordinates": [
          113.963792,
          22.759471
        ]
      }
    },
    {
      "type": "Feature",
      "properties": {
        "name": "绿景佐阾红树林购物中心三楼无障碍卫生间",
        "address": "沙头街道沙嘴社区沙咀路8号红树华府101",
        "type": "公共设施;公共厕所;残障洗手间/无障碍洗手间",
        "typecode": "200303",
        "tel": [],
        "_source": "amap",
        "_keyword": "第三卫生间",
        "_amap_id": "B0L6O5CVLK"
      },
      "geometry": {
        "type": "Point",
        "coordinates": [
          114.037424,
          22.520246
        ]
      }
    },
    {
      "type": "Feature",
      "properties": {
        "name": "香梅北地铁站D口无障碍第三卫生间",
        "address": "香梅路与侨香路口交叉处",
        "type": "公共设施;公共厕所;公共厕所",
        "typecode": "200300",
        "tel": [],
        "_source": "amap",
        "_keyword": "第三卫生间",
        "_amap_id": "B0KKZZTHHI"
      },
      "geometry": {
        "type": "Point",
        "coordinates": [
          114.031879,
          22.553719
        ]
      }
    },
    {
      "type": "Feature",
      "properties": {
        "name": "中洲湾C Future City三楼无障碍卫生间",
        "address": "滨河大道9283号(下沙地铁站B口步行330米)",
        "type": "公共设施;公共厕所;残障洗手间/无障碍洗手间",
        "typecode": "200303",
        "tel": [],
        "_source": "amap",
        "_keyword": "第三卫生间",
        "_amap_id": "B0K30L2L3H"
      },
      "geometry": {
        "type": "Point",
        "coordinates": [
          114.02866,
          22.526904
        ]
      }
    },
    {
      "type": "Feature",
      "properties": {
        "name": "世纪汇购物中心三楼无障碍卫生间",
        "address": "华强北街道中航社区深南中路3018号",
        "type": "公共设施;公共厕所;残障洗手间/无障碍洗手间",
        "typecode": "200303",
        "tel": [],
        "_source": "amap",
        "_keyword": "第三卫生间",
        "_amap_id": "B0L6M5OP41"
      },
      "geometry": {
        "type": "Point",
        "coordinates": [
          114.08395,
          22.541557
        ]
      }
    },
    {
      "type": "Feature",
      "properties": {
        "name": "深长实业第三加油站公厕",
        "address": "广东省深圳市福田区北环大道3085号",
        "type": "公共设施;公共厕所;公共厕所",
        "typecode": "200300",
        "tel": [],
        "_source": "amap",
        "_keyword": "第三卫生间",
        "_amap_id": "B0IRHLWENT"
      },
      "geometry": {
        "type": "Point",
        "coordinates": [
          114.061008,
          22.561939
        ]
      }
    },
    {
      "type": "Feature",
      "properties": {
        "name": "深圳市南方科技大学第三附属医院公厕",
        "address": "广东省深圳市南山区留仙大道6019号",
        "type": "公共设施;公共厕所;公共厕所",
        "typecode": "200300",
        "tel": [],
        "_source": "amap",
        "_keyword": "第三卫生间",
        "_amap_id": "B0I1DZPLMC"
      },
      "geometry": {
        "type": "Point",
        "coordinates": [
          113.949013,
          22.579721
        ]
      }
    },
    {
      "type": "Feature",
      "properties": {
        "name": "国贸站 - 无障碍设施",
        "station": "国贸站",
        "line": "1号线",
        "facility": "1.盲道：车站公共区域。\n2.无障碍电梯：站厅到站台：站厅中部付费区1部。\n3.宽闸机：站厅中部(只进不出）、站厅近B出入口（双向闸机）。",
        "type": "地铁站无障碍设施",
        "_source": "sz_metro",
        "_osm_type": "node"
      },
      "geometry": {
        "type": "Point",
        "coordinates": [
          114.113907,
          22.5424182
        ]
      }
    },
    {
      "type": "Feature",
      "properties": {
        "name": "老街站 - 无障碍设施",
        "station": "老街站",
        "line": "1号线",
        "facility": "1.盲道：车站公共区域。\n2.无障碍电梯：站厅到站外：E出入口1部；站厅到站台：站厅中部付费区1部。\n3.宽闸机：客服中心旁。",
        "type": "地铁站无障碍设施",
        "_source": "sz_metro",
        "_osm_type": "node"
      },
      "geometry": {
        "type": "Point",
        "coordinates": [
          114.1108594,
          22.5472942
        ]
      }
    },
    {
      "type": "Feature",
      "properties": {
        "name": "大剧院站 - 无障碍设施",
        "station": "大剧院站",
        "line": "1号线",
        "facility": "1.盲道：车站公共区域。\n2.无障碍电梯：站厅到站外：F出入口1部，G出入口1部；站厅到站台：1号线站厅中部付费区1部，2号线站厅中部付费区1部，5号线站厅中部付费区2部。\n3.无障碍卫生间：2号线站厅（近F出入口），5号线站厅（近G出入口），5号线站台（往赤湾方向中部）。\n4.宽闸机：1号线站厅近D出入口，1号线站厅中部，2号线站厅中部，5号线客服中心旁，5号线站厅中部。",
        "type": "地铁站无障碍设施",
        "_source": "sz_metro",
        "_osm_type": "node"
      },
      "geometry": {
        "type": "Point",
        "coordinates": [
          114.102858,
          22.5440073
        ]
      }
    },
    {
      "type": "Feature",
      "properties": {
        "name": "科学馆站 - 无障碍设施",
        "station": "科学馆站",
        "line": "1号线",
        "facility": "1.盲道：车站公共区域。\n2.无障碍电梯：站厅到站外：1号线A出入口1部，6号线F出入口1部；站厅到站台：1号线站厅中部付费区1部，6号线站厅中部付费区1部；换乘通道：6号线换乘通道1部。\n3.无障碍卫生间：1号线（A出入口通道），6号线（E出入口通道），6号线站台（往松岗方向尾端）。\n4.宽闸机：1号线站厅中部，6号线站厅中部。",
        "type": "地铁站无障碍设施",
        "_source": "sz_metro",
        "_osm_type": "node"
      },
      "geometry": {
        "type": "Point",
        "coordinates": [
          114.0912017,
          22.5421181
        ]
      }
    },
    {
      "type": "Feature",
      "properties": {
        "name": "华强路站 - 无障碍设施",
        "station": "华强路站",
        "line": "1号线",
        "facility": "1.盲道：车站公共区域。\n2.无障碍电梯：站厅到站台：站厅付费区内中部1部；站厅到站外：C出入口通道1部。\n3.无障碍卫生间：站厅（B出入口通道）。\n4.宽闸机：靠近站厅B出入口端（只进不出），靠近站厅A出入口端。",
        "type": "地铁站无障碍设施",
        "_source": "sz_metro",
        "_osm_type": "node"
      },
      "geometry": {
        "type": "Point",
        "coordinates": [
          114.0799442,
          22.5430403
        ]
      }
    },
    {
      "type": "Feature",
      "properties": {
        "name": "岗厦站 - 无障碍设施",
        "station": "岗厦站",
        "line": "1号线",
        "facility": "1.盲道：车站公共区域。                       \n2.无障碍电梯：站厅到站外：10号线D出入口1部，10号线E出入口1部，1号线G出入口1部；站厅到站台：1号线站厅中部付费区1部，10号线站厅中部付费区1部。\n3.无障碍卫生间：1号线站厅（G出入口通道内）。                                    \n4.第三卫生间：10号线站台（福田口岸方向头端）。     \n5.宽闸机：1号线、10号线客服中心旁。",
        "type": "地铁站无障碍设施",
        "_source": "sz_metro",
        "_osm_type": "node"
      },
      "geometry": {
        "type": "Point",
        "coordinates": [
          114.0629464,
          22.5375885
        ]
      }
    },
    {
      "type": "Feature",
      "properties": {
        "name": "会展中心站 - 无障碍设施",
        "station": "会展中心站",
        "line": "1号线",
        "facility": "1.盲道：车站公共区域。\n2.无障碍电梯：站厅到站外：站厅到C出入口1部；站厅到站台：站厅付费区往福田口岸方向站台2部，站厅付费区往牛湖方向站台1部。\n3.无障碍生间：站厅（E出入口旁）。\n4.宽闸机：站厅A出入口旁，站厅B出入口旁，站厅C出入口端。",
        "type": "地铁站无障碍设施",
        "_source": "sz_metro",
        "_osm_type": "node"
      },
      "geometry": {
        "type": "Point",
        "coordinates": [
          114.0559371,
          22.5374546
        ]
      }
    },
    {
      "type": "Feature",
      "properties": {
        "name": "购物公园站 - 无障碍设施",
        "station": "购物公园站",
        "line": "1号线",
        "facility": "1.盲道：车站公共区域。\n2.无障碍电梯：站厅到站外：E出入口1部；站厅到站台：站厅中部付费区1号线1部，站厅中部付费区3号线1部。\n3.无障碍卫生间：3号线站厅（近H出入口处）。\n4.宽闸机：1号线站厅中部，3号线站厅中部。",
        "type": "地铁站无障碍设施",
        "_source": "sz_metro",
        "_osm_type": "node"
      },
      "geometry": {
        "type": "Point",
        "coordinates": [
          114.0479575,
          22.5365689
        ]
      }
    },
    {
      "type": "Feature",
      "properties": {
        "name": "香蜜湖站 - 无障碍设施",
        "station": "香蜜湖站",
        "line": "1号线",
        "facility": "1.盲道：车站公共区域。\n2.无障碍电梯：站厅到站外：A出入口1部；站厅到站台：站厅中部付费区1部。\n3.无障碍卫生间：站厅（B出入口通道内）。                                              \n4.宽闸机：站厅客服中心旁。",
        "type": "地铁站无障碍设施",
        "_source": "sz_metro",
        "_osm_type": "node"
      },
      "geometry": {
        "type": "Point",
        "coordinates": [
          114.0336141,
          22.541655
        ]
      }
    },
    {
      "type": "Feature",
      "properties": {
        "name": "车公庙站 - 无障碍设施",
        "station": "车公庙站",
        "line": "1号线",
        "facility": "1.盲道：车站公共区域。\n2.无障碍电梯：站厅到站外：B出入口1部，D1出入口1部，J1出入口1部，J2口出入口1部；站厅到站台：1号线站厅中部付费区1部，7/9号线站厅中部付费区2部，11号线站厅中部付费区1部。\n3.无障碍卫生间：1号线站厅（B出入口通道内）。11号线站台（往碧头方向头端）。7号线站台（往太安方向头端）。9号线站台（往前湾方向头端)。\n4.宽闸机：1号线站厅客服中心旁；1号线站厅近A出入口；11号线站厅近C出入口；11号线站厅近D出入口；7/9号线站厅近F出入口；7/9号线站厅近J出入口。",
        "type": "地铁站无障碍设施",
        "_source": "sz_metro",
        "_osm_type": "node"
      },
      "geometry": {
        "type": "Point",
        "coordinates": [
          114.0226605,
          22.5388378
        ]
      }
    },
    {
      "type": "Feature",
      "properties": {
        "name": "竹子林站 - 无障碍设施",
        "station": "竹子林站",
        "line": "1号线",
        "facility": "1.盲道：车站公共区域。\n2.无障碍电梯：站厅到站外：B1出入口1部；站厅到站台：站厅中部付费区往机场东方向站台1部，站厅中部付费区往罗湖方向站台1部。\n3.宽闸机：站厅D出入口附近。",
        "type": "地铁站无障碍设施",
        "_source": "sz_metro",
        "_osm_type": "node"
      },
      "geometry": {
        "type": "Point",
        "coordinates": [
          114.0090381,
          22.5363142
        ]
      }
    },
    {
      "type": "Feature",
      "properties": {
        "name": "侨城东站 - 无障碍设施",
        "station": "侨城东站",
        "line": "1号线",
        "facility": "1.盲道：车站公共区域。\n2.无障碍电梯：站厅到站台：站厅中部付费区1部；站厅到站外：B出入口1部。 \n3.无障碍卫生间：站厅（A出入口通道内）。\n4.宽闸机：靠近客服中心1部；靠近B出入口1部。",
        "type": "地铁站无障碍设施",
        "_source": "sz_metro",
        "_osm_type": "node"
      },
      "geometry": {
        "type": "Point",
        "coordinates": [
          113.9914607,
          22.5354178
        ]
      }
    },
    {
      "type": "Feature",
      "properties": {
        "name": "华侨城站 - 无障碍设施",
        "station": "华侨城站",
        "line": "1号线",
        "facility": "1.盲道：车站公共区域。\n2.无障碍电梯：站厅到站外：B出入口1部；站厅到站台：站厅中部付费区1部。\n3.无障碍卫生间：站厅（B出入口通道内）。\n4.宽闸机：站厅（近A出入口），站厅（近D出入口）。",
        "type": "地铁站无障碍设施",
        "_source": "sz_metro",
        "_osm_type": "node"
      },
      "geometry": {
        "type": "Point",
        "coordinates": [
          113.9804886,
          22.5364467
        ]
      }
    },
    {
      "type": "Feature",
      "properties": {
        "name": "世界之窗站 - 无障碍设施",
        "station": "世界之窗站",
        "line": "1号线",
        "facility": "1.盲道：车站公共区域。\n2.无障碍电梯：站厅到站外：B出入口1部，I出入口1部；站厅到站台：站厅到2号线赤湾方向站台1部，站厅到8号线小梅沙方向站台1部，站厅到1号线站台1部。\n3.无障碍卫生间：C2出入口通道。\n4.宽闸机：靠近站厅J出入口，靠近站厅A出入口，靠近站厅K出入口。",
        "type": "地铁站无障碍设施",
        "_source": "sz_metro",
        "_osm_type": "node"
      },
      "geometry": {
        "type": "Point",
        "coordinates": [
          113.969307,
          22.539854
        ]
      }
    },
    {
      "type": "Feature",
      "properties": {
        "name": "白石洲站 - 无障碍设施",
        "station": "白石洲站",
        "line": "1号线",
        "facility": "1.盲道：车站公共区域。\n2.无障碍电梯：站厅到站台：站厅付费区内1部。                    \n3.宽闸机：站厅中部。",
        "type": "地铁站无障碍设施",
        "_source": "sz_metro",
        "_osm_type": "node"
      },
      "geometry": {
        "type": "Point",
        "coordinates": [
          113.9622543,
          22.5424968
        ]
      }
    },
    {
      "type": "Feature",
      "properties": {
        "name": "高新园站 - 无障碍设施",
        "station": "高新园站",
        "line": "1号线",
        "facility": "1.盲道：车站公共区域。\n2.无障碍电梯：站厅到站外：B出入口1部；站厅到站台：站厅中部付费区1部。\n3.宽闸机：站厅中部、站厅客服中心旁。",
        "type": "地铁站无障碍设施",
        "_source": "sz_metro",
        "_osm_type": "node"
      },
      "geometry": {
        "type": "Point",
        "coordinates": [
          113.9491278,
          22.5432309
        ]
      }
    },
    {
      "type": "Feature",
      "properties": {
        "name": "深大站 - 无障碍设施",
        "station": "深大站",
        "line": "1号线",
        "facility": "1.盲道：车站公共区域。\n2.无障碍电梯：站厅到站外：C出入口1部；站厅到站台：站厅中部付费区1部。\n3.无障碍卫生间：1号线站厅A通道。\n4.宽闸机：站厅中部。",
        "type": "地铁站无障碍设施",
        "_source": "sz_metro",
        "_osm_type": "node"
      },
      "geometry": {
        "type": "Point",
        "coordinates": [
          113.9406631,
          22.5405167
        ]
      }
    },
    {
      "type": "Feature",
      "properties": {
        "name": "桃园站 - 无障碍设施",
        "station": "桃园站",
        "line": "1号线",
        "facility": "1.盲道：车站公共区域。\n2.无障碍电梯：站厅到站外：1号线C出入口1部，12号线E出入口1部；站厅到站台：1号线站厅中部付费区1部，12号线站厅中部付费区1部。\n3.无障碍生间：1号线站厅（C出入口通道内）。\n4.第三卫生间：12号线站厅中部（闸机内）。\n5.宽闸机：1号线站厅中部，12号线站厅中部。",
        "type": "地铁站无障碍设施",
        "_source": "sz_metro",
        "_osm_type": "node"
      },
      "geometry": {
        "type": "Point",
        "coordinates": [
          113.9198061,
          22.5353507
        ]
      }
    },
    {
      "type": "Feature",
      "properties": {
        "name": "大新站 - 无障碍设施",
        "station": "大新站",
        "line": "1号线",
        "facility": "1.盲道：车站公共区域。\n2.无障碍电梯：站厅到站外：D出入口1部；站厅到站台：站厅付费区内中1部。\n3.无障碍卫生间：站厅(D出入口通道内)。\n4.宽闸机：站厅中部。",
        "type": "地铁站无障碍设施",
        "_source": "sz_metro",
        "_osm_type": "node"
      },
      "geometry": {
        "type": "Point",
        "coordinates": [
          113.9103546,
          22.5352462
        ]
      }
    },
    {
      "type": "Feature",
      "properties": {
        "name": "鲤鱼门站 - 无障碍设施",
        "station": "鲤鱼门站",
        "line": "1号线",
        "facility": "1.盲道：车站公共区域。\n2.无障碍电梯：站厅到站台：站厅中部付费区1部。\n3.无障碍卫生间：站厅（C出入口通道内）。\n4.宽闸机：站厅中部。",
        "type": "地铁站无障碍设施",
        "_source": "sz_metro",
        "_osm_type": "node"
      },
      "geometry": {
        "type": "Point",
        "coordinates": [
          113.8985018,
          22.5350655
        ]
      }
    },
    {
      "type": "Feature",
      "properties": {
        "name": "前海湾站 - 无障碍设施",
        "station": "前海湾站",
        "line": "1号线",
        "facility": "1.盲道：车站公共区域。\n2.无障碍电梯：站厅到站外：B出入口1部；站厅到站台：1号线站厅中部付费区1部，5号线站厅中部付费区1部，11号线站厅中部付费区1部。\n3.无障碍卫生间：站厅（B出入口通道）。\n4.宽闸机：1号线站厅靠近B出入口；5号线站厅靠近A出入口；11号线站厅。",
        "type": "地铁站无障碍设施",
        "_source": "sz_metro",
        "_osm_type": "node"
      },
      "geometry": {
        "type": "Point",
        "coordinates": [
          113.8927681,
          22.5403059
        ]
      }
    },
    {
      "type": "Feature",
      "properties": {
        "name": "新安站 - 无障碍设施",
        "station": "新安站",
        "line": "1号线",
        "facility": "1.盲道：车站公共区域。\n2.无障碍电梯：站厅到站外：B出入口1部；站厅到站台：站厅中部付费区1部。\n3.无障碍卫生间：站厅（B出入口通道内）。\n4.宽闸机：站厅中部。",
        "type": "地铁站无障碍设施",
        "_source": "sz_metro",
        "_osm_type": "node"
      },
      "geometry": {
        "type": "Point",
        "coordinates": [
          113.8895625,
          22.550747
        ]
      }
    },
    {
      "type": "Feature",
      "properties": {
        "name": "宝安中心站 - 无障碍设施",
        "station": "宝安中心站",
        "line": "1号线",
        "facility": "1.盲道：车站公共区域。\n2.无障碍电梯：站厅到站外：B出入口1部；\n站厅到站台：1号线站厅中部1台，5号线站厅黄贝岭方向1台，5号线站厅赤湾方向1台。\n3.无障碍卫生间：站厅（A出入口通道内）。\n4.宽闸机：站厅（近A出入口）；站厅（近C出入口）；站厅（近E出入口）。",
        "type": "地铁站无障碍设施",
        "_source": "sz_metro",
        "_osm_type": "node"
      },
      "geometry": {
        "type": "Point",
        "coordinates": [
          113.8823152,
          22.5576373
        ]
      }
    },
    {
      "type": "Feature",
      "properties": {
        "name": "宝体站 - 无障碍设施",
        "station": "宝体站",
        "line": "1号线",
        "facility": "1.盲道：车站公共区域。\n2.无障碍电梯：站厅到站台：站厅中部付费区1部；站厅到站外：A出入口1部，D出入口1部。\n3.无障碍卫生间：站厅（A出入口通道内）。\n4.宽闸机：站厅中部。",
        "type": "地铁站无障碍设施",
        "_source": "sz_metro",
        "_osm_type": "node"
      },
      "geometry": {
        "type": "Point",
        "coordinates": [
          113.8764671,
          22.5632358
        ]
      }
    },
    {
      "type": "Feature",
      "properties": {
        "name": "坪洲站 - 无障碍设施",
        "station": "坪洲站",
        "line": "1号线",
        "facility": "1.盲道：车站公共区域。\n2.无障碍电梯：站厅到站外：A出入口1部；站厅到站台：站厅中部付费区1部。\n3.无障碍卫生间：站厅（A出入口通道内）。                           \n4.宽闸机：站厅中部。",
        "type": "地铁站无障碍设施",
        "_source": "sz_metro",
        "_osm_type": "node"
      },
      "geometry": {
        "type": "Point",
        "coordinates": [
          113.8657455,
          22.571935
        ]
      }
    },
    {
      "type": "Feature",
      "properties": {
        "name": "西乡站 - 无障碍设施",
        "station": "西乡站",
        "line": "1号线",
        "facility": "1.盲道：车站公共区域。\n2.无障碍电梯：站厅到站台：站厅中部付费区往机场东方向站台1部，站厅中部付费区往罗湖方向站台1部。\n3.宽闸机：靠近站厅A出入口。",
        "type": "地铁站无障碍设施",
        "_source": "sz_metro",
        "_osm_type": "node"
      },
      "geometry": {
        "type": "Point",
        "coordinates": [
          113.8569798,
          22.5790602
        ]
      }
    },
    {
      "type": "Feature",
      "properties": {
        "name": "固戍站 - 无障碍设施",
        "station": "固戍站",
        "line": "1号线",
        "facility": "1.盲道：车站公共区域。\n2.无障碍电梯：站厅到站外：E出入口1部；站厅到站台：站厅中部付费区往机场东方向站台1部，站厅中部付费区往罗湖方向站台1部。\n3.无障碍卫生间：站厅（A出入口通道内）。\n4.宽闸机：客服中心旁。",
        "type": "地铁站无障碍设施",
        "_source": "sz_metro",
        "_osm_type": "node"
      },
      "geometry": {
        "type": "Point",
        "coordinates": [
          113.8420114,
          22.6037783
        ]
      }
    },
    {
      "type": "Feature",
      "properties": {
        "name": "后瑞站 - 无障碍设施",
        "station": "后瑞站",
        "line": "1号线",
        "facility": "1.盲道：车站公共区域。\n2.无障碍电梯：站厅到站台：站厅中部付费区1部；站厅到站外：B出入口1部，C出入口1部。\n3.无障碍卫生间：站厅（C出入口通道旁）。\n4.宽闸机：站厅中部。",
        "type": "地铁站无障碍设施",
        "_source": "sz_metro",
        "_osm_type": "node"
      },
      "geometry": {
        "type": "Point",
        "coordinates": [
          113.830368,
          22.6317812
        ]
      }
    },
    {
      "type": "Feature",
      "properties": {
        "name": "机场东站 - 无障碍设施",
        "station": "机场东站",
        "line": "1号线",
        "facility": "1.盲道：车站公共区域。\n2.无障碍电梯：1号线1层站厅到2层站厅1部，近A出入口；站厅到站外：12号线站厅D出入口1部；站厅到站台：1号线2层站厅中部付费区往机场东方向站台1部，1号线2层站厅中部付费区往罗湖方向站台1部，12号线站厅中部付费区2部。\n3.无障碍卫生间：1号线1层站厅（近无障碍电梯）。\n4.第三卫生间：12号线站厅（D出入口通道内），12号线站台（往松岗方向头端）。\n5.宽闸机：12号线站厅近D出入口，12号线站厅中部。",
        "type": "地铁站无障碍设施",
        "_source": "sz_metro",
        "_osm_type": "node"
      },
      "geometry": {
        "type": "Point",
        "coordinates": [
          113.8170998,
          22.6503143
        ]
      }
    },
    {
      "type": "Feature",
      "properties": {
        "name": "赤湾站 - 无障碍设施",
        "station": "赤湾站",
        "line": "2号线",
        "facility": "1.盲道：车站公共区域。\n2.无障碍电梯：B出入口站厅到站外1部；C出入口站厅到站外1部；\n2号线站厅到站台1部；2号线站厅付费区内中部；5号线站厅到站台1部；5号线站厅付费区内中部。\n3.无障碍卫生间：E出入口通道；C出入口通道。\n4.宽闸机：2号线站厅中部；5号线站厅中部。",
        "type": "地铁站无障碍设施",
        "_source": "sz_metro",
        "_osm_type": "node"
      },
      "geometry": {
        "type": "Point",
        "coordinates": [
          113.8925041,
          22.4822397
        ]
      }
    },
    {
      "type": "Feature",
      "properties": {
        "name": "蛇口港站 - 无障碍设施",
        "station": "蛇口港站",
        "line": "2号线",
        "facility": "1.盲道：车站公共区域。\n2.无障碍电梯：D1出入口站厅到站外1部；站厅到站台1部在站厅付费区内中部。\n3.无障碍卫生间：站厅（C出入口通道）。\n4.宽闸机：站厅中部。",
        "type": "地铁站无障碍设施",
        "_source": "sz_metro",
        "_osm_type": "node"
      },
      "geometry": {
        "type": "Point",
        "coordinates": [
          113.9073872,
          22.4797136
        ]
      }
    },
    {
      "type": "Feature",
      "properties": {
        "name": "海上世界站 - 无障碍设施",
        "station": "海上世界站",
        "line": "2号线",
        "facility": "1.盲道：车站公共区域。\n2.无障碍电梯：站厅到站外：2号线C出入口1部，12号线H出入口1部，12号线F出入口1部；站厅到站台：2号线站厅中部付费区1部，12号线站厅中部付费区1部。换乘：2号线12号线站厅换乘1部。\n3.无障碍卫生间：2号线站厅（近D出入口），12号线站台（往松岗方向头端），12号线站厅（近H出入口）。\n4.宽闸机：站厅中部。",
        "type": "地铁站无障碍设施",
        "_source": "sz_metro",
        "_osm_type": "node"
      },
      "geometry": {
        "type": "Point",
        "coordinates": [
          113.9088351,
          22.4880191
        ]
      }
    },
    {
      "type": "Feature",
      "properties": {
        "name": "水湾站 - 无障碍设施",
        "station": "水湾站",
        "line": "2号线",
        "facility": "1.盲道:车站公共区域。\n2.无障碍电梯：D出入口站厅到站外1部；站厅到站台1部在站厅付费区内中部。\n3.无障碍卫生间：D出入口。\n4.宽闸机：站厅中部。",
        "type": "地铁站无障碍设施",
        "_source": "sz_metro",
        "_osm_type": "node"
      },
      "geometry": {
        "type": "Point",
        "coordinates": [
          113.914817,
          22.4914656
        ]
      }
    },
    {
      "type": "Feature",
      "properties": {
        "name": "东角头站 - 无障碍设施",
        "station": "东角头站",
        "line": "2号线",
        "facility": "1.盲道:车站公共区域（B出入口至进站闸机处无盲道）。\n2.无障碍电梯：站厅到站外：D出入口1部；站厅到站台：站厅中部付费区1部。\n3.无障碍卫生间：D出入口。\n4.宽闸机：站厅中部。",
        "type": "地铁站无障碍设施",
        "_source": "sz_metro",
        "_osm_type": "node"
      },
      "geometry": {
        "type": "Point",
        "coordinates": [
          113.9264123,
          22.4891582
        ]
      }
    },
    {
      "type": "Feature",
      "properties": {
        "name": "湾厦站 - 无障碍设施",
        "station": "湾厦站",
        "line": "2号线",
        "facility": "1.盲道：车站公共区域、车站公共区设有盲道（因车站设计原因、D出入口通道处无盲道）。\n2.无障碍电梯：B出入口站厅到站外1部；站厅到站台2部（在站厅付费区内中部）。\n3.无障碍卫生间：D出入口通道。\n4.宽闸机：站厅中部。",
        "type": "地铁站无障碍设施",
        "_source": "sz_metro",
        "_osm_type": "node"
      },
      "geometry": {
        "type": "Point",
        "coordinates": [
          113.9336953,
          22.4965491
        ]
      }
    },
    {
      "type": "Feature",
      "properties": {
        "name": "海月站 - 无障碍设施",
        "station": "海月站",
        "line": "2号线",
        "facility": "1.盲道：车站公共区域（部分区域无盲道（因设计原因、D出入口无无障碍电梯、D出入口至站厅处无盲道））。\n2.无障碍电梯：C出入口站厅到站1部；站厅到站台1部（在站厅付费区内中部）。\n3.无障碍卫生间：C出入口通道。\n4.宽闸机：站厅中部。",
        "type": "地铁站无障碍设施",
        "_source": "sz_metro",
        "_osm_type": "node"
      },
      "geometry": {
        "type": "Point",
        "coordinates": [
          113.9329249,
          22.5031277
        ]
      }
    },
    {
      "type": "Feature",
      "properties": {
        "name": "登良站 - 无障碍设施",
        "station": "登良站",
        "line": "2号线",
        "facility": "1.盲道：车站公共区域。\n2.无障碍电梯：站厅到站外：D出入口1部；站厅到站台：站厅付费区内中部1部。\n3.无障碍卫生间：站厅（D出入口通道内）。\n4.宽闸机：站厅中部。",
        "type": "地铁站无障碍设施",
        "_source": "sz_metro",
        "_osm_type": "node"
      },
      "geometry": {
        "type": "Point",
        "coordinates": [
          113.9327837,
          22.5119037
        ]
      }
    },
    {
      "type": "Feature",
      "properties": {
        "name": "后海站 - 无障碍设施",
        "station": "后海站",
        "line": "2号线",
        "facility": "1.盲道:车站公共区域。\n2.无障碍电梯：站厅到站外：2号线E出入口站厅到站外1部； 11号线H出入口站厅到站外1部。                   \n站厅到站台：2号线站厅中部付费区1部，11号线站厅中部付费区1部。\n换乘垂梯：2号线站厅到换乘通道换乘1部。\n3.无障碍卫生间：2号线站厅（D出入口通道内），11号线站厅（H出入口通道内）。\n4.宽闸机：2号线站厅中部，换乘平台与深圳湾万象城二期通道连接处；11号线站厅中部。",
        "type": "地铁站无障碍设施",
        "_source": "sz_metro",
        "_osm_type": "node"
      },
      "geometry": {
        "type": "Point",
        "coordinates": [
          113.9353794,
          22.5203848
        ]
      }
    },
    {
      "type": "Feature",
      "properties": {
        "name": "科苑站 - 无障碍设施",
        "station": "科苑站",
        "line": "2号线",
        "facility": "1.盲道:车站公共区域。\n2.无障碍电梯：站厅到站外：2号线B出入口1部；站厅到站台：2号线站厅中部付费区1部。\n3.无障碍卫生间：2号线A出入口通道。\n4.宽闸机：站厅中部。",
        "type": "地铁站无障碍设施",
        "_source": "sz_metro",
        "_osm_type": "node"
      },
      "geometry": {
        "type": "Point",
        "coordinates": [
          113.9410449,
          22.5301339
        ]
      }
    },
    {
      "type": "Feature",
      "properties": {
        "name": "红树湾站 - 无障碍设施",
        "station": "红树湾站",
        "line": "2号线",
        "facility": "1.盲道:车站公共区域。\n2.无障碍电梯：站厅到站外：A出入口1部；站厅到站台：站厅付费区内中部1部。\n3.无障碍卫生间：2号线站厅（A出入口通道内）。\n4.宽闸机：站厅中部。",
        "type": "地铁站无障碍设施",
        "_source": "sz_metro",
        "_osm_type": "node"
      },
      "geometry": {
        "type": "Point",
        "coordinates": [
          113.9633397,
          22.527994
        ]
      }
    },
    {
      "type": "Feature",
      "properties": {
        "name": "世界之窗站 - 无障碍设施",
        "station": "世界之窗站",
        "line": "2号线",
        "facility": "1.盲道：车站公共区域。\n2.无障碍电梯：站厅到站外：B出入口1部，I出入口1部；站厅到站台：站厅到2号线赤湾方向站台1部，站厅到8号线小梅沙方向站台1部，站厅到1号线站台1部。\n3.无障碍卫生间：C2出入口通道。\n4.宽闸机：靠近站厅J出入口，靠近站厅A出入口，靠近站厅K出入口。",
        "type": "地铁站无障碍设施",
        "_source": "sz_metro",
        "_osm_type": "node"
      },
      "geometry": {
        "type": "Point",
        "coordinates": [
          113.969307,
          22.539854
        ]
      }
    },
    {
      "type": "Feature",
      "properties": {
        "name": "侨城北站 - 无障碍设施",
        "station": "侨城北站",
        "line": "2号线",
        "facility": "1.盲道:车站公共区域。\n2.无障碍电梯：站厅到站外：D出入口1部；站厅到站台：站厅中部付费区1部。\n3.无障碍卫生间：站厅（C出入口通道内）。\n4.宽闸机：站厅中部。",
        "type": "地铁站无障碍设施",
        "_source": "sz_metro",
        "_osm_type": "node"
      },
      "geometry": {
        "type": "Point",
        "coordinates": [
          113.9839745,
          22.5471125
        ]
      }
    },
    {
      "type": "Feature",
      "properties": {
        "name": "深康站 - 无障碍设施",
        "station": "深康站",
        "line": "2号线",
        "facility": "1.盲道：车站公共区域（因车站设计原因、站厅至C出入口楼梯处无盲道）。\n2.无障碍电梯：站厅到站外：B出入口1部；站厅到站台：站厅中部付费区1部。\n3.无障碍卫生间：B出入口通道内。\n4.宽闸机：站厅中部。",
        "type": "地铁站无障碍设施",
        "_source": "sz_metro",
        "_osm_type": "node"
      },
      "geometry": {
        "type": "Point",
        "coordinates": [
          113.9936907,
          22.5492913
        ]
      }
    },
    {
      "type": "Feature",
      "properties": {
        "name": "安托山站 - 无障碍设施",
        "station": "安托山站",
        "line": "2号线",
        "facility": "1.盲道：车站公共区域（因设计原因、B出入口通道、D出入口通道、E出入口通道无盲道）。\n2.无障碍电梯：站厅到站外：C出入口1部；站厅到站台：站厅中部付费区到7号线深大丽湖方向站台和2号线站台1部，站厅中部付费区到7号线太安方向站台1部。\n3.无障碍卫生间：A出入口通道内、7号线站台（深大丽湖方向尾端）。\n4.宽闸机：站厅中部、站厅C出入口端。",
        "type": "地铁站无障碍设施",
        "_source": "sz_metro",
        "_osm_type": "node"
      },
      "geometry": {
        "type": "Point",
        "coordinates": [
          114.0012596,
          22.5516507
        ]
      }
    },
    {
      "type": "Feature",
      "properties": {
        "name": "侨香站 - 无障碍设施",
        "station": "侨香站",
        "line": "2号线",
        "facility": "1.盲道：车站公共区域（站厅中部无障碍电梯至免费专用通道无盲道）。\n2.无障碍电梯：站厅到站外：A出入口1部；站厅到站台：站厅中部付费区1部。\n3.无障碍卫生间：C出入口通道内。\n4.宽闸机：站厅中部。",
        "type": "地铁站无障碍设施",
        "_source": "sz_metro",
        "_osm_type": "node"
      },
      "geometry": {
        "type": "Point",
        "coordinates": [
          114.0093299,
          22.5524763
        ]
      }
    },
    {
      "type": "Feature",
      "properties": {
        "name": "香蜜站 - 无障碍设施",
        "station": "香蜜站",
        "line": "2号线",
        "facility": "1.盲道：车站公共区域（站厅中部无障碍电梯至免费专用通道无盲道）。\n2.无障碍电梯：站厅到站外：B出入口1部，D出入口1部；站厅到站台：站厅中部付费区1部。\n3.无障碍卫生间：D出入口通道内。\n4.宽闸机：站厅中部。",
        "type": "地铁站无障碍设施",
        "_source": "sz_metro",
        "_osm_type": "node"
      },
      "geometry": {
        "type": "Point",
        "coordinates": [
          114.0185933,
          22.555735
        ]
      }
    },
    {
      "type": "Feature",
      "properties": {
        "name": "香梅北站 - 无障碍设施",
        "station": "香梅北站",
        "line": "2号线",
        "facility": "1.盲道：车站公共区域（公共洗手间至D出入口无盲道）。\n2.无障碍电梯：站厅到站外：B1出入口1部，B3出入口1部；站厅到站台：站厅中部付费区1部\n3.无障碍卫生间：D出入口通道内。\n4.宽闸机：站厅中部。",
        "type": "地铁站无障碍设施",
        "_source": "sz_metro",
        "_osm_type": "node"
      },
      "geometry": {
        "type": "Point",
        "coordinates": [
          114.0278197,
          22.5566537
        ]
      }
    },
    {
      "type": "Feature",
      "properties": {
        "name": "景田站 - 无障碍设施",
        "station": "景田站",
        "line": "2号线",
        "facility": "1.盲道：车站公共区域。\n2.无障碍电梯：站厅到站外：A出入口1部，D出入口1部；站厅到站台：站厅付费区到8号线溪涌方向站台和9号线站台1部，站厅付费区到2号线赤湾方向站台和9号线站台1部。\n3.无障碍卫生间：D出入口通道内、9号线站台（往前湾方向头端）。\n4.宽闸机：站厅C出入口端、站厅E出入口端。",
        "type": "地铁站无障碍设施",
        "_source": "sz_metro",
        "_osm_type": "node"
      },
      "geometry": {
        "type": "Point",
        "coordinates": [
          114.0385546,
          22.5561853
        ]
      }
    },
    {
      "type": "Feature",
      "properties": {
        "name": "莲花西站 - 无障碍设施",
        "station": "莲花西站",
        "line": "2号线",
        "facility": "1.盲道：车站公共区域。\n2.无障碍电梯：站厅到站外：A出入口1部；站厅到站台：站厅中部付费区1部。\n3.无障碍卫生间：站厅（B出入口通道内）。\n4.宽闸机：站厅中部。",
        "type": "地铁站无障碍设施",
        "_source": "sz_metro",
        "_osm_type": "node"
      },
      "geometry": {
        "type": "Point",
        "coordinates": [
          114.0449155,
          22.5498083
        ]
      }
    },
    {
      "type": "Feature",
      "properties": {
        "name": "福田站 - 无障碍设施",
        "station": "福田站",
        "line": "2号线",
        "facility": "1.盲道：车站公共区域。\n2.无障碍电梯：2A出入口站厅到站外无障碍电梯1部。\n3.无障碍电梯：3出入口站厅到站外无障碍电梯1部。\n4.无障碍电梯：4出入口站厅到站外无障碍电梯1部。\n5.无障碍电梯：15出入口站厅到站外无障碍电梯1部。\n6.无障碍电梯：30B出入口站厅到站外无障碍电梯1部。\n7.无障碍电梯：31出入口站厅到站外无障碍电梯1部。\n8.无障碍电梯：11号线站厅到站台无障碍电梯2部在站厅付费区内中部。（11号线）         \n 9.无障碍电梯：2号线站厅到站台无障碍电梯1部在站厅付费区内中部。（2号线）\n10.无障碍电梯：3号线站厅到站台无障碍电梯2部在站厅小付费区内。（3号线）\n11.无障碍卫生间：站厅1出入口通道处站厅。\n12.无障碍卫生间：31出入口无障碍电梯处、靠近高铁通道。\n13.无障碍卫生间：4b出入口往高铁通道近高铁。\n14.宽闸机：客服一旁出闸机处。（3号线）\n15.宽闸机：客服二旁。（3号线）\n16.宽闸机：1出入口小付费区。（3号线）\n17.宽闸机：32出入口旁。（3号线）",
        "type": "地铁站无障碍设施",
        "_source": "sz_metro",
        "_osm_type": "node"
      },
      "geometry": {
        "type": "Point",
        "coordinates": [
          114.0482367,
          22.5427538
        ]
      }
    },
    {
      "type": "Feature",
      "properties": {
        "name": "市民中心站 - 无障碍设施",
        "station": "市民中心站",
        "line": "2号线",
        "facility": "1.盲道：车站公共区域（部分区域无盲道（因客流组织需要、车站重新划分的原因、4号线换乘2号线方向的通道处无盲道）。\n2.无障碍电梯：站厅到站外：F出入口1部；站厅到站台：站厅中部付费区1部。\n3.第三卫生间：2号线站厅（F出入口通道内）。\n4.宽闸机：站厅中部。",
        "type": "地铁站无障碍设施",
        "_source": "sz_metro",
        "_osm_type": "node"
      },
      "geometry": {
        "type": "Point",
        "coordinates": [
          114.0558898,
          22.5444192
        ]
      }
    },
    {
      "type": "Feature",
      "properties": {
        "name": "岗厦北站 - 无障碍设施",
        "station": "岗厦北站",
        "line": "2号线",
        "facility": "1.盲道：车站公共区域。\n2.无障碍电梯：站厅到站外：1出入口1部，7出入口1部，12出入口1部，16出入口1部，19出入口1部；站厅到站台：11/14号线站厅中部付费区4部，2号线站厅站厅中部付费区1部，14号线换乘通道至站厅1部。\n3.无障碍卫生间：10号线站台（往福田口岸方向头端）；10号线站台（往双拥街方向尾端）；16号出入口。\n4.第三卫生间：站厅（近7号出入口）；站厅（近19号出入口）；2&8号线换乘通道（近19号口）。\n5.宽闸机：1出入口旁；12出入口旁；7出入口旁；18出入口旁；2号线站厅中部。",
        "type": "地铁站无障碍设施",
        "_source": "sz_metro",
        "_osm_type": "node"
      },
      "geometry": {
        "type": "Point",
        "coordinates": [
          114.0628443,
          22.5427932
        ]
      }
    },
    {
      "type": "Feature",
      "properties": {
        "name": "华强北站 - 无障碍设施",
        "station": "华强北站",
        "line": "2号线",
        "facility": "1.盲道：车站公共区域。\n2.无障碍电梯：站厅到站外：A出入口1部，D2出入口1部；站厅到站台：站厅中部付费区2号线1部，站厅中部付费区7号线1部。\n3.宽闸机：2号线站厅近A出入口，2号线站厅近B出入口，7号线站厅中部。",
        "type": "地铁站无障碍设施",
        "_source": "sz_metro",
        "_osm_type": "node"
      },
      "geometry": {
        "type": "Point",
        "coordinates": [
          114.0816792,
          22.5456566
        ]
      }
    },
    {
      "type": "Feature",
      "properties": {
        "name": "燕南站 - 无障碍设施",
        "station": "燕南站",
        "line": "2号线",
        "facility": "1.盲道：车站公共区域。\n2.无障碍电梯：站厅到站外：C出入口1部；站厅到站台：站厅中部付费区1部。\n3.无障碍卫生间：站厅（C出入口通道内）。\n4.宽闸机：站厅中部。",
        "type": "地铁站无障碍设施",
        "_source": "sz_metro",
        "_osm_type": "node"
      },
      "geometry": {
        "type": "Point",
        "coordinates": [
          114.086904,
          22.5471651
        ]
      }
    },
    {
      "type": "Feature",
      "properties": {
        "name": "大剧院站 - 无障碍设施",
        "station": "大剧院站",
        "line": "2号线",
        "facility": "1.盲道：车站公共区域。\n2.无障碍电梯：站厅到站外：F出入口1部，G出入口1部；站厅到站台：1号线站厅中部付费区1部，2号线站厅中部付费区1部，5号线站厅中部付费区2部。\n3.无障碍卫生间：2号线站厅（近F出入口）；5号线站厅（近G出入口）；5号线站台（往赤湾方向中部）。\n4.宽闸机：1号线站厅近D出入口，1号线站厅中部，2号线站厅中部，5号线客服中心旁，5号线站厅中部。",
        "type": "地铁站无障碍设施",
        "_source": "sz_metro",
        "_osm_type": "node"
      },
      "geometry": {
        "type": "Point",
        "coordinates": [
          114.102858,
          22.5440073
        ]
      }
    },
    {
      "type": "Feature",
      "properties": {
        "name": "湖贝站 - 无障碍设施",
        "station": "湖贝站",
        "line": "2号线",
        "facility": "1.盲道:车站公共区域。            \n2.无障碍电梯：站厅到站外：F出入口1部，G出入口1部；站厅到站台：站厅中部付费区1部（5号线）。\nB出入口站厅到站外垂直电梯1部；站厅到站台垂直电梯1部在站厅付费区内中部。（2号线）。        \n3.无障碍卫生间：站厅G出入口通道（5号线）。                     \n4.宽闸机：站厅中部（5号线）。\n靠近站厅A出入口（2号线）；靠近站厅D出入口（2号线）；靠近站厅B出入口；靠近站厅C出入口（2号线）。",
        "type": "地铁站无障碍设施",
        "_source": "sz_metro",
        "_osm_type": "node"
      },
      "geometry": {
        "type": "Point",
        "coordinates": [
          114.1184141,
          22.5466946
        ]
      }
    },
    {
      "type": "Feature",
      "properties": {
        "name": "黄贝岭站 - 无障碍设施",
        "station": "黄贝岭站",
        "line": "2号线",
        "facility": "1.盲道:车站公共区域（因设计原因、A出入口、C出入口至站厅进站处无盲道）。\n2.无障碍电梯：B出入口站厅到站外垂直电梯1部，站厅到站台垂直电梯2部在站厅付费区内中部。\n3.无障碍卫生间：B出入口通道。\n4.宽闸机：站厅中部（在免费通道旁，靠近B出口）。",
        "type": "地铁站无障碍设施",
        "_source": "sz_metro",
        "_osm_type": "node"
      },
      "geometry": {
        "type": "Point",
        "coordinates": [
          114.1313834,
          22.5488036
        ]
      }
    },
    {
      "type": "Feature",
      "properties": {
        "name": "新秀站 - 无障碍设施",
        "station": "新秀站",
        "line": "2号线",
        "facility": "1.盲道：车站公共区域。\n2.无障碍电梯：站厅到站外：A出入口1部；站厅到站台：站厅中部付费区1部。\n3.宽闸机：站厅中部。",
        "type": "地铁站无障碍设施",
        "_source": "sz_metro",
        "_osm_type": "node"
      },
      "geometry": {
        "type": "Point",
        "coordinates": [
          114.144064,
          22.5505114
        ]
      }
    },
    {
      "type": "Feature",
      "properties": {
        "name": "莲塘口岸站 - 无障碍设施",
        "station": "莲塘口岸站",
        "line": "2号线",
        "facility": "1.盲道：车站公共区域。\n2.无障碍电梯：站厅到站外：A1出入口2部，A2出入口1部，C出入口4部，D出入口3部；站厅到站台：站厅中部付费区1部。\n3.无障碍卫生间：A出入口通道。\n4.宽闸机：站厅中部。",
        "type": "地铁站无障碍设施",
        "_source": "sz_metro",
        "_osm_type": "node"
      },
      "geometry": {
        "type": "Point",
        "coordinates": [
          114.1502297,
          22.5559169
        ]
      }
    },
    {
      "type": "Feature",
      "properties": {
        "name": "仙湖路站 - 无障碍设施",
        "station": "仙湖路站",
        "line": "2号线",
        "facility": "1.盲道：车站公共区域。\n2.无障碍电梯：站厅到站外：C2出入口1部；站厅到站台：站厅中部付费区1部。\n3.无障碍卫生间：站厅（近B出入口）。\n4.宽闸机：站厅中部。",
        "type": "地铁站无障碍设施",
        "_source": "sz_metro",
        "_osm_type": "node"
      },
      "geometry": {
        "type": "Point",
        "coordinates": [
          114.1613528,
          22.5667032
        ]
      }
    },
    {
      "type": "Feature",
      "properties": {
        "name": "莲塘站 - 无障碍设施",
        "station": "莲塘站",
        "line": "2号线",
        "facility": "1.盲道：车站公共区域。\n2.无障碍电梯：站厅到站外：C出入口1部。站厅到站台：站厅中部付费区1部。\n3.无障碍卫生间：A出入口通道。\n4.宽闸机：站厅中部。",
        "type": "地铁站无障碍设施",
        "_source": "sz_metro",
        "_osm_type": "node"
      },
      "geometry": {
        "type": "Point",
        "coordinates": [
          114.1688677,
          22.5668762
        ]
      }
    },
    {
      "type": "Feature",
      "properties": {
        "name": "梧桐山南站 - 无障碍设施",
        "station": "梧桐山南站",
        "line": "8号线",
        "facility": "1.盲道：车站公共区域。\n2.无障碍电梯：站厅到站外：A2出入口1部，C1出入口1部，C2出入口1部，D出入口2部；站厅到站台：站厅中部付费区1部。\n3.无障碍卫生间：站厅（近D出入口）。\n4.宽闸机：站厅中部。",
        "type": "地铁站无障碍设施",
        "_source": "sz_metro",
        "_osm_type": "node"
      },
      "geometry": {
        "type": "Point",
        "coordinates": [
          114.1780119,
          22.5611347
        ]
      }
    },
    {
      "type": "Feature",
      "properties": {
        "name": "沙头角站 - 无障碍设施",
        "station": "沙头角站",
        "line": "8号线",
        "facility": "1.盲道：车站公共区域。\n2.无障碍电梯：站厅到站外：B出入口1部，C出入口1部。站厅到站台：站厅中部付费区1部。\n3.无障碍卫生间：C出入口通道。\n4.宽闸机：站厅中部。",
        "type": "地铁站无障碍设施",
        "_source": "sz_metro",
        "_osm_type": "node"
      },
      "geometry": {
        "type": "Point",
        "coordinates": [
          114.2181995,
          22.5572091
        ]
      }
    },
    {
      "type": "Feature",
      "properties": {
        "name": "海山站 - 无障碍设施",
        "station": "海山站",
        "line": "8号线",
        "facility": "1.盲道：车站公共区域。\n2.无障碍电梯：站厅到站外：A1出入口1部，A2出入口1部；站厅到站台：站厅中部付费区1部。\n3.无障碍卫生间：B出入口通道。\n4.宽闸机：站厅中部。",
        "type": "地铁站无障碍设施",
        "_source": "sz_metro",
        "_osm_type": "node"
      },
      "geometry": {
        "type": "Point",
        "coordinates": [
          114.2328208,
          22.5583269
        ]
      }
    },
    {
      "type": "Feature",
      "properties": {
        "name": "盐田港西站 - 无障碍设施",
        "station": "盐田港西站",
        "line": "8号线",
        "facility": "1.盲道：车站公共区域。\n2.无障碍电梯：B出入口站厅到站外1部。C出入口站厅到站外1部。\n3.无障碍电梯：站厅到站台1部在站厅付费区内中部。\n4.宽闸机：站厅中部。",
        "type": "地铁站无障碍设施",
        "_source": "sz_metro",
        "_osm_type": "node"
      },
      "geometry": {
        "type": "Point",
        "coordinates": [
          114.2416805,
          22.5649112
        ]
      }
    },
    {
      "type": "Feature",
      "properties": {
        "name": "深外高中站 - 无障碍设施",
        "station": "深外高中站",
        "line": "8号线",
        "facility": "1.盲道：车站公共区域及出入口。\n2.无障碍电梯：B1出入口站厅到站外2部。                 \n 3.无障碍电梯：C出入口站厅到站3部。\n4.无障碍电梯：站厅到站台1部在站厅付费区内中部。\n5.无障碍电梯：B2出入口站厅到站外1部。\n 6.宽闸机：站厅中部。",
        "type": "地铁站无障碍设施",
        "_source": "sz_metro",
        "_osm_type": "node"
      },
      "geometry": {
        "type": "Point",
        "coordinates": [
          114.2397357,
          22.5865573
        ]
      }
    },
    {
      "type": "Feature",
      "properties": {
        "name": "盐田路站 - 无障碍设施",
        "station": "盐田路站",
        "line": "8号线",
        "facility": "1.盲道：车站公共区域。\n2.无障碍电梯：B出入口站厅到站外1部；H出入口站厅到站外1部；E1出入口站厅到站外1部。\n3.无障碍电梯：站厅到站台2部在站厅付费区内中部。\n4.宽闸机：站厅中部。",
        "type": "地铁站无障碍设施",
        "_source": "sz_metro",
        "_osm_type": "node"
      },
      "geometry": {
        "type": "Point",
        "coordinates": [
          114.2503375,
          22.5912403
        ]
      }
    },
    {
      "type": "Feature",
      "properties": {
        "name": "鸿安围站 - 无障碍设施",
        "station": "鸿安围站",
        "line": "8号线",
        "facility": "1.盲道：车站公共区域。\n2.无障碍电梯：A1出入口站厅到站外1部。\n3.无障碍电梯：A2出入口站厅到站外1部。\n4.无障碍电梯：站厅到站台1部在站厅付费区内中部。\n5.宽闸机：站厅中部1台。",
        "type": "地铁站无障碍设施",
        "_source": "sz_metro",
        "_osm_type": "node"
      },
      "geometry": {
        "type": "Point",
        "coordinates": [
          114.2593103,
          22.5934152
        ]
      }
    },
    {
      "type": "Feature",
      "properties": {
        "name": "盐田墟站 - 无障碍设施",
        "station": "盐田墟站",
        "line": "8号线",
        "facility": "1.盲道：车站公共区域。\n2.无障碍电梯：A出入口站厅到站外1部。C出入口站厅到站外1部。\n3.无障碍电梯：站厅到站台1部在站厅付费区内中部。\n4.宽闸机：站厅中部。",
        "type": "地铁站无障碍设施",
        "_source": "sz_metro",
        "_osm_type": "node"
      },
      "geometry": {
        "type": "Point",
        "coordinates": [
          114.2709224,
          22.5902298
        ]
      }
    },
    {
      "type": "Feature",
      "properties": {
        "name": "大梅沙站 - 无障碍设施",
        "station": "大梅沙站",
        "line": "8号线",
        "facility": "1.盲道：车站公共区域。\n2.无障碍电梯：A出入口站厅到站外1部。\n3.无障碍电梯：B出入口站厅到站外1部。\n4.无障碍电梯：C出入口站厅到站外1部。\n5.无障碍电梯：站厅到站台2部在站厅付费区内中部。\n6.宽闸机：站厅中部2台。\n7.宽闸机：站厅A端1台。\n8.宽闸机：站厅B端1台。",
        "type": "地铁站无障碍设施",
        "_source": "sz_metro",
        "_osm_type": "node"
      },
      "geometry": {
        "type": "Point",
        "coordinates": [
          114.3030268,
          22.5969907
        ]
      }
    },
    {
      "type": "Feature",
      "properties": {
        "name": "小梅沙站 - 无障碍设施",
        "station": "小梅沙站",
        "line": "8号线",
        "facility": "1.盲道：车站公共区域。\n2.无障碍电梯：A出入口站厅到站外1部。C出入口站厅到站外1部。\n3.无障碍电梯：站厅到站台1部在站厅付费区内中部。\n4.宽闸机：站厅中部。",
        "type": "地铁站无障碍设施",
        "_source": "sz_metro",
        "_osm_type": "node"
      },
      "geometry": {
        "type": "Point",
        "coordinates": [
          114.3210895,
          22.6044816
        ]
      }
    },
    {
      "type": "Feature",
      "properties": {
        "name": "溪涌站 - 无障碍设施",
        "station": "溪涌站",
        "line": "8号线",
        "facility": "1.盲道：车站公共区域。\n2.无障碍电梯：B出入口站厅到站外1部。C出入口站厅到站外1部。\n3.无障碍电梯：站厅付费区内靠近C出入口有1部站厅到站台的电梯。\n4.宽闸机：站厅中部3台。\n5.宽闸机：靠近站厅C出入口端1台。\n6.宽闸机：靠近站厅D出入口端1台。",
        "type": "地铁站无障碍设施",
        "_source": "sz_metro",
        "_osm_type": "node"
      },
      "geometry": {
        "type": "Point",
        "coordinates": [
          114.354987,
          22.6146852
        ]
      }
    },
    {
      "type": "Feature",
      "properties": {
        "name": "福保站 - 无障碍设施",
        "station": "福保站",
        "line": "3号线",
        "facility": "1.盲道：车站公共区域。\n2.无障碍电梯：站厅到站外：B出入口1部，E4出入口1部；站厅到站台：站厅中部付费区1部。\n3.第三卫生间：站厅（B出入口通道)。\n4.宽闸机：站厅客服中心旁。",
        "type": "地铁站无障碍设施",
        "_source": "sz_metro",
        "_osm_type": "node"
      },
      "geometry": {
        "type": "Point",
        "coordinates": [
          114.051075,
          22.5107821
        ]
      }
    },
    {
      "type": "Feature",
      "properties": {
        "name": "益田站 - 无障碍设施",
        "station": "益田站",
        "line": "3号线",
        "facility": "1.盲道：车站公共区域。\n2.无障碍电梯：站厅到站外：A出入口1部，B出入口1部；站厅到站台：站厅中部付费区1部。\n3.无障碍卫生间：站厅（C出入口通道内）。\n4.宽闸机：站厅客服中心旁。",
        "type": "地铁站无障碍设施",
        "_source": "sz_metro",
        "_osm_type": "node"
      },
      "geometry": {
        "type": "Point",
        "coordinates": [
          114.0458971,
          22.5188095
        ]
      }
    },
    {
      "type": "Feature",
      "properties": {
        "name": "石厦站 - 无障碍设施",
        "station": "石厦站",
        "line": "3号线",
        "facility": "1.盲道：车站公共区域。\n2.无障碍电梯：站厅到站外：7号线G出入口一部，3号线C出入口一部。站厅到站台：3号线站厅中部付费区1部，7号线站厅中部付费区1部。\n3.无障碍卫生间：3号线站厅（近A出入口），7号线站厅（G出入口通道内）\n4.宽闸机：3号线、7号线客服中心旁。",
        "type": "地铁站无障碍设施",
        "_source": "sz_metro",
        "_osm_type": "node"
      },
      "geometry": {
        "type": "Point",
        "coordinates": [
          114.0485191,
          22.5257882
        ]
      }
    },
    {
      "type": "Feature",
      "properties": {
        "name": "购物公园站 - 无障碍设施",
        "station": "购物公园站",
        "line": "3号线",
        "facility": "1.盲道：车站公共区域。\n2.无障碍电梯：站厅到站外：E出入口1部；站厅到站台：站厅中部付费区1号线1部，站厅中部付费区3号线1部。\n3.无障碍卫生间：3号线站厅（近H出入口处）。\n4.宽闸机：1号线站厅中部，3号线站厅中部。",
        "type": "地铁站无障碍设施",
        "_source": "sz_metro",
        "_osm_type": "node"
      },
      "geometry": {
        "type": "Point",
        "coordinates": [
          114.0479575,
          22.5365689
        ]
      }
    },
    {
      "type": "Feature",
      "properties": {
        "name": "福田站 - 无障碍设施",
        "station": "福田站",
        "line": "3号线",
        "facility": "1.盲道：车站公共区域。\n2.无障碍电梯：站厅到站外：2A出入口1部，3出入口1部，4出入口1部，15出入口1部，30B出入口1部，31出入口1部；\n站厅到站台：11号线站厅中部付费区内2部，2号线站厅中部付费区内1部，3号线站厅小付费区内2部。\n3.无障碍卫生间：站厅（1出入口通道处），31出入口无障碍电梯处，高铁通道旁，4b出入口往高铁通道近高铁。\n4.宽闸机：3号线客服中心一旁，3号线客服中心二旁，站厅近1出入口付费区，站厅近32出入口旁。",
        "type": "地铁站无障碍设施",
        "_source": "sz_metro",
        "_osm_type": "node"
      },
      "geometry": {
        "type": "Point",
        "coordinates": [
          114.0482367,
          22.5427538
        ]
      }
    },
    {
      "type": "Feature",
      "properties": {
        "name": "莲花村站 - 无障碍设施",
        "station": "莲花村站",
        "line": "3号线",
        "facility": "1.盲道：车站公共区域。\n2.无障碍电梯：站厅到站外：3号线A1出入口1部，10号线C2出入口1部，10号线E出入口1部；站厅到站台：3号线站厅中部付费区1部，10号线站厅中部付费区1部。\n3.无障碍卫生间：3号线站厅（A1出入口通道内）、10号线站厅（E出入口通道旁）、10号线站台（双拥街方向头端）。\n4.宽闸机：3号线客服中心旁、10号线站厅中部客服中心旁。",
        "type": "地铁站无障碍设施",
        "_source": "sz_metro",
        "_osm_type": "node"
      },
      "geometry": {
        "type": "Point",
        "coordinates": [
          114.0626684,
          22.5513659
        ]
      }
    },
    {
      "type": "Feature",
      "properties": {
        "name": "通新岭站 - 无障碍设施",
        "station": "通新岭站",
        "line": "3号线",
        "facility": "1.盲道：车站公共区域。\n2.无障碍电梯：站厅到站外：6号线A2出入口1部，6号线E2出入口1部，3号线C出入口1部；站厅到站台：6号线站厅中部付费区1部，3号线站厅中部付费区1部。\n3.无障碍卫生间：6号线站台（往松岗方向头端）、3号线站厅（C出入口通道内）。\n4.宽闸机：3号线、6号线客服中心旁。",
        "type": "地铁站无障碍设施",
        "_source": "sz_metro",
        "_osm_type": "node"
      },
      "geometry": {
        "type": "Point",
        "coordinates": [
          114.0910124,
          22.5517181
        ]
      }
    },
    {
      "type": "Feature",
      "properties": {
        "name": "红岭站 - 无障碍设施",
        "station": "红岭站",
        "line": "3号线",
        "facility": "1.盲道：车站公共区域。\n2.无障碍电梯：站厅到站外：B出入口1部；站厅到站台：站厅中部付费区1部。\n3.无障碍卫生间：站厅B出入口通道内。\n4.宽闸机：9号线站厅中部客服中心旁、C1口客服中心旁。",
        "type": "地铁站无障碍设施",
        "_source": "sz_metro",
        "_osm_type": "node"
      },
      "geometry": {
        "type": "Point",
        "coordinates": [
          114.0991765,
          22.5517084
        ]
      }
    },
    {
      "type": "Feature",
      "properties": {
        "name": "老街站 - 无障碍设施",
        "station": "老街站",
        "line": "3号线",
        "facility": "1.盲道：车站公共区域。\n2.无障碍电梯：站厅到站外：E出入口1部；站厅到站台：站厅中部付费区1部。\n3.宽闸机：客服中心旁。",
        "type": "地铁站无障碍设施",
        "_source": "sz_metro",
        "_osm_type": "node"
      },
      "geometry": {
        "type": "Point",
        "coordinates": [
          114.1108594,
          22.5472942
        ]
      }
    },
    {
      "type": "Feature",
      "properties": {
        "name": "晒布站 - 无障碍设施",
        "station": "晒布站",
        "line": "3号线",
        "facility": "1.盲道：车站公共区域。\n2.无障碍电梯：站厅到站外：B出入口1部；站厅到站台：站厅付费区内中部1部。\n3.无障碍卫生间：站厅(C出入口通道内)。\n4.宽闸机：客服中心旁。",
        "type": "地铁站无障碍设施",
        "_source": "sz_metro",
        "_osm_type": "node"
      },
      "geometry": {
        "type": "Point",
        "coordinates": [
          114.1176854,
          22.5521161
        ]
      }
    },
    {
      "type": "Feature",
      "properties": {
        "name": "翠竹站 - 无障碍设施",
        "station": "翠竹站",
        "line": "3号线",
        "facility": "1.盲道：车站公共区域。\n2.无障碍电梯：站厅到站外：D出入口1部，站厅到站台：站厅中部付费区1部。\n3.无障碍卫生间：站厅B2出入口通道。\n5.宽闸机：客服中心旁。",
        "type": "地铁站无障碍设施",
        "_source": "sz_metro",
        "_osm_type": "node"
      },
      "geometry": {
        "type": "Point",
        "coordinates": [
          114.1247615,
          22.5589208
        ]
      }
    },
    {
      "type": "Feature",
      "properties": {
        "name": "水贝站 - 无障碍设施",
        "station": "水贝站",
        "line": "3号线",
        "facility": "1.盲道：车站公共区域。\n2.无障碍电梯：站厅到站外： B出入口站厅到站外无障碍电梯1部。站厅到站台：站厅中部付费区无障碍电梯1部。\n3.无障碍卫生间：A出入口通道。\n4.宽闸机：站厅中部。",
        "type": "地铁站无障碍设施",
        "_source": "sz_metro",
        "_osm_type": "node"
      },
      "geometry": {
        "type": "Point",
        "coordinates": [
          114.1196698,
          22.5768941
        ]
      }
    },
    {
      "type": "Feature",
      "properties": {
        "name": "草埔站 - 无障碍设施",
        "station": "草埔站",
        "line": "3号线",
        "facility": "1.盲道：车站公共区域。\n2.无障碍电梯：站厅到站外：  B出入口站厅到站外无障碍电梯1部，D2出入口站厅到站外无障碍电梯1部，D3出入口站厅到站外无障碍电梯1部。站厅到站台：站厅中部付费区无障碍电梯1部。\n3. 宽闸机：站厅中部。",
        "type": "地铁站无障碍设施",
        "_source": "sz_metro",
        "_osm_type": "node"
      },
      "geometry": {
        "type": "Point",
        "coordinates": [
          114.1113561,
          22.5870347
        ]
      }
    },
    {
      "type": "Feature",
      "properties": {
        "name": "布吉站 - 无障碍设施",
        "station": "布吉站",
        "line": "3号线",
        "facility": "1.盲道：车站公共区域。\n2.无障碍电梯：站厅到站外：C出入口站厅到C口平台付费区无障碍电梯2部 ，14号线E1出入口站厅到E1口站厅到站外无障碍电梯1部，14号线东广场东01号，东02号到东广场公交站、深圳东火车站，5号线东广场东03号，东04号到布吉街、深圳东火车站（5号线）。\n站厅到站厅：14号线站厅至5号线站厅无障碍电梯2部。14号线C口平台至3号线站厅无障碍电梯1部，14号线、3号线站厅到5号线站厅无障碍电梯1部（3号线）；\n站厅到站台：3号线站厅到站台无障碍电梯1部，3号线、5号线站厅到站台无障碍电梯1部，5号线、14号线站厅到站台无障碍电梯2部在站厅付费区内中部（14号线）。\n3.第三卫生间：D出入口旁。（14号线），14号线站台往沙田方向头端（14号线）。\n4.宽闸机：14号线站厅中部（14号线），C口平台客服中心旁（14号线），3号线站厅客服中心旁（3号线），3号线站厅B出口（3号线）。",
        "type": "地铁站无障碍设施",
        "_source": "sz_metro",
        "_osm_type": "node"
      },
      "geometry": {
        "type": "Point",
        "coordinates": [
          114.1165075,
          22.6044178
        ]
      }
    },
    {
      "type": "Feature",
      "properties": {
        "name": "木棉湾站 - 无障碍设施",
        "station": "木棉湾站",
        "line": "3号线",
        "facility": "1.盲道：车站公共区域。\n2.无障碍电梯：站厅到站台：站厅中部付费区1部；站厅到站外：B2出入口1部，C出入口1部。\n3.宽闸机：客服中心旁。",
        "type": "地铁站无障碍设施",
        "_source": "sz_metro",
        "_osm_type": "node"
      },
      "geometry": {
        "type": "Point",
        "coordinates": [
          114.1252705,
          22.6097289
        ]
      }
    },
    {
      "type": "Feature",
      "properties": {
        "name": "大芬站 - 无障碍设施",
        "station": "大芬站",
        "line": "3号线",
        "facility": "1.盲道：车站公共区域。\n2.无障碍电梯：站厅到站台：站厅中部付费区1部；站厅到站外：A1出入口天桥1部。\n3.宽闸机：客服中心旁。",
        "type": "地铁站无障碍设施",
        "_source": "sz_metro",
        "_osm_type": "node"
      },
      "geometry": {
        "type": "Point",
        "coordinates": [
          114.133358,
          22.6169094
        ]
      }
    },
    {
      "type": "Feature",
      "properties": {
        "name": "丹竹头站 - 无障碍设施",
        "station": "丹竹头站",
        "line": "3号线",
        "facility": "1.盲道：车站公共区域。\n2.无障碍电梯：站厅到站台：站厅中部付费区1部；站厅到站外：C口出入口天桥1部。\n3.宽闸机：客服中心旁。",
        "type": "地铁站无障碍设施",
        "_source": "sz_metro",
        "_osm_type": "node"
      },
      "geometry": {
        "type": "Point",
        "coordinates": [
          114.1430562,
          22.6224991
        ]
      }
    },
    {
      "type": "Feature",
      "properties": {
        "name": "六约站 - 无障碍设施",
        "station": "六约站",
        "line": "3号线",
        "facility": "1.盲道：车站公共区域。\n2.无障碍电梯：站厅到站台：站厅中部付费区1部；站厅到站外：A\\B出入口连廊中部1部，C出入口1部。\n3.宽闸机：客服中心旁。",
        "type": "地铁站无障碍设施",
        "_source": "sz_metro",
        "_osm_type": "node"
      },
      "geometry": {
        "type": "Point",
        "coordinates": [
          114.1757313,
          22.6370828
        ]
      }
    },
    {
      "type": "Feature",
      "properties": {
        "name": "塘坑站 - 无障碍设施",
        "station": "塘坑站",
        "line": "3号线",
        "facility": "1.盲道：车站公共区域。\n2.无障碍电梯：站厅到站台：站厅中部付费区2部。\n3.宽闸机：客服中心旁。",
        "type": "地铁站无障碍设施",
        "_source": "sz_metro",
        "_osm_type": "node"
      },
      "geometry": {
        "type": "Point",
        "coordinates": [
          114.1877011,
          22.6423791
        ]
      }
    },
    {
      "type": "Feature",
      "properties": {
        "name": "横岗站 - 无障碍设施",
        "station": "横岗站",
        "line": "3号线",
        "facility": "1.盲道：车站公共区域。\n2.无障碍电梯：站厅到站台：站厅中部付费区1部；站厅到站外：B出入口1部，C出入口1部。\n3.宽闸机：客服中心旁。",
        "type": "地铁站无障碍设施",
        "_source": "sz_metro",
        "_osm_type": "node"
      },
      "geometry": {
        "type": "Point",
        "coordinates": [
          114.2137498,
          22.626256
        ]
      }
    },
    {
      "type": "Feature",
      "properties": {
        "name": "永湖站 - 无障碍设施",
        "station": "永湖站",
        "line": "3号线",
        "facility": "1.盲道：车站公共区域。\n2.无障碍电梯：站厅到站台：站厅中部付费区无障碍电梯1部；站厅到站外：C出入口无障碍电梯1部。\n3.宽闸机：客服中心旁。",
        "type": "地铁站无障碍设施",
        "_source": "sz_metro",
        "_osm_type": "node"
      },
      "geometry": {
        "type": "Point",
        "coordinates": [
          114.2132222,
          22.6618394
        ]
      }
    },
    {
      "type": "Feature",
      "properties": {
        "name": "荷坳站 - 无障碍设施",
        "station": "荷坳站",
        "line": "3号线",
        "facility": "1.盲道：车站公共区域。\n2.无障碍电梯：站厅到站台：站厅中部付费区1部；\n站厅到站外：B出入口1部，C出入口1部。\n3.宽闸机：客服中心旁。",
        "type": "地铁站无障碍设施",
        "_source": "sz_metro",
        "_osm_type": "node"
      },
      "geometry": {
        "type": "Point",
        "coordinates": [
          114.2194854,
          22.6759094
        ]
      }
    },
    {
      "type": "Feature",
      "properties": {
        "name": "大运站 - 无障碍设施",
        "station": "大运站",
        "line": "3号线",
        "facility": "1.盲道：车站公共区域。\n2.无障碍电梯：站厅到站外：2、3、5、10A、11、13号出入口各一部，14号出入口2部；站厅到站台：3号线站厅付费区中部2部，14/16站厅付费区中部2部；换乘通道：14/16站厅到3号线站厅4部。\n3.第三卫生间：11/12出入口通道；往14号线往岗厦北/16园山西坑站台尾端；往14号线沙田/16号田心站台尾端。\n4.宽闸机：3号线站厅智能客服中心旁；14/16号线站厅智能客服中心1旁；14/16号线站厅智能客服中心2。",
        "type": "地铁站无障碍设施",
        "_source": "sz_metro",
        "_osm_type": "node"
      },
      "geometry": {
        "type": "Point",
        "coordinates": [
          114.222823,
          22.6886005
        ]
      }
    },
    {
      "type": "Feature",
      "properties": {
        "name": "爱联站 - 无障碍设施",
        "station": "爱联站",
        "line": "3号线",
        "facility": "1.盲道：车站公共区域。\n2.无障碍电梯：站厅到站台：站厅中部付费区1部；\n站厅到站外：B出入口1部，C出入口1部。                                                     3.宽闸机：客服中心旁。",
        "type": "地铁站无障碍设施",
        "_source": "sz_metro",
        "_osm_type": "node"
      },
      "geometry": {
        "type": "Point",
        "coordinates": [
          114.229612,
          22.7003234
        ]
      }
    },
    {
      "type": "Feature",
      "properties": {
        "name": "吉祥站 - 无障碍设施",
        "station": "吉祥站",
        "line": "3号线",
        "facility": "1.盲道：车站公共区域。\n2.无障碍电梯：站厅到站外：B、C口各1部； 站厅到站台：站厅付费区内中部1部。\n3.宽闸机：客服中心旁。",
        "type": "地铁站无障碍设施",
        "_source": "sz_metro",
        "_osm_type": "node"
      },
      "geometry": {
        "type": "Point",
        "coordinates": [
          114.2395268,
          22.7123307
        ]
      }
    },
    {
      "type": "Feature",
      "properties": {
        "name": "龙城广场站 - 无障碍设施",
        "station": "龙城广场站",
        "line": "3号线",
        "facility": "1.盲道：车站公共区域。\n2.无障碍电梯：站厅到站外：B出入口1部，C出入口1部；站厅到站台：站厅中部付费区1部。\n3.宽闸机：客服中心旁。",
        "type": "地铁站无障碍设施",
        "_source": "sz_metro",
        "_osm_type": "node"
      },
      "geometry": {
        "type": "Point",
        "coordinates": [
          114.2498,
          22.7197393
        ]
      }
    },
    {
      "type": "Feature",
      "properties": {
        "name": "南联站 - 无障碍设施",
        "station": "南联站",
        "line": "3号线",
        "facility": "1.盲道：车站公共区域。\n2.无障碍电梯：站厅到站外：A、C口各1部；站厅到站台：站厅付费区内中部1部。\n3.宽闸机：客服中心旁。",
        "type": "地铁站无障碍设施",
        "_source": "sz_metro",
        "_osm_type": "node"
      },
      "geometry": {
        "type": "Point",
        "coordinates": [
          114.2607467,
          22.7248176
        ]
      }
    },
    {
      "type": "Feature",
      "properties": {
        "name": "双龙站 - 无障碍设施",
        "station": "双龙站",
        "line": "3号线",
        "facility": "1.盲道：车站公共区域。\n2.无障碍电梯：站厅到站外：C出入口1部，B出入口外1部；站厅到站台：3号线站厅付费区内中部1部，16号线站厅付费区中部1部；换乘通道：16号线站厅一层到3号线站厅二层1部。\n3.第三卫生间：16号线站台（往园山西坑方向尾端）。\n4.宽闸机：3号线站厅客服中心旁，16号线站厅客服中心旁，16号线站厅近F出入口，16号线站厅近G2出入口，16号线站厅近H出入口。",
        "type": "地铁站无障碍设施",
        "_source": "sz_metro",
        "_osm_type": "node"
      },
      "geometry": {
        "type": "Point",
        "coordinates": [
          114.2723894,
          22.7321167
        ]
      }
    },
    {
      "type": "Feature",
      "properties": {
        "name": "梨园站 - 无障碍设施",
        "station": "梨园站",
        "line": "3号线",
        "facility": "1.盲道：车站公共区域。\n2.无障碍电梯：站厅到站外：B出入口1部，C出入口1部；站厅到站台：站厅中部付费区1部。\n3.第三卫生间：站厅B/C口出入口之间。\n4.宽闸机：站厅近B口，站厅近D口，站厅中部。",
        "type": "地铁站无障碍设施",
        "_source": "sz_metro",
        "_osm_type": "node"
      },
      "geometry": {
        "type": "Point",
        "coordinates": [
          114.2769189,
          22.7373526
        ]
      }
    },
    {
      "type": "Feature",
      "properties": {
        "name": "新生站 - 无障碍设施",
        "station": "新生站",
        "line": "3号线",
        "facility": "1.盲道：车站公共区域。\n2.无障碍电梯：站厅到站外 ：A出入口1部、E出入口1部、站厅到站台：站厅到福保站台1部、站厅到坪地六联站台1部。\n3.第三卫生间：站厅近C出入口、福保方向尾端、坪地六联方向头端\n4.宽闸机：站厅近A口、站厅近B口、站厅近D口、站厅中部",
        "type": "地铁站无障碍设施",
        "_source": "sz_metro",
        "_osm_type": "node"
      },
      "geometry": {
        "type": "Point",
        "coordinates": [
          114.2781868,
          22.7508486
        ]
      }
    },
    {
      "type": "Feature",
      "properties": {
        "name": "坪西站 - 无障碍设施",
        "station": "坪西站",
        "line": "3号线",
        "facility": "1.盲道：车站公共区域。\n2.无障碍电梯：站厅到站外：B出入口1部，D出入口1部；站厅到站台：站厅中部付费区1部。\n3.第三卫生间：站厅D出入口通道内。\n4.宽闸机：站厅中部，站厅近C口，站厅近D口。",
        "type": "地铁站无障碍设施",
        "_source": "sz_metro",
        "_osm_type": "node"
      },
      "geometry": {
        "type": "Point",
        "coordinates": [
          114.2772728,
          22.7659289
        ]
      }
    },
    {
      "type": "Feature",
      "properties": {
        "name": "低碳城站 - 无障碍设施",
        "station": "低碳城站",
        "line": "3号线",
        "facility": "1.盲道：车站公共区域。\n2.无障碍电梯：站厅到站外：B出入口1部，D出入口1部；站厅到站台：站厅中部付费区1部。\n3.第三卫生间：站厅B出入口通道内。\n4.宽闸机：站厅中部，站厅近C口，站厅近D口。",
        "type": "地铁站无障碍设施",
        "_source": "sz_metro",
        "_osm_type": "node"
      },
      "geometry": {
        "type": "Point",
        "coordinates": [
          114.2848736,
          22.7739622
        ]
      }
    },
    {
      "type": "Feature",
      "properties": {
        "name": "白石塘站 - 无障碍设施",
        "station": "白石塘站",
        "line": "3号线",
        "facility": "1.盲道：车站公共区域。\n2.无障碍电梯：站厅到站外：B出入口1部；站厅到站台：站厅中部付费区内1部。\n3.第三卫生间：站厅D出入口通道内。\n4.宽闸机：站厅中部，站厅近A口，站厅近B口。",
        "type": "地铁站无障碍设施",
        "_source": "sz_metro",
        "_osm_type": "node"
      },
      "geometry": {
        "type": "Point",
        "coordinates": [
          114.2978188,
          22.7779096
        ]
      }
    },
    {
      "type": "Feature",
      "properties": {
        "name": "富坪站 - 无障碍设施",
        "station": "富坪站",
        "line": "3号线",
        "facility": "1.盲道：车站公共区域。\n2.无障碍电梯：站厅到站外：B出入口1部，D出入口1部；站厅到站台：站厅中部付费区1部。\n3.第三卫生间：站厅D出入口通道内。\n4.宽闸机：站厅中部，站厅近A口，站厅近B口。",
        "type": "地铁站无障碍设施",
        "_source": "sz_metro",
        "_osm_type": "node"
      },
      "geometry": {
        "type": "Point",
        "coordinates": [
          114.30587,
          22.7828303
        ]
      }
    },
    {
      "type": "Feature",
      "properties": {
        "name": "坪地六联站 - 无障碍设施",
        "station": "坪地六联站",
        "line": "3号线",
        "facility": "1.盲道：车站公共区域。\n2.无障碍电梯：站厅到站外：B出入口1部，D出入口1部；站厅到站台：站厅中部付费区2部。\n3.第三卫生间：站厅D出入口通道内。\n4.宽闸机：站厅近A口，站厅近B口。",
        "type": "地铁站无障碍设施",
        "_source": "sz_metro",
        "_osm_type": "node"
      },
      "geometry": {
        "type": "Point",
        "coordinates": [
          114.3171939,
          22.7896962
        ]
      }
    },
    {
      "type": "Feature",
      "properties": {
        "name": "赤湾站 - 无障碍设施",
        "station": "赤湾站",
        "line": "5号线",
        "facility": "1.盲道：车站公共区域。\n2.无障碍电梯：B出入口站厅到站外1部；C出入口站厅到站外1部；\n2号线站厅到站台1部；2号线站厅付费区内中部；5号线站厅到站台1部；5号线站厅付费区内中部。\n3.无障碍卫生间：E出入口通道；C出入口通道。\n4.宽闸机：2号线站厅中部；5号线站厅中部。",
        "type": "地铁站无障碍设施",
        "_source": "sz_metro",
        "_osm_type": "node"
      },
      "geometry": {
        "type": "Point",
        "coordinates": [
          113.8925041,
          22.4822397
        ]
      }
    },
    {
      "type": "Feature",
      "properties": {
        "name": "荔湾站 - 无障碍设施",
        "station": "荔湾站",
        "line": "5号线",
        "facility": "1.盲道：车站公共区域。                                 \n2.无障碍电梯：站厅到站外：C出入口1部；站厅到站台：站厅中部付费区1部。                      \n3.无障碍卫生间：站厅（B出入口通道内） 。            \n4.宽闸机：站厅中部。",
        "type": "地铁站无障碍设施",
        "_source": "sz_metro",
        "_osm_type": "node"
      },
      "geometry": {
        "type": "Point",
        "coordinates": [
          113.8882928,
          22.5011681
        ]
      }
    },
    {
      "type": "Feature",
      "properties": {
        "name": "铁路公园站 - 无障碍设施",
        "station": "铁路公园站",
        "line": "5号线",
        "facility": "1.盲道：车站公共区域。\n2.无障碍电梯：站厅到站外：B出入口1部；站厅到站台：站厅中部付费区1部。\n3.无障碍卫生间：站厅（B出入口通道内）。\n4.宽闸机：站厅中部、站厅A出入口端。",
        "type": "地铁站无障碍设施",
        "_source": "sz_metro",
        "_osm_type": "node"
      },
      "geometry": {
        "type": "Point",
        "coordinates": [
          113.8853899,
          22.5053459
        ]
      }
    },
    {
      "type": "Feature",
      "properties": {
        "name": "妈湾站 - 无障碍设施",
        "station": "妈湾站",
        "line": "5号线",
        "facility": "1.盲道：车站公共区域。\n2.无障碍电梯：站厅到站外：A出入口1部；站厅到站台：站厅中部付费区1部。\n3.无障碍卫生间：站厅（C出入口对面）。\n4.宽闸机：站厅中部。",
        "type": "地铁站无障碍设施",
        "_source": "sz_metro",
        "_osm_type": "node"
      },
      "geometry": {
        "type": "Point",
        "coordinates": [
          113.8809707,
          22.5112033
        ]
      }
    },
    {
      "type": "Feature",
      "properties": {
        "name": "前湾公园站 - 无障碍设施",
        "station": "前湾公园站",
        "line": "5号线",
        "facility": "1.盲道：车站公共区域。            \n2.无障碍电梯：站厅到站外：A出入口1部，C出入口1部；站厅到站台：站厅中部付费区1部。\n3.无障碍卫生间：站厅（C出入口通道内）。                                                                                       \n4.宽闸机：站厅中部。",
        "type": "地铁站无障碍设施",
        "_source": "sz_metro",
        "_osm_type": "node"
      },
      "geometry": {
        "type": "Point",
        "coordinates": [
          113.8853973,
          22.5197971
        ]
      }
    },
    {
      "type": "Feature",
      "properties": {
        "name": "前湾站 - 无障碍设施",
        "station": "前湾站",
        "line": "5号线",
        "facility": "1.盲道：车站公共区域。                  \n2.无障碍电梯：站厅到站外：B出入口1部。站厅到站台：5号线站厅中部付费区1部，9号线站厅中部付费区1部。                              \n3.无障碍卫生间：5号线往赤湾方向头端站台，B出入口出站闸机旁。                                                \n4.宽闸机：5号线站厅中部。\n5.宽闸机：9号线站厅中部。",
        "type": "地铁站无障碍设施",
        "_source": "sz_metro",
        "_osm_type": "node"
      },
      "geometry": {
        "type": "Point",
        "coordinates": [
          113.8906677,
          22.5248447
        ]
      }
    },
    {
      "type": "Feature",
      "properties": {
        "name": "桂湾站 - 无障碍设施",
        "station": "桂湾站",
        "line": "5号线",
        "facility": "1.盲道：车站公共区域。                       \n2.无障碍电梯：站厅到站台：站厅中部付费区1部。\n3.无障碍卫生间：站厅（B出入口通道内）。\n4.宽闸机：站厅中部。",
        "type": "地铁站无障碍设施",
        "_source": "sz_metro",
        "_osm_type": "node"
      },
      "geometry": {
        "type": "Point",
        "coordinates": [
          113.8928669,
          22.5344306
        ]
      }
    },
    {
      "type": "Feature",
      "properties": {
        "name": "前海湾站 - 无障碍设施",
        "station": "前海湾站",
        "line": "5号线",
        "facility": "1.盲道：车站公共区域。\n2.无障碍电梯：站厅到站外：B出入口1部；站厅到站台：1号线站厅中部付费区1部，5号线站厅中部付费区1部，11号线站厅中部付费区1部。\n3.无障碍卫生间：站厅（B出入口通道）。\n4.宽闸机：1号线站厅靠近B出入口；5号线站厅靠近A出入口；11号线站厅。",
        "type": "地铁站无障碍设施",
        "_source": "sz_metro",
        "_osm_type": "node"
      },
      "geometry": {
        "type": "Point",
        "coordinates": [
          113.8927681,
          22.5403059
        ]
      }
    },
    {
      "type": "Feature",
      "properties": {
        "name": "临海站 - 无障碍设施",
        "station": "临海站",
        "line": "5号线",
        "facility": "1.盲道：车站公共区域。\n2.无障碍电梯：B1出入口站厅到站外垂直电梯1部。站厅到站台垂直电梯1部在站厅付费区内中部。\n3.无障碍洗手间：B1出入口通道（未开通）。\n4.宽闸机：站厅中部。",
        "type": "地铁站无障碍设施",
        "_source": "sz_metro",
        "_osm_type": "node"
      },
      "geometry": {
        "type": "Point",
        "coordinates": [
          113.8843099,
          22.5472917
        ]
      }
    },
    {
      "type": "Feature",
      "properties": {
        "name": "宝华站 - 无障碍设施",
        "station": "宝华站",
        "line": "5号线",
        "facility": "1.盲道：车站公共区域。\n2.无障碍电梯：站厅到站外：C出入口1部；站厅到站台：站厅中部付费区1部。\n3.无障碍卫生间：站厅（D出入口通道内）。\n4.宽闸机：站厅中部。",
        "type": "地铁站无障碍设施",
        "_source": "sz_metro",
        "_osm_type": "node"
      },
      "geometry": {
        "type": "Point",
        "coordinates": [
          113.8802114,
          22.5527242
        ]
      }
    },
    {
      "type": "Feature",
      "properties": {
        "name": "宝安中心站 - 无障碍设施",
        "station": "宝安中心站",
        "line": "5号线",
        "facility": "1.盲道：车站公共区域。\n2.无障碍电梯：站厅到站外：B出入口1部；\n站厅到站台：1号线站厅中部1台，5号线站厅黄贝岭方向1台，5号线站厅赤湾方向1台。\n3.无障碍卫生间：站厅（A出入口通道内）。\n4.宽闸机：站厅（近A出入口）；站厅（近C出入口）；站厅（近E出入口）。",
        "type": "地铁站无障碍设施",
        "_source": "sz_metro",
        "_osm_type": "node"
      },
      "geometry": {
        "type": "Point",
        "coordinates": [
          113.8823152,
          22.5576373
        ]
      }
    },
    {
      "type": "Feature",
      "properties": {
        "name": "翻身站 - 无障碍设施",
        "station": "翻身站",
        "line": "5号线",
        "facility": "1.盲道：车站公共区域。\n2.无障碍电梯：站厅到站外：A出入口1部；站厅到站台：站厅中部付费区1部。\n3.无障碍卫生间：站厅（C出入口通道内）。\n4.宽闸机：站厅中部。",
        "type": "地铁站无障碍设施",
        "_source": "sz_metro",
        "_osm_type": "node"
      },
      "geometry": {
        "type": "Point",
        "coordinates": [
          113.8884582,
          22.5629304
        ]
      }
    },
    {
      "type": "Feature",
      "properties": {
        "name": "灵芝站 - 无障碍设施",
        "station": "灵芝站",
        "line": "5号线",
        "facility": "1.盲道：车站公共区域。\n2.无障碍电梯：站厅至站外：A1出入口1部，C1出入口1部，F出入口1部；站厅至站台：5号线站厅中部付费区1部，12号线站厅中部付费区往松岗方向1部，12号线站厅中部付费区往左炮台东方向1部。\n3.无障碍卫生间：站厅（B出入口通道内）。\n4.第三卫生间：12号线站台（往松岗方向头端），12号线站台（往左炮台东方向尾端）。                          \n5.宽闸机：站厅近F出入口，站厅近A1出入口。",
        "type": "地铁站无障碍设施",
        "_source": "sz_metro",
        "_osm_type": "node"
      },
      "geometry": {
        "type": "Point",
        "coordinates": [
          113.8991983,
          22.572046
        ]
      }
    },
    {
      "type": "Feature",
      "properties": {
        "name": "洪浪北站 - 无障碍设施",
        "station": "洪浪北站",
        "line": "5号线",
        "facility": "1.盲道：车站公共区域（A出入口、D出入口至客服中心处无盲道）。\n2.无障碍电梯：C出入口站厅到站外垂直电梯1部。                 站厅到站台：站厅中部付费区1部。   \n3.无障碍卫生间：C出入口。\n4.宽闸机：站厅中部。",
        "type": "地铁站无障碍设施",
        "_source": "sz_metro",
        "_osm_type": "node"
      },
      "geometry": {
        "type": "Point",
        "coordinates": [
          113.9057795,
          22.5777172
        ]
      }
    },
    {
      "type": "Feature",
      "properties": {
        "name": "兴东站 - 无障碍设施",
        "station": "兴东站",
        "line": "5号线",
        "facility": "1.盲道：车站公共区域。\n2.无障碍电梯：站厅到站外：B出入口1部。站厅到站台：站厅中部付费区1部。           　 \n3.无障碍卫生间：站厅（近B出入口）。\n4.宽闸机：站厅中部客服中心旁。",
        "type": "地铁站无障碍设施",
        "_source": "sz_metro",
        "_osm_type": "node"
      },
      "geometry": {
        "type": "Point",
        "coordinates": [
          113.9140174,
          22.5847838
        ]
      }
    },
    {
      "type": "Feature",
      "properties": {
        "name": "留仙洞站 - 无障碍设施",
        "station": "留仙洞站",
        "line": "5号线",
        "facility": "1.盲道：车站公共区域。\n2.无障碍电梯：站厅到站外：C出入口1部；站厅到站台：站厅中部付费区垂直电梯1部。\n3.无障碍卫生间：站厅（C出入口通道内）。\n4.宽闸机：站厅中部。",
        "type": "地铁站无障碍设施",
        "_source": "sz_metro",
        "_osm_type": "node"
      },
      "geometry": {
        "type": "Point",
        "coordinates": [
          113.9390448,
          22.5847809
        ]
      }
    },
    {
      "type": "Feature",
      "properties": {
        "name": "西丽站 - 无障碍设施",
        "station": "西丽站",
        "line": "5号线",
        "facility": "1.盲道：车站公共区域（因设计原因、A出入口、B出入口、C出入口、E出入口至站厅进站处无盲道）。\n2.无障碍电梯：站厅到站外：D出入口1部，F出入口1部；站厅到站台：5号线站厅中部付费区往黄贝岭方向1部，5号线站厅中部付费区往赤湾方向1部；7号线站厅中部付费区往7号线站台、赤湾站台尾部垂直电梯2部。\n3.无障碍卫生间：F出入口通道，7号线站台往太安方向尾端，7号线站台往深大丽湖方向头端。                          \n4.宽闸机：5号线站厅近F出入口，5号线站厅B出入口，7号线站厅中部。",
        "type": "地铁站无障碍设施",
        "_source": "sz_metro",
        "_osm_type": "node"
      },
      "geometry": {
        "type": "Point",
        "coordinates": [
          113.9494105,
          22.5836964
        ]
      }
    },
    {
      "type": "Feature",
      "properties": {
        "name": "大学城站 - 无障碍设施",
        "station": "大学城站",
        "line": "5号线",
        "facility": "1.盲道：车站公共区域。\n2.无障碍电梯：站厅到站外：C出入口1部，站厅付费区中部到黄贝岭站台1部，站厅付费区中部到赤湾站台1部。\n3.无障碍卫生间：C出入口通道内。\n4.宽闸机：站厅中部。",
        "type": "地铁站无障碍设施",
        "_source": "sz_metro",
        "_osm_type": "node"
      },
      "geometry": {
        "type": "Point",
        "coordinates": [
          113.9602375,
          22.5850344
        ]
      }
    },
    {
      "type": "Feature",
      "properties": {
        "name": "塘朗站 - 无障碍设施",
        "station": "塘朗站",
        "line": "5号线",
        "facility": "1.盲道：车站公共区域。\n2.无障碍电梯：站厅到站外：B出入口1部，C出入口1部；站厅到站台：站厅中部1部。\n3.无障碍卫生间：C出入口旁。\n4.宽闸机：站厅中部。",
        "type": "地铁站无障碍设施",
        "_source": "sz_metro",
        "_osm_type": "node"
      },
      "geometry": {
        "type": "Point",
        "coordinates": [
          113.9947336,
          22.5928643
        ]
      }
    },
    {
      "type": "Feature",
      "properties": {
        "name": "长岭陂站 - 无障碍设施",
        "station": "长岭陂站",
        "line": "5号线",
        "facility": "1.盲道：车站公共区域。\n2.无障碍电梯：站厅到站外：A1出入口1部、C出入口1部。站厅到站台：站厅中部付费区2部。\n3.无障碍卫生间：A出入口处。\n4.宽闸机：站厅中部。",
        "type": "地铁站无障碍设施",
        "_source": "sz_metro",
        "_osm_type": "node"
      },
      "geometry": {
        "type": "Point",
        "coordinates": [
          114.0053542,
          22.602214
        ]
      }
    },
    {
      "type": "Feature",
      "properties": {
        "name": "深圳北站 - 无障碍设施",
        "station": "深圳北站",
        "line": "5号线",
        "facility": "1.盲道：车站公共区域。\n2.无障碍电梯：站厅二层到站厅一层：站厅北端付费区1部；站厅一层到站台：站厅一层中部付费区往黄贝岭方向1部，站厅一层中部付费区往赤湾方向1部；站台换乘4/6号线：往黄贝岭方向尾端换乘通道2部，往赤湾方向头端换乘通道2部。\n3.宽闸机：站厅一层南端、站厅二层北端、站厅二层南端。",
        "type": "地铁站无障碍设施",
        "_source": "sz_metro",
        "_osm_type": "node"
      },
      "geometry": {
        "type": "Point",
        "coordinates": [
          114.0239469,
          22.6120365
        ]
      }
    },
    {
      "type": "Feature",
      "properties": {
        "name": "民治站 - 无障碍设施",
        "station": "民治站",
        "line": "5号线",
        "facility": "1.盲道：车站公共区域。\n2.无障碍电梯：站厅到站外：B出入口1部；站厅到站台：站厅中部付费区1部。\n3.无障碍卫生间：站厅（B出入口通道内）。\n4.宽闸机：站厅中部。",
        "type": "地铁站无障碍设施",
        "_source": "sz_metro",
        "_osm_type": "node"
      },
      "geometry": {
        "type": "Point",
        "coordinates": [
          114.0360964,
          22.6203757
        ]
      }
    },
    {
      "type": "Feature",
      "properties": {
        "name": "五和站 - 无障碍设施",
        "station": "五和站",
        "line": "5号线",
        "facility": "1.盲道：车站公共区域。\n2.无障碍电梯：站厅到站外：A出入口1部，D1出入口1部，H出入口1部；站厅到站台：5号线站厅中部付费区1部，10号线站厅中部付费区1部。\n3.无障碍卫生间：A出入口通道内。\n4.第三卫生间：10号线站台（往福田口岸头端）。                          \n5.宽闸机：5号线站厅B出入口旁，5号线站厅客服中心旁，10号线站厅客服中心旁。\n6.母婴室：10号线站厅近H出入口。",
        "type": "地铁站无障碍设施",
        "_source": "sz_metro",
        "_osm_type": "node"
      },
      "geometry": {
        "type": "Point",
        "coordinates": [
          114.0556417,
          22.6293923
        ]
      }
    },
    {
      "type": "Feature",
      "properties": {
        "name": "坂田站 - 无障碍设施",
        "station": "坂田站",
        "line": "5号线",
        "facility": "1.盲道：车站公共区域。\n2.无障碍电梯：A出入口站厅到站外垂直电梯1部，站厅到站台垂直电梯2部在站厅付费区内中部。\n3.无障碍卫生间：A出入口通道。\n4.宽闸机：靠近站厅A出入口端。\n5.母婴室：站厅B端S站旁。",
        "type": "地铁站无障碍设施",
        "_source": "sz_metro",
        "_osm_type": "node"
      },
      "geometry": {
        "type": "Point",
        "coordinates": [
          114.0650979,
          22.6299949
        ]
      }
    },
    {
      "type": "Feature",
      "properties": {
        "name": "杨美站 - 无障碍设施",
        "station": "杨美站",
        "line": "5号线",
        "facility": "1.盲道：车站公共区域。            \n2.无障碍电梯：站厅到站外：A出入口1部；站厅到站台：站厅中部付费区1部。             \n3.无障碍卫生间：站厅（近D出入口）。                      \n4.宽闸机：站厅中部。",
        "type": "地铁站无障碍设施",
        "_source": "sz_metro",
        "_osm_type": "node"
      },
      "geometry": {
        "type": "Point",
        "coordinates": [
          114.0751147,
          22.6292497
        ]
      }
    },
    {
      "type": "Feature",
      "properties": {
        "name": "上水径站 - 无障碍设施",
        "station": "上水径站",
        "line": "5号线",
        "facility": "1.盲道：车站公共区域。\n2.无障碍电梯：站厅到站外：C出入口1部；站厅到站台：站厅中部付费区1部。\n3.无障碍卫生间：站厅（近C出入口）。\n4.宽闸机：站厅中部。",
        "type": "地铁站无障碍设施",
        "_source": "sz_metro",
        "_osm_type": "node"
      },
      "geometry": {
        "type": "Point",
        "coordinates": [
          114.1001008,
          22.6247573
        ]
      }
    },
    {
      "type": "Feature",
      "properties": {
        "name": "下水径站 - 无障碍设施",
        "station": "下水径站",
        "line": "5号线",
        "facility": "1.盲道：车站公共区域。\n2.无障碍电梯：站厅到站外：A出入口1部；站厅到站台：站厅中部付费区1部。\n3.第三卫生间：站厅（A出入口通道内）。\n4.宽闸机：站厅中部。",
        "type": "地铁站无障碍设施",
        "_source": "sz_metro",
        "_osm_type": "node"
      },
      "geometry": {
        "type": "Point",
        "coordinates": [
          114.1055805,
          22.6175061
        ]
      }
    },
    {
      "type": "Feature",
      "properties": {
        "name": "长龙站 - 无障碍设施",
        "station": "长龙站",
        "line": "5号线",
        "facility": "1.盲道：车站公共区域（因设计原因、A出入口至站厅中部无盲道）。\n2.无障碍电梯：站厅到站外：B出入口1部；站厅到站台：站厅中部付费区1部。\n3.第三卫生间：A出入口通道。\n4.宽闸机：站厅中部。",
        "type": "地铁站无障碍设施",
        "_source": "sz_metro",
        "_osm_type": "node"
      },
      "geometry": {
        "type": "Point",
        "coordinates": [
          114.1082962,
          22.6110137
        ]
      }
    },
    {
      "type": "Feature",
      "properties": {
        "name": "布吉站 - 无障碍设施",
        "station": "布吉站",
        "line": "5号线",
        "facility": "1.盲道：车站公共区域。\n2.无障碍电梯：站厅到站外：C出入口站厅到C口平台付费区无障碍电梯2部 ，14号线E1出入口站厅到E1口站厅到站外无障碍电梯1部，14号线东广场东01号，东02号到东广场公交站、深圳东火车站，5号线东广场东03号，东04号到布吉街、深圳东火车站（5号线）。\n站厅到站厅：14号线站厅至5号线站厅无障碍电梯2部。14号线C口平台至3号线站厅无障碍电梯1部，14号线、3号线站厅到5号线站厅无障碍电梯1部（3号线）；\n站厅到站台：3号线站厅到站台无障碍电梯1部，3号线、5号线站厅到站台无障碍电梯1部，5号线、14号线站厅到站台无障碍电梯2部在站厅付费区内中部（14号线）。\n3.第三卫生间：D出入口旁。（14号线），14号线站台往沙田方向头端（14号线）。\n4.宽闸机：14号线站厅中部（14号线），C口平台客服中心旁（14号线），3号线站厅客服中心旁（3号线），3号线站厅B出口（3号线）。",
        "type": "地铁站无障碍设施",
        "_source": "sz_metro",
        "_osm_type": "node"
      },
      "geometry": {
        "type": "Point",
        "coordinates": [
          114.1165075,
          22.6044178
        ]
      }
    },
    {
      "type": "Feature",
      "properties": {
        "name": "百鸽笼站 - 无障碍设施",
        "station": "百鸽笼站",
        "line": "5号线",
        "facility": "1.盲道：车站公共区域。\n2.无障碍电梯：站厅到站外：\nD出入口1部。往赤湾方向站厅到站台垂直电梯1部；站厅到站台：站厅中部付费区2部。\n3.第三卫生间：D出入口通道。\n4.宽闸机：站厅中部、站厅A端。",
        "type": "地铁站无障碍设施",
        "_source": "sz_metro",
        "_osm_type": "node"
      },
      "geometry": {
        "type": "Point",
        "coordinates": [
          114.1253278,
          22.5973734
        ]
      }
    },
    {
      "type": "Feature",
      "properties": {
        "name": "布心站 - 无障碍设施",
        "station": "布心站",
        "line": "5号线",
        "facility": "1.盲道：车站公共区域（因开通初期设计原因、A出入口通道至站厅A通道安检处无盲道）。\n2.无障碍电梯：站厅到站外：B出入口1部；站厅到站台：站厅中部付费区1部。\n3.无障碍卫生间：站厅（B出入口通道内）。\n4.宽闸机：客服中心旁。",
        "type": "地铁站无障碍设施",
        "_source": "sz_metro",
        "_osm_type": "node"
      },
      "geometry": {
        "type": "Point",
        "coordinates": [
          114.1329871,
          22.583567
        ]
      }
    },
    {
      "type": "Feature",
      "properties": {
        "name": "太安站 - 无障碍设施",
        "station": "太安站",
        "line": "5号线",
        "facility": "1.盲道：车站公共区域（因设计原因、A出入口、D出入口、E出入口至站厅进站处无盲道）。\n2.无障碍电梯：B出入口站厅到站外垂直电梯1部。\n3.无障碍电梯：站厅到站台垂直电梯1部在站厅付费区内中部。\n4.无障碍卫生间：C出入口通道。\n5.宽闸机：站厅中部。",
        "type": "地铁站无障碍设施",
        "_source": "sz_metro",
        "_osm_type": "node"
      },
      "geometry": {
        "type": "Point",
        "coordinates": [
          114.1322063,
          22.576969
        ]
      }
    },
    {
      "type": "Feature",
      "properties": {
        "name": "怡景站 - 无障碍设施",
        "station": "怡景站",
        "line": "5号线",
        "facility": "1.盲道：车站公共区域（因设计原因、B出入口、D出入口至站厅进站处无盲道）。\n2.无障碍电梯：C出入口站厅到站外垂直电梯1部。\n3.无障碍电梯：站厅到站台垂直电梯1部在站厅付费区内中部。\n4.无障碍卫生间：C出入口通道。\n5.宽闸机：客服中心旁。",
        "type": "地铁站无障碍设施",
        "_source": "sz_metro",
        "_osm_type": "node"
      },
      "geometry": {
        "type": "Point",
        "coordinates": [
          114.134958,
          22.5587011
        ]
      }
    },
    {
      "type": "Feature",
      "properties": {
        "name": "黄贝岭站 - 无障碍设施",
        "station": "黄贝岭站",
        "line": "5号线",
        "facility": "1.盲道：车站公共区域（因设计原因、A出入口、C出入口至站厅进站处无盲道）。\n2.无障碍电梯：B出入口站厅到站外垂直电梯1部，站厅到站台垂直电梯2部在站厅付费区内中部。\n3.无障碍卫生间：B出入口通道。\n4.宽闸机：站厅中部（在免费通道旁，靠近B出口）。",
        "type": "地铁站无障碍设施",
        "_source": "sz_metro",
        "_osm_type": "node"
      },
      "geometry": {
        "type": "Point",
        "coordinates": [
          114.1313834,
          22.5488036
        ]
      }
    },
    {
      "type": "Feature",
      "properties": {
        "name": "湖贝站 - 无障碍设施",
        "station": "湖贝站",
        "line": "5号线",
        "facility": "1.盲道:车站公共区域。            \n2.无障碍电梯：站厅到站外：F出入口1部，G出入口1部；站厅到站台：站厅中部付费区1部（5号线）。\nB出入口站厅到站外垂直电梯1部；站厅到站台垂直电梯1部在站厅付费区内中部。（2号线）。        \n3.无障碍卫生间：站厅G出入口通道（5号线）。                     \n4.宽闸机：站厅中部（5号线）。\n靠近站厅A出入口（2号线）；靠近站厅D出入口（2号线）；靠近站厅B出入口；靠近站厅C出入口（2号线）。",
        "type": "地铁站无障碍设施",
        "_source": "sz_metro",
        "_osm_type": "node"
      },
      "geometry": {
        "type": "Point",
        "coordinates": [
          114.1184141,
          22.5466946
        ]
      }
    },
    {
      "type": "Feature",
      "properties": {
        "name": "东门站 - 无障碍设施",
        "station": "东门站",
        "line": "5号线",
        "facility": "1.盲道：车站公共区域。\n2.无障碍电梯：站厅到站外：L出入口1部；M2出入口1部。站厅到站台：站厅中部付费区1部。\n3.第三卫生间：站厅（M1出入口）。\n4.宽闸机：客服中心旁；近J出入口旁；近K出入口旁；近L出入口旁；近M出入口旁；近N出入口旁。",
        "type": "地铁站无障碍设施",
        "_source": "sz_metro",
        "_osm_type": "node"
      },
      "geometry": {
        "type": "Point",
        "coordinates": [
          114.1118849,
          22.5456006
        ]
      }
    },
    {
      "type": "Feature",
      "properties": {
        "name": "大剧院站 - 无障碍设施",
        "station": "大剧院站",
        "line": "5号线",
        "facility": "1.盲道：车站公共区域。\n2.无障碍电梯：站厅到站外：F出入口1部；G出入口1部；站厅到站台：1号线站厅中部付费区1部，2号线站厅中部付费区1部。5号线站厅中部付费区2部。\n3.无障碍卫生间：2号线站厅（近F出入口）；5号线站厅（近G出入口）；5号线站台（往赤湾方向中部）。\n4.宽闸机：1号线站厅近D出入口，1号线站厅中部，2号线站厅中部，5号线客服中心旁，5号线站厅中部。",
        "type": "地铁站无障碍设施",
        "_source": "sz_metro",
        "_osm_type": "node"
      },
      "geometry": {
        "type": "Point",
        "coordinates": [
          114.102858,
          22.5440073
        ]
      }
    },
    {
      "type": "Feature",
      "properties": {
        "name": "科学馆站 - 无障碍设施",
        "station": "科学馆站",
        "line": "6号线",
        "facility": "1.盲道：车站公共区域。\n2.无障碍电梯：\n站厅到站外：1号线A出入口1部，6号线F出入口1部；\n站厅到站台：1号线站厅中部付费区1部，6号线站厅中部付费区1部；\n换乘通道：6号线换乘通道1部。\n3.无障碍卫生间：1号线（A出入口通道），6号线（E出入口通道），6号线站台（往松岗方向尾端）。\n4.宽闸机：1号线、6号线客服中心旁。",
        "type": "地铁站无障碍设施",
        "_source": "sz_metro",
        "_osm_type": "node"
      },
      "geometry": {
        "type": "Point",
        "coordinates": [
          114.0912017,
          22.5421181
        ]
      }
    },
    {
      "type": "Feature",
      "properties": {
        "name": "通新岭站 - 无障碍设施",
        "station": "通新岭站",
        "line": "6号线",
        "facility": "1.盲道：车站公共区域。\n2.无障碍电梯：站厅到站外：6号线A2出入口1部，6号线E2出入口1部，3号线C出入口1部；站厅到站台：6号线站厅中部付费区1部，3号线站厅中部付费区1部。\n3.无障碍卫生间：6号线站台（往松岗方向头端）、3号线站厅（C出入口通道内）。\n4.宽闸机：3号线、6号线客服中心旁。",
        "type": "地铁站无障碍设施",
        "_source": "sz_metro",
        "_osm_type": "node"
      },
      "geometry": {
        "type": "Point",
        "coordinates": [
          114.0910124,
          22.5517181
        ]
      }
    },
    {
      "type": "Feature",
      "properties": {
        "name": "体育中心站 - 无障碍设施",
        "station": "体育中心站",
        "line": "6号线",
        "facility": "1.盲道：车站公共区域。\n2.无障碍电梯：站厅到站外：B出入口一部、A1出口一部；站厅到站台：站厅中部付费区。\n3.无障碍卫生间：B出入口通道旁。\n4.宽闸机：站厅中部。",
        "type": "地铁站无障碍设施",
        "_source": "sz_metro",
        "_osm_type": "node"
      },
      "geometry": {
        "type": "Point",
        "coordinates": [
          114.0906136,
          22.5573278
        ]
      }
    },
    {
      "type": "Feature",
      "properties": {
        "name": "八卦岭站 - 无障碍设施",
        "station": "八卦岭站",
        "line": "6号线",
        "facility": "1.盲道：车站公共区域。 \n2.无障碍电梯：站厅到站外：7号线D出入口1部，6号线E出入口1部，6号线G1出入口1部；站厅到站台：7号线站厅中部付费区1部，6号线站厅中部付费区1部。 \n3.无障碍卫生间：7号线站厅（B出入口旁）、6号线站厅（E出入口通道内）、7号线站台（太安方向头端）、6号线站台（科学馆方向尾端）。\n4.宽闸机：7号线客服中心旁、6号线客服中心旁。",
        "type": "地铁站无障碍设施",
        "_source": "sz_metro",
        "_osm_type": "node"
      },
      "geometry": {
        "type": "Point",
        "coordinates": [
          114.0900008,
          22.5645218
        ]
      }
    },
    {
      "type": "Feature",
      "properties": {
        "name": "银湖站 - 无障碍设施",
        "station": "银湖站",
        "line": "6号线",
        "facility": "1.盲道：车站公共区域。\n2.无障碍电梯：站厅到站外：近B出入口1部；站厅到站台：站厅往文锦方向付费区头端1部。\n3.无障碍卫生间：站厅（近B出入口）；6号线站台（往科学馆方向尾端）。\n4.宽闸机：站厅中部客服中心旁；站厅无障碍电梯前方。",
        "type": "地铁站无障碍设施",
        "_source": "sz_metro",
        "_osm_type": "node"
      },
      "geometry": {
        "type": "Point",
        "coordinates": [
          114.0843467,
          22.5714073
        ]
      }
    },
    {
      "type": "Feature",
      "properties": {
        "name": "翰岭站 - 无障碍设施",
        "station": "翰岭站",
        "line": "6号线",
        "facility": "1.盲道：车站公共区域。\n2.无障碍电梯：站厅到站外：B出入口1部；站厅到站台：站厅中部付费区1部。\n3.第三卫生间：站厅（B出入口通道旁）。\n5.宽闸机：客服中心旁。",
        "type": "地铁站无障碍设施",
        "_source": "sz_metro",
        "_osm_type": "node"
      },
      "geometry": {
        "type": "Point",
        "coordinates": [
          114.0637871,
          22.5769536
        ]
      }
    },
    {
      "type": "Feature",
      "properties": {
        "name": "梅林关站 - 无障碍设施",
        "station": "梅林关站",
        "line": "6号线",
        "facility": "1.盲道：车站公共区域。\n2.无障碍电梯：站厅到站外：B出入口1部；站厅到站台：站厅中部付费区1部。\n3.无障碍卫生间：站厅（A出入口通道内）。\n4.宽闸机：客服中心旁。",
        "type": "地铁站无障碍设施",
        "_source": "sz_metro",
        "_osm_type": "node"
      },
      "geometry": {
        "type": "Point",
        "coordinates": [
          114.0480647,
          22.5972109
        ]
      }
    },
    {
      "type": "Feature",
      "properties": {
        "name": "深圳北站 - 无障碍设施",
        "station": "深圳北站",
        "line": "6号线",
        "facility": "1.盲道：车站公共区域。\n2.无障碍电梯：6号线站台到站厅无障碍电梯二部。\n3.无障碍电梯：站厅到站外：A出入口一部、B出入口一部；站厅换乘5号线站台：往黄贝岭方向一部，往赤湾方向一部（港铁管辖）\n4.宽闸机：站厅中部、站厅C口出入口、站厅D出入口。（港铁管辖）",
        "type": "地铁站无障碍设施",
        "_source": "sz_metro",
        "_osm_type": "node"
      },
      "geometry": {
        "type": "Point",
        "coordinates": [
          114.0239469,
          22.6120365
        ]
      }
    },
    {
      "type": "Feature",
      "properties": {
        "name": "红山站 - 无障碍设施",
        "station": "红山站",
        "line": "6号线",
        "facility": "1、盲道：车站公共区域。\n2、无障碍电梯：站厅到站外：B出入口1部。站厅到站台：站厅中部付费区1部。\n3、无障碍卫生间：6号线站厅付费区中部。\n4、宽闸机：客服中心旁边。",
        "type": "地铁站无障碍设施",
        "_source": "sz_metro",
        "_osm_type": "node"
      },
      "geometry": {
        "type": "Point",
        "coordinates": [
          114.0183337,
          22.6245545
        ]
      }
    },
    {
      "type": "Feature",
      "properties": {
        "name": "上芬站 - 无障碍设施",
        "station": "上芬站",
        "line": "6号线",
        "facility": "1、盲道：车站公共区域。\n2、无障碍电梯：站厅到站外：B出入口1部、C出入口1部；\n3、无障碍电梯：站厅到站台无障碍电梯一部。\n4.无障碍卫生间：D出入口旁。 \n5.宽闸机：站厅中部",
        "type": "地铁站无障碍设施",
        "_source": "sz_metro",
        "_osm_type": "node"
      },
      "geometry": {
        "type": "Point",
        "coordinates": [
          114.0115626,
          22.6432622
        ]
      }
    },
    {
      "type": "Feature",
      "properties": {
        "name": "元芬站 - 无障碍设施",
        "station": "元芬站",
        "line": "6号线",
        "facility": "1、盲道：车站公共区域。\n2、无障碍电梯：站厅到站外：B出入口1部、C出入口1部；\n站厅到站台：站厅中部付费区1部。\n3、无障碍卫生间：D出入口旁。\n4、宽闸机：客服中心旁边",
        "type": "地铁站无障碍设施",
        "_source": "sz_metro",
        "_osm_type": "node"
      },
      "geometry": {
        "type": "Point",
        "coordinates": [
          114.0001724,
          22.6591092
        ]
      }
    },
    {
      "type": "Feature",
      "properties": {
        "name": "阳台山东站 - 无障碍设施",
        "station": "阳台山东站",
        "line": "6号线",
        "facility": "1.盲道：车站公共区域。\n2.无障碍电梯：B出入口站厅到站外无障碍电梯1部。 \n3.无障碍电梯：C1出入口天桥到站外无障碍电梯1部；无障碍电梯：站厅到站台无障碍电梯1部在站厅付费区内中部。 \n4.无障碍卫生间：B出入口。\n5.宽闸机：站厅中部。",
        "type": "地铁站无障碍设施",
        "_source": "sz_metro",
        "_osm_type": "node"
      },
      "geometry": {
        "type": "Point",
        "coordinates": [
          113.9866003,
          22.6707384
        ]
      }
    },
    {
      "type": "Feature",
      "properties": {
        "name": "官田站 - 无障碍设施",
        "station": "官田站",
        "line": "6号线",
        "facility": "1.盲道：车站公共区域\n2.无障碍电梯：B出入口站厅到站外无障碍电梯1部。\n3.无障碍电梯：D出入口站厅到站外无障碍电梯1部。\n4.无障碍电梯：站厅到站台无障碍电梯1部在站厅付费区内中部；无障碍卫生间：D出入口。\n5.宽闸机：站厅中部。",
        "type": "地铁站无障碍设施",
        "_source": "sz_metro",
        "_osm_type": "node"
      },
      "geometry": {
        "type": "Point",
        "coordinates": [
          113.944825,
          22.6862306
        ]
      }
    },
    {
      "type": "Feature",
      "properties": {
        "name": "上屋站 - 无障碍设施",
        "station": "上屋站",
        "line": "6号线",
        "facility": "1.盲道：车站公共区域。\n2.无障碍电梯：B出入口站厅到站外无障碍电梯1部。\n3.无障碍电梯：D出入口站厅到站外无障碍电梯1部。\n4.无障碍电梯：站厅到站台无障碍电梯1部在站厅付费区内中部；无障碍卫生间：D出入口旁。\n5.宽闸机：站厅中部。",
        "type": "地铁站无障碍设施",
        "_source": "sz_metro",
        "_osm_type": "node"
      },
      "geometry": {
        "type": "Point",
        "coordinates": [
          113.9348941,
          22.6915879
        ]
      }
    },
    {
      "type": "Feature",
      "properties": {
        "name": "长圳站 - 无障碍设施",
        "station": "长圳站",
        "line": "6号线",
        "facility": "1.盲道：车站公共区域\n2.无障碍电梯：A出入口站厅到站外无障碍电梯1部。\n3.无障碍电梯：D出入口站厅到站外无障碍电梯1部。\n4.无障碍电梯：上行站台A端到三层换乘通道无障碍电梯1部；无障碍电梯：下行站台A端到三层换乘通道无障碍电梯1部；无障碍卫生间：D出入口旁。\n5.宽闸机：上行站台中部两台、下行站台中部一台、三层换乘通道一台。",
        "type": "地铁站无障碍设施",
        "_source": "sz_metro",
        "_osm_type": "node"
      },
      "geometry": {
        "type": "Point",
        "coordinates": [
          113.9260629,
          22.7293188
        ]
      }
    },
    {
      "type": "Feature",
      "properties": {
        "name": "凤凰城站 - 无障碍设施",
        "station": "凤凰城站",
        "line": "6号线",
        "facility": "1.盲道：车站公共区域\n2.无障碍电梯：A出入口站厅到站外无障碍电梯1部。\n3.无障碍电梯：站厅到站台无障碍电梯1部在站厅付费区内中部。\n4.无障碍卫生间：C出入口旁。\n5.宽闸机：站厅中部。",
        "type": "地铁站无障碍设施",
        "_source": "sz_metro",
        "_osm_type": "node"
      },
      "geometry": {
        "type": "Point",
        "coordinates": [
          113.9280264,
          22.7504601
        ]
      }
    },
    {
      "type": "Feature",
      "properties": {
        "name": "光明大街站 - 无障碍设施",
        "station": "光明大街站",
        "line": "6号线",
        "facility": "1.盲道：车站公共区域。\n2.无障碍电梯：站厅到站台无障碍电梯1部在站厅付费区内中部，C出入口站厅到站外无障碍电梯1部。\n3.无障碍卫生间：A出入口天桥旁。\n4.宽闸机：站厅中部。",
        "type": "地铁站无障碍设施",
        "_source": "sz_metro",
        "_osm_type": "node"
      },
      "geometry": {
        "type": "Point",
        "coordinates": [
          113.9379399,
          22.7650404
        ]
      }
    },
    {
      "type": "Feature",
      "properties": {
        "name": "光明站 - 无障碍设施",
        "station": "光明站",
        "line": "6号线",
        "facility": "1.盲道：车站公共区域。\n2.无障碍电梯：站厅到站外：A出入口1部，D出入口1部。\n站厅到站台：站厅中部付费区到6号线站台1部，站厅中部付费区到6支线站台1部。\n3.第三卫生间：C出入口。\n4.宽闸机：站厅中部。",
        "type": "地铁站无障碍设施",
        "_source": "sz_metro",
        "_osm_type": "node"
      },
      "geometry": {
        "type": "Point",
        "coordinates": [
          113.9403109,
          22.7747902
        ]
      }
    },
    {
      "type": "Feature",
      "properties": {
        "name": "科学公园站 - 无障碍设施",
        "station": "科学公园站",
        "line": "6号线",
        "facility": "1.盲道：车站公共区域。\n2.无障碍电梯：站厅到站外：A出入口1部，D出入口1部；站厅到站台：站厅中部付费区内1部。\n3.第三卫生间：C出入口。\n4.宽闸机：站厅中部。",
        "type": "地铁站无障碍设施",
        "_source": "sz_metro",
        "_osm_type": "node"
      },
      "geometry": {
        "type": "Point",
        "coordinates": [
          113.929244,
          22.7804966
        ]
      }
    },
    {
      "type": "Feature",
      "properties": {
        "name": "楼村站 - 无障碍设施",
        "station": "楼村站",
        "line": "6号线",
        "facility": "1.盲道：车站公共区域。\n2.无障碍电梯：站厅到站外：B出入口1部，D出入口1部。\n站厅到站台：站厅中部付费区1部。\n3.第三卫生间：C出入口。\n4.宽闸机：站厅中部。",
        "type": "地铁站无障碍设施",
        "_source": "sz_metro",
        "_osm_type": "node"
      },
      "geometry": {
        "type": "Point",
        "coordinates": [
          113.9185386,
          22.7789528
        ]
      }
    },
    {
      "type": "Feature",
      "properties": {
        "name": "红花山站 - 无障碍设施",
        "station": "红花山站",
        "line": "6号线",
        "facility": "1、盲道：车站公共区域\n2、无障碍电梯：D出入口站厅到站外无障碍电梯1部、站厅付费区中部有站厅到站台无障碍电梯1部、A2出入口站厅到站外无障碍电梯1部。\n3、无障碍卫生间：D出入口通道\n4、宽闸机：车站站厅中部。",
        "type": "地铁站无障碍设施",
        "_source": "sz_metro",
        "_osm_type": "node"
      },
      "geometry": {
        "type": "Point",
        "coordinates": [
          113.9018787,
          22.7809074
        ]
      }
    },
    {
      "type": "Feature",
      "properties": {
        "name": "公明广场站 - 无障碍设施",
        "station": "公明广场站",
        "line": "6号线",
        "facility": "1.盲道：车站公共区域。\n2.无障碍电梯：站厅到站外：A出入口1部、B出入口1部、C出入口1部、D出入口1部。站台到换乘通道：科学馆方向站台中部付费区1部、松岗方向站台中部付费区1部、D出入口通道旁1部。\n3.无障碍卫生间：近B出入口。\n4.宽闸机：科学馆方向客服中心两侧、松岗方向客服中心两侧。",
        "type": "地铁站无障碍设施",
        "_source": "sz_metro",
        "_osm_type": "node"
      },
      "geometry": {
        "type": "Point",
        "coordinates": [
          113.8861069,
          22.7808982
        ]
      }
    },
    {
      "type": "Feature",
      "properties": {
        "name": "合水口站 - 无障碍设施",
        "station": "合水口站",
        "line": "6号线",
        "facility": "1.盲道：车站公共区域。\n2.无障碍电梯：站厅到站外：A出入口1部、B出入口1部、D出入口1部；站厅到站台：站厅中部付费区1部。\n3.无障碍卫生间：站厅B端。\n4.宽闸机：站厅中部。",
        "type": "地铁站无障碍设施",
        "_source": "sz_metro",
        "_osm_type": "node"
      },
      "geometry": {
        "type": "Point",
        "coordinates": [
          113.8761045,
          22.7846703
        ]
      }
    },
    {
      "type": "Feature",
      "properties": {
        "name": "薯田埔站 - 无障碍设施",
        "station": "薯田埔站",
        "line": "6号线",
        "facility": "1.盲道：车站公共区域。\n2.无障碍电梯：站厅到站外：B出入口1部，C出入口1部；站厅到站台：站厅中部付费区1部。\n3.无障碍卫生间：近C出入口。\n4.宽闸机：站厅中部客服中心两侧。",
        "type": "地铁站无障碍设施",
        "_source": "sz_metro",
        "_osm_type": "node"
      },
      "geometry": {
        "type": "Point",
        "coordinates": [
          113.8630544,
          22.7840518
        ]
      }
    },
    {
      "type": "Feature",
      "properties": {
        "name": "松岗公园站 - 无障碍设施",
        "station": "松岗公园站",
        "line": "6号线",
        "facility": "1.盲道：车站公共区域。\n2.无障碍电梯：站厅到站外：B出入口1部，C出入口1部；站厅到站台：站厅中部付费区1部。\n3.无障碍卫生间：B出入口通道。\n4.宽闸机：站厅中部客服中心两侧。",
        "type": "地铁站无障碍设施",
        "_source": "sz_metro",
        "_osm_type": "node"
      },
      "geometry": {
        "type": "Point",
        "coordinates": [
          113.8446568,
          22.7812914
        ]
      }
    },
    {
      "type": "Feature",
      "properties": {
        "name": "溪头站 - 无障碍设施",
        "station": "溪头站",
        "line": "6号线",
        "facility": "1：盲道：车站公共区域。\n2：无障碍电梯：站厅到站外：D出入口1部；站厅到站台：站厅中部付费区1部。\n3：无障碍卫生间：D出入口通道。\n4：宽闸机：站厅中部客服中心两侧。",
        "type": "地铁站无障碍设施",
        "_source": "sz_metro",
        "_osm_type": "node"
      },
      "geometry": {
        "type": "Point",
        "coordinates": [
          113.831993,
          22.7773794
        ]
      }
    },
    {
      "type": "Feature",
      "properties": {
        "name": "松岗站 - 无障碍设施",
        "station": "松岗站",
        "line": "6号线",
        "facility": "1.盲道：车站公共区域。\n2.无障碍电梯：站厅到站外：6、11号线C出入口1部，6、11号线G出入口1部，12号线H出入口1部，12号线K出入口1部；站厅到站台：站厅中部付费区11号线1部，站厅中部付费区6号线2部，12号线站厅中部付费区3部。\n3.无障碍卫生间：6/11号线站厅（近F出入口），6号线站台（往松岗方向中部），6号线站台（往科学馆方向中部），11号线站台（往碧头方向头端）。\n4.第三卫生间：12号线站厅（J出入口通道内），12号线站台（往左炮台东方向头端）。\n5.宽闸机：6、11号线站厅近E出入口，6、11号线站厅近G出入口，12号线站厅客服中心旁。",
        "type": "地铁站无障碍设施",
        "_source": "sz_metro",
        "_osm_type": "node"
      },
      "geometry": {
        "type": "Point",
        "coordinates": [
          113.8246153,
          22.7751914
        ]
      }
    },
    {
      "type": "Feature",
      "properties": {
        "name": "光明城站 - 无障碍设施",
        "station": "光明城站",
        "line": "6号线支线",
        "facility": "1：盲道：车站公共区域。\n2：无障碍电梯：站厅到站台：站厅中部付费区2部；站厅到站外：B出入口1部，C出入口1部。\n3：第三卫生间：B出入口通道；往-深理工方向站台头端；往光明城方向站台尾端。\n4：宽闸机：站厅近A出入口；客服中心旁；站厅近C出入口",
        "type": "地铁站无障碍设施",
        "_source": "sz_metro",
        "_osm_type": "node"
      },
      "geometry": {
        "type": "Point",
        "coordinates": [
          113.9486957,
          22.7357419
        ]
      }
    },
    {
      "type": "Feature",
      "properties": {
        "name": "虹桥公园站 - 无障碍设施",
        "station": "虹桥公园站",
        "line": "6号线支线",
        "facility": "1：盲道：车站公共区域。\n2：无障碍电梯：站厅到站外：D出入口1部，B出入口1部；站厅到站台：站厅中部付费区1部。              \n3：第三卫生间：站厅（B出入口通道内）。\n4：宽闸机：站厅近C出入口，站厅近D出入口，站厅中部。",
        "type": "地铁站无障碍设施",
        "_source": "sz_metro",
        "_osm_type": "node"
      },
      "geometry": {
        "type": "Point",
        "coordinates": [
          113.9453143,
          22.7531692
        ]
      }
    },
    {
      "type": "Feature",
      "properties": {
        "name": "碧眼站 - 无障碍设施",
        "station": "碧眼站",
        "line": "6号线支线",
        "facility": "1：盲道：车站公共区域。\n2：无障碍电梯：站厅到站外：D出入口1部，B出入口1部；站厅到站台：站厅中部付费区1部。              \n3：第三卫生间：站厅（C出入口通道）。\n4：宽闸机：站厅近C出入口，站厅近D出入口，站厅中部。",
        "type": "地铁站无障碍设施",
        "_source": "sz_metro",
        "_osm_type": "node"
      },
      "geometry": {
        "type": "Point",
        "coordinates": [
          113.9462443,
          22.7616886
        ]
      }
    },
    {
      "type": "Feature",
      "properties": {
        "name": "光明站 - 无障碍设施",
        "station": "光明站",
        "line": "6号线支线",
        "facility": "1.盲道：车站公共区域。\n2.无障碍电梯：站厅到站外：A出入口1部，D出入口1部。\n站厅到站台：站厅中部付费区到6号线站台1部，站厅中部付费区到6支线站台1部。\n3.第三卫生间：C出入口。\n4.宽闸机：站厅中部。",
        "type": "地铁站无障碍设施",
        "_source": "sz_metro",
        "_osm_type": "node"
      },
      "geometry": {
        "type": "Point",
        "coordinates": [
          113.9403109,
          22.7747902
        ]
      }
    },
    {
      "type": "Feature",
      "properties": {
        "name": "圳美站 - 无障碍设施",
        "station": "圳美站",
        "line": "6号线支线",
        "facility": "1.盲道：车站公共区域。\n2.无障碍电梯：\n站厅到站外：A1出入口1部，D出入口1部；\n站厅到站台：站厅中部付费区1部。\n3.第三卫生间：站厅（D出入口通道旁）。\n4.宽闸机：站厅中部客服中心旁。",
        "type": "地铁站无障碍设施",
        "_source": "sz_metro",
        "_osm_type": "node"
      },
      "geometry": {
        "type": "Point",
        "coordinates": [
          113.9443152,
          22.7911953
        ]
      }
    },
    {
      "type": "Feature",
      "properties": {
        "name": "中大站 - 无障碍设施",
        "station": "中大站",
        "line": "6号线支线",
        "facility": "1.盲道：车站公共区域。\n2.无障碍电梯：站厅到站外：B出入口无障碍电梯1部，出入口夹层到站外：C出入口夹层到站外无障碍电梯1部，站厅到出入口夹层：站厅到C出入口夹层无障碍电梯1部，站厅到站台：站厅中部付费区1部。\n3.第三卫生间：站厅（A出入口通道旁）。 \n4.宽闸机：站厅中部客服中心旁。",
        "type": "地铁站无障碍设施",
        "_source": "sz_metro",
        "_osm_type": "node"
      },
      "geometry": {
        "type": "Point",
        "coordinates": [
          113.9484996,
          22.7993363
        ]
      }
    },
    {
      "type": "Feature",
      "properties": {
        "name": "深理工站 - 无障碍设施",
        "station": "深理工站",
        "line": "6号线支线",
        "facility": "1.盲道：车站公共区域。                       \n2.无障碍电梯：站厅到站外：A2出入口1部，C1出入口1部；站厅到站台：站厅中部付费区1部。\n3.第三卫生间：站厅（A出入口通道旁）。     \n4.宽闸机：站厅中部客服中心旁。",
        "type": "地铁站无障碍设施",
        "_source": "sz_metro",
        "_osm_type": "node"
      },
      "geometry": {
        "type": "Point",
        "coordinates": [
          113.9643658,
          22.8097415
        ]
      }
    },
    {
      "type": "Feature",
      "properties": {
        "name": "深大丽湖站 - 无障碍设施",
        "station": "深大丽湖站",
        "line": "7号线",
        "facility": "1.盲道：车站公共区域。\n2.无障碍电梯：站厅到站外：A出入口1部， D出入口1部；站厅到站台：在站厅付费区内中部1部。 \n3.第三卫生间：C出入口通道旁。\n4.母婴室：C出入口通道旁。\n5.宽闸机：站厅靠近C、D口进站闸机，靠近A口出站闸机；",
        "type": "地铁站无障碍设施",
        "_source": "sz_metro",
        "_osm_type": "node"
      },
      "geometry": {
        "type": "Point",
        "coordinates": [
          113.9834192,
          22.595842
        ]
      }
    },
    {
      "type": "Feature",
      "properties": {
        "name": "北大站 - 无障碍设施",
        "station": "北大站",
        "line": "7号线",
        "facility": "1.盲道：车站公共区域。\n2.无障碍电梯：站厅到站外：C出入口1部；站厅到站台：在站厅付费区内中部1部。\n3.第三卫生间：D出入口通道旁。\n4.宽闸机：站厅：靠近D口双向闸机，靠近A1/A2口、C口出站闸机。",
        "type": "地铁站无障碍设施",
        "_source": "sz_metro",
        "_osm_type": "node"
      },
      "geometry": {
        "type": "Point",
        "coordinates": [
          113.9735271,
          22.5968908
        ]
      }
    },
    {
      "type": "Feature",
      "properties": {
        "name": "西丽湖站 - 无障碍设施",
        "station": "西丽湖站",
        "line": "7号线",
        "facility": "1.盲道：车站公共区域。\n2.无障碍电梯：站厅到站外：D出入口电梯1部；站厅到站台：在站厅付费区内中部1部。\n3.无障碍卫生间：D出入口通道无障碍电梯旁。\n4.宽闸机：站厅免费专用通道旁一台。",
        "type": "地铁站无障碍设施",
        "_source": "sz_metro",
        "_osm_type": "node"
      },
      "geometry": {
        "type": "Point",
        "coordinates": [
          113.96054,
          22.5964998
        ]
      }
    },
    {
      "type": "Feature",
      "properties": {
        "name": "西丽站 - 无障碍设施",
        "station": "西丽站",
        "line": "7号线",
        "facility": "1.盲道：车站公共区域（因设计原因、A出入口、B出入口、C出入口、E出入口至站厅进站处无盲道）。\n2.无障碍电梯：站厅到站外：D出入口1部，F出入口1部；站厅到站台：5号线站厅中部付费区往黄贝岭方向1部，5号线站厅中部付费区往赤湾方向1部；7号线站厅中部付费区往7号线站台、赤湾站台尾部垂直电梯2部。\n3.无障碍卫生间：F出入口通道，7号线站台往太安方向尾端，7号线站台往深大丽湖方向头端。                          \n4.宽闸机：5号线站厅近F出入口，5号线站厅B出入口，7号线站厅中部。",
        "type": "地铁站无障碍设施",
        "_source": "sz_metro",
        "_osm_type": "node"
      },
      "geometry": {
        "type": "Point",
        "coordinates": [
          113.9494105,
          22.5836964
        ]
      }
    },
    {
      "type": "Feature",
      "properties": {
        "name": "茶光站 - 无障碍设施",
        "station": "茶光站",
        "line": "7号线",
        "facility": "1.盲道：车站公共区域。\n2.无障碍电梯：站厅到站外：A出入口1部；站厅到站台：站厅付费区内中部1部。\n3.无障碍卫生间：A出口通道旁。\n4.宽闸机：站厅客服中心旁一台。",
        "type": "地铁站无障碍设施",
        "_source": "sz_metro",
        "_osm_type": "node"
      },
      "geometry": {
        "type": "Point",
        "coordinates": [
          113.9494436,
          22.5771019
        ]
      }
    },
    {
      "type": "Feature",
      "properties": {
        "name": "珠光站 - 无障碍设施",
        "station": "珠光站",
        "line": "7号线",
        "facility": "1.盲道：车站公共区域。\n2.无障碍电梯：站厅到站外：D出入口1部。站厅到站台：站厅付费区内中部1部。\n3.无障碍卫生间：D出入口通道。\n4.宽闸机：站厅客服中心旁一台。",
        "type": "地铁站无障碍设施",
        "_source": "sz_metro",
        "_osm_type": "node"
      },
      "geometry": {
        "type": "Point",
        "coordinates": [
          113.9557754,
          22.5713017
        ]
      }
    },
    {
      "type": "Feature",
      "properties": {
        "name": "龙井站 - 无障碍设施",
        "station": "龙井站",
        "line": "7号线",
        "facility": "1.盲道：车站公共区域。\n2.无障碍电梯：站厅到站外：B出入口1部；站厅到站台：站厅付费区内中部。\n3.无障碍卫生间：C出入口通道。\n4.宽闸机：客服中心旁1台。",
        "type": "地铁站无障碍设施",
        "_source": "sz_metro",
        "_osm_type": "node"
      },
      "geometry": {
        "type": "Point",
        "coordinates": [
          113.9697761,
          22.5671739
        ]
      }
    },
    {
      "type": "Feature",
      "properties": {
        "name": "桃源村站 - 无障碍设施",
        "station": "桃源村站",
        "line": "7号线",
        "facility": "1.盲道：车站公共区域。\n2.无障碍电梯：站厅到站外A出入1部，D出入口1部；站厅到站台：站厅付费区内中部1部。\n3.无障碍卫生间：D出入口通道。\n4.宽闸机：站厅免费专用通道旁1台。",
        "type": "地铁站无障碍设施",
        "_source": "sz_metro",
        "_osm_type": "node"
      },
      "geometry": {
        "type": "Point",
        "coordinates": [
          113.9769577,
          22.5628537
        ]
      }
    },
    {
      "type": "Feature",
      "properties": {
        "name": "深云站 - 无障碍设施",
        "station": "深云站",
        "line": "7号线",
        "facility": "1.盲道：车站公共区域。\n2.无障碍电梯：站厅到站外：B出入口无障碍电梯1部；站厅到站台：站厅付费区无障碍电梯2部；站外天桥层到地面层：天桥南侧无障碍电梯1部。\n3.无障碍卫生间：站厅（靠近B出入口）。\n4.宽闸机：站厅近B出入口1台。",
        "type": "地铁站无障碍设施",
        "_source": "sz_metro",
        "_osm_type": "node"
      },
      "geometry": {
        "type": "Point",
        "coordinates": [
          113.9888592,
          22.559407
        ]
      }
    },
    {
      "type": "Feature",
      "properties": {
        "name": "安托山站 - 无障碍设施",
        "station": "安托山站",
        "line": "7号线",
        "facility": "1.盲道：车站公共区域（因设计原因、B出入口通道、D出入口通道、E出入口通道无盲道）。\n2.无障碍电梯：站厅到站外：C出入口1部；站厅到站台：站厅中部付费区到7号线深大丽湖方向站台和2号线站台1部，站厅中部付费区到7号线太安方向站台1部。\n3.无障碍卫生间：A出入口通道内、7号线站台（深大丽湖方向尾端）。\n4.宽闸机：站厅中部、站厅C出入口端。",
        "type": "地铁站无障碍设施",
        "_source": "sz_metro",
        "_osm_type": "node"
      },
      "geometry": {
        "type": "Point",
        "coordinates": [
          114.0012596,
          22.5516507
        ]
      }
    },
    {
      "type": "Feature",
      "properties": {
        "name": "农林站 - 无障碍设施",
        "station": "农林站",
        "line": "7号线",
        "facility": "1.盲道：车站公共区区域\n2.无障碍电梯：站厅到站外：B出入口1部，站厅到站台：站厅中部付费区1部。\n4.无障碍卫生间：站厅（B出入口通道内）。\n5.宽闸机：客服中心旁。",
        "type": "地铁站无障碍设施",
        "_source": "sz_metro",
        "_osm_type": "node"
      },
      "geometry": {
        "type": "Point",
        "coordinates": [
          114.0132044,
          22.5432833
        ]
      }
    },
    {
      "type": "Feature",
      "properties": {
        "name": "车公庙站 - 无障碍设施",
        "station": "车公庙站",
        "line": "7号线",
        "facility": "1.盲道：车站公共区域。\n2.无障碍电梯：站厅到站外：B出入口1部，D1出入口1部，J1出入口1部，J2口出入口1部；站厅到站台：1号线站厅中部付费区1部，7/9号线站厅中部付费区2部，11号线站厅中部付费区1部。\n3.无障碍卫生间：1号线站厅（B出入口通道内）。11号线站台（往碧头方向头端）。7号线站台（往太安方向头端）。9号线站台（往前湾方向头端)。\n4.宽闸机：1号线站厅客服中心旁；1号线站厅近A出入口；11号线站厅近C出入口；11号线站厅近D出入口；7/9号线站厅近F出入口；7/9号线站厅近J出入口。",
        "type": "地铁站无障碍设施",
        "_source": "sz_metro",
        "_osm_type": "node"
      },
      "geometry": {
        "type": "Point",
        "coordinates": [
          114.0226605,
          22.5388378
        ]
      }
    },
    {
      "type": "Feature",
      "properties": {
        "name": "上沙站 - 无障碍设施",
        "station": "上沙站",
        "line": "7号线",
        "facility": "1.盲道：车站公共区域。\n2.无障碍电梯：站厅到站台：无障碍电梯1部在站厅付费区内中部。站厅到站外：D出入口站厅到站外无障碍电梯1部。\n3.无障碍卫生间：站厅（E出入口通道旁）。\n4.宽闸机：站厅中部1台。",
        "type": "地铁站无障碍设施",
        "_source": "sz_metro",
        "_osm_type": "node"
      },
      "geometry": {
        "type": "Point",
        "coordinates": [
          114.0306045,
          22.527363
        ]
      }
    },
    {
      "type": "Feature",
      "properties": {
        "name": "沙尾站 - 无障碍设施",
        "station": "沙尾站",
        "line": "7号线",
        "facility": "1.盲道：车站公共区域。\n2.无障碍电梯：D出入口站厅到站外无障碍电梯1部。无障碍电梯：站厅到站台无障碍电梯1部在站厅付费区内中部。\n3.无障碍卫生间：站厅（D出入口通道）。\n4.宽闸机：站厅中部1台。",
        "type": "地铁站无障碍设施",
        "_source": "sz_metro",
        "_osm_type": "node"
      },
      "geometry": {
        "type": "Point",
        "coordinates": [
          114.0375543,
          22.5234511
        ]
      }
    },
    {
      "type": "Feature",
      "properties": {
        "name": "石厦站 - 无障碍设施",
        "station": "石厦站",
        "line": "7号线",
        "facility": "1.盲道：车站公共区域。\n2.无障碍电梯：站厅到站外：7号线G出入口一部，3号线C出入口一部。站厅到站台：3号线站厅中部付费区1部，7号线站厅中部付费区1部。\n3.无障碍卫生间：3号线站厅（近A出入口），7号线站厅（G出入口通道内）\n4.宽闸机：3号线、7号线客服中心旁。",
        "type": "地铁站无障碍设施",
        "_source": "sz_metro",
        "_osm_type": "node"
      },
      "geometry": {
        "type": "Point",
        "coordinates": [
          114.0485191,
          22.5257882
        ]
      }
    },
    {
      "type": "Feature",
      "properties": {
        "name": "皇岗村站 - 无障碍设施",
        "station": "皇岗村站",
        "line": "7号线",
        "facility": "1.盲道：车站公共区域。\n2.无障碍电梯：站厅到站外：A出入口1部；站厅到站台：站厅中部付费区1部。\n3.无障碍卫生间：站厅（靠近B出入口）。\n4.宽闸机：站厅中部客服中心旁。",
        "type": "地铁站无障碍设施",
        "_source": "sz_metro",
        "_osm_type": "node"
      },
      "geometry": {
        "type": "Point",
        "coordinates": [
          114.0539512,
          22.5258467
        ]
      }
    },
    {
      "type": "Feature",
      "properties": {
        "name": "福民站 - 无障碍设施",
        "station": "福民站",
        "line": "7号线",
        "facility": "1.盲道：车站公共区域。\n2.无障碍电梯：站厅到站外：10号线H出入口1部，10号线K出入口1部，7号线E出入口1部；站厅到站台：10号线站厅中部付费区1部，7号线站厅中部付费区1部。\n3.无障碍卫生间：7号线站台（往太安方向方向尾端）。\n4.第三卫生间：10号线站厅（J出入口通道），10号线站台（往福田口岸方向头端） 。\n5.宽闸机：7号线、10号线站厅中部。",
        "type": "地铁站无障碍设施",
        "_source": "sz_metro",
        "_osm_type": "node"
      },
      "geometry": {
        "type": "Point",
        "coordinates": [
          114.0606395,
          22.5259462
        ]
      }
    },
    {
      "type": "Feature",
      "properties": {
        "name": "皇岗口岸站 - 无障碍设施",
        "station": "皇岗口岸站",
        "line": "7号线",
        "facility": "1.盲道：车站公共区域。\n2.无障碍电梯：站厅到站外：E出入口3部；站厅到站台：站厅中部付费区1部。\n3.无障碍卫生间：E出入口下沉广场。\n4.宽闸机：站厅中部免费专用通道旁。",
        "type": "地铁站无障碍设施",
        "_source": "sz_metro",
        "_osm_type": "node"
      },
      "geometry": {
        "type": "Point",
        "coordinates": [
          114.0690028,
          22.5242384
        ]
      }
    },
    {
      "type": "Feature",
      "properties": {
        "name": "赤尾站 - 无障碍设施",
        "station": "赤尾站",
        "line": "7号线",
        "facility": "1.盲道：车站公共区域。\n2.无障碍电梯：站厅到站外：A出入口1部，D出入口1部；站厅到站台：站厅中部付费区1部。\n3.无障碍卫生间：A出入口通道旁。\n4.宽闸机：站厅中部免费专用通道旁。",
        "type": "地铁站无障碍设施",
        "_source": "sz_metro",
        "_osm_type": "node"
      },
      "geometry": {
        "type": "Point",
        "coordinates": [
          114.0787937,
          22.5345383
        ]
      }
    },
    {
      "type": "Feature",
      "properties": {
        "name": "华强南站 - 无障碍设施",
        "station": "华强南站",
        "line": "7号线",
        "facility": "1.盲道：车站公共区域。\n2.无障碍电梯：站厅到站外：7号线C出入口1部，11号线E出入口1部；站厅到站台：7号线站厅中部付费区1部，11号线站厅中部付费区1部。\n3.无障碍卫生间：7号线站厅（近C出入口）。\n4.第三卫生间：11号线站厅（近F出入口）；11号线站台（往华强南方向头端）。\n5.宽闸机：7号线站厅中部；11号线站厅中部；11号线站厅近B出入口；11号线站厅近E出入口。",
        "type": "地铁站无障碍设施",
        "_source": "sz_metro",
        "_osm_type": "node"
      },
      "geometry": {
        "type": "Point",
        "coordinates": [
          114.0829812,
          22.5407047
        ]
      }
    },
    {
      "type": "Feature",
      "properties": {
        "name": "华强北站 - 无障碍设施",
        "station": "华强北站",
        "line": "7号线",
        "facility": "1.盲道：车站公共区域。\n2.无障碍电梯：站厅到站外：A出入口1部，D2出入口1部；站厅到站台：站厅中部付费区2号线1部，站厅中部付费区7号线1部。\n3.宽闸机：2号线站厅近A出入口，2号线站厅近B出入口，7号线站厅中部。",
        "type": "地铁站无障碍设施",
        "_source": "sz_metro",
        "_osm_type": "node"
      },
      "geometry": {
        "type": "Point",
        "coordinates": [
          114.0816792,
          22.5456566
        ]
      }
    },
    {
      "type": "Feature",
      "properties": {
        "name": "黄木岗站 - 无障碍设施",
        "station": "黄木岗站",
        "line": "7号线",
        "facility": "1.盲道：车站公共区域。\n2.无障碍电梯：站厅到站外：1号出入口1部，2号出入口1部，3号出入口1部，4号出入口1部，5号出入口1部，6A出入口1部，8A出入口1部，8B出入口1部，9A出入口1部，9B出入口1部，10号出入口1部，11号出入口1部，12B出入口1部，13号出入口1部，14号出入口1部，15号出入口1部；负三层站台往负二层站台：负三层站台中部2部，负三层站台两端各1部；负二层站台往站厅：负二层站台两端非付费区各1部。\n3.无障碍卫生间：负三层站台（7号线往深大丽湖方向站台尾端），10号出入口旁。\n4.第三卫生间：1号出入口旁，5号出入口旁，8A出入口旁，13号出入口往14号出入口通道旁，负二层站台（14号线往沙田方向站台尾端），负三层站台（14号线往岗厦北方向站台头端）。\n5.宽闸机：负二层站台两端客服中心旁，负三层站台两端客服中心旁。",
        "type": "地铁站无障碍设施",
        "_source": "sz_metro",
        "_osm_type": "node"
      },
      "geometry": {
        "type": "Point",
        "coordinates": [
          114.0821888,
          22.5585802
        ]
      }
    },
    {
      "type": "Feature",
      "properties": {
        "name": "八卦岭站 - 无障碍设施",
        "station": "八卦岭站",
        "line": "7号线",
        "facility": "1.盲道：车站公共区域。 \n2.无障碍电梯：站厅到站外：7号线D出入口1部，6号线E出入口1部，6号线G1出入口1部；站厅到站台：7号线站厅中部付费区1部，6号线站厅中部付费区1部。 \n3.无障碍卫生间：7号线站厅（B出入口旁）、6号线站厅（E出入口通道内）、7号线站台（太安方向头端）、6号线站台（科学馆方向尾端）。\n4.宽闸机：7号线客服中心旁、6号线客服中心旁。",
        "type": "地铁站无障碍设施",
        "_source": "sz_metro",
        "_osm_type": "node"
      },
      "geometry": {
        "type": "Point",
        "coordinates": [
          114.0900008,
          22.5645218
        ]
      }
    },
    {
      "type": "Feature",
      "properties": {
        "name": "红岭北站 - 无障碍设施",
        "station": "红岭北站",
        "line": "7号线",
        "facility": "1.盲道：车站公共区域。\n2.无障碍电梯：站厅到站外：B出入口1部；站厅到站台：站厅付费区内中部2部。\n3.无障碍卫生间：站厅（A、B出入口通道之间)；7号线站台(往太安方向头端）。\n4.宽闸机：靠近D出入口客服中心旁；靠近J出入口客服中心旁。",
        "type": "地铁站无障碍设施",
        "_source": "sz_metro",
        "_osm_type": "node"
      },
      "geometry": {
        "type": "Point",
        "coordinates": [
          114.0994515,
          22.5646871
        ]
      }
    },
    {
      "type": "Feature",
      "properties": {
        "name": "笋岗站 - 无障碍设施",
        "station": "笋岗站",
        "line": "7号线",
        "facility": "1.盲道：车站公共区域。\n2.无障碍电梯：站厅到站外：A出入口1部；站厅到站台：站厅中部付费区1部。\n3.无障碍卫生间：站厅（E出入口旁）。\n4.宽闸机：站厅客服中心旁。",
        "type": "地铁站无障碍设施",
        "_source": "sz_metro",
        "_osm_type": "node"
      },
      "geometry": {
        "type": "Point",
        "coordinates": [
          114.1058553,
          22.5658661
        ]
      }
    },
    {
      "type": "Feature",
      "properties": {
        "name": "太安站 - 无障碍设施",
        "station": "太安站",
        "line": "7号线",
        "facility": "1.盲道：车站公共区域（因设计原因、A出入口、D出入口、E出入口至站厅进站处无盲道）。\n2.无障碍电梯：B出入口站厅到站外垂直电梯1部。\n3.无障碍电梯：站厅到站台垂直电梯1部在站厅付费区内中部。\n4.无障碍卫生间：C出入口通道。\n5.宽闸机：站厅中部。",
        "type": "地铁站无障碍设施",
        "_source": "sz_metro",
        "_osm_type": "node"
      },
      "geometry": {
        "type": "Point",
        "coordinates": [
          114.1322063,
          22.576969
        ]
      }
    },
    {
      "type": "Feature",
      "properties": {
        "name": "前湾站 - 无障碍设施",
        "station": "前湾站",
        "line": "9号线",
        "facility": "1.盲道：车站公共区域。                  \n2.无障碍电梯：站厅到站外：B出入口1部。站厅到站台：5号线站厅中部付费区1部，9号线站厅中部付费区1部。                              \n3.无障碍卫生间：5号线往赤湾方向头端站台，B出入口出站闸机旁。                                                \n4.宽闸机：5号线站厅中部。\n5.宽闸机：9号线站厅中部。",
        "type": "地铁站无障碍设施",
        "_source": "sz_metro",
        "_osm_type": "node"
      },
      "geometry": {
        "type": "Point",
        "coordinates": [
          113.8906677,
          22.5248447
        ]
      }
    },
    {
      "type": "Feature",
      "properties": {
        "name": "梦海站 - 无障碍设施",
        "station": "梦海站",
        "line": "9号线",
        "facility": "1.盲道：车站公共区域。\n2.无障碍电梯：站厅到站台垂直电梯1部、在站厅付费区内中部。\n3.无障碍电梯：C出入口站厅到站外垂直电梯1部。\n4.无障碍卫生间：D出入口物业通道。\n5.宽闸机：站厅中部。",
        "type": "地铁站无障碍设施",
        "_source": "sz_metro",
        "_osm_type": "node"
      },
      "geometry": {
        "type": "Point",
        "coordinates": [
          113.8937975,
          22.5221008
        ]
      }
    },
    {
      "type": "Feature",
      "properties": {
        "name": "怡海站 - 无障碍设施",
        "station": "怡海站",
        "line": "9号线",
        "facility": "1.盲道：车站公共区域。\n2.无障碍电梯：站厅到站外：A出入口1部；站厅到站台：站厅中部付费区1部。\n3.无障碍卫生间：站厅（C出入口通道内）。\n4.宽闸机：站厅中部。",
        "type": "地铁站无障碍设施",
        "_source": "sz_metro",
        "_osm_type": "node"
      },
      "geometry": {
        "type": "Point",
        "coordinates": [
          113.8980481,
          22.5186357
        ]
      }
    },
    {
      "type": "Feature",
      "properties": {
        "name": "荔林站 - 无障碍设施",
        "station": "荔林站",
        "line": "9号线",
        "facility": "1.盲道：车站公共区域。\n2.无障碍电梯：站厅到站外：B1出入口1部，C出入口1部，D出入口1部；站厅到站台：站厅中部付费区1部。\n3.无障碍卫生间：站厅（E出入口通道）。\n4.宽闸机：站厅中部。",
        "type": "地铁站无障碍设施",
        "_source": "sz_metro",
        "_osm_type": "node"
      },
      "geometry": {
        "type": "Point",
        "coordinates": [
          113.9084735,
          22.5148217
        ]
      }
    },
    {
      "type": "Feature",
      "properties": {
        "name": "南油西站 - 无障碍设施",
        "station": "南油西站",
        "line": "9号线",
        "facility": "1.盲道：车站公共区域。\n2.无障碍电梯：站厅到站外：A出入口1部、C出入口1部；站厅到站台：站厅中部付费区1部。\n3.无障碍卫生间：站厅（D出入口通道内）。\n4.宽闸机：站厅中部。",
        "type": "地铁站无障碍设施",
        "_source": "sz_metro",
        "_osm_type": "node"
      },
      "geometry": {
        "type": "Point",
        "coordinates": [
          113.9134979,
          22.5123465
        ]
      }
    },
    {
      "type": "Feature",
      "properties": {
        "name": "南油站 - 无障碍设施",
        "station": "南油站",
        "line": "9号线",
        "facility": "1.盲道：车站公共区域。\n2.无障碍电梯：站厅到站外：A出入口1部，F1出入口1部；站厅到站台：站厅中部付费区2部。\n3.无障碍卫生间：9号线站台（往文锦方向头端）。\n4.第三卫生间：站厅（近E出入口）。\n5.宽闸机：客服中心2旁。",
        "type": "地铁站无障碍设施",
        "_source": "sz_metro",
        "_osm_type": "node"
      },
      "geometry": {
        "type": "Point",
        "coordinates": [
          113.9212265,
          22.5135563
        ]
      }
    },
    {
      "type": "Feature",
      "properties": {
        "name": "南山书城站 - 无障碍设施",
        "station": "南山书城站",
        "line": "9号线",
        "facility": "1.盲道：车站公共区域。\n2.无障碍电梯：站厅到站台1部，在站厅付费区内中部；站厅到站外1部：在B出入口通道。\n3.无障碍卫生间：在E出入口通道。\n4.宽闸机：站厅中部。",
        "type": "地铁站无障碍设施",
        "_source": "sz_metro",
        "_osm_type": "node"
      },
      "geometry": {
        "type": "Point",
        "coordinates": [
          113.9235746,
          22.5214793
        ]
      }
    },
    {
      "type": "Feature",
      "properties": {
        "name": "深大南站 - 无障碍设施",
        "station": "深大南站",
        "line": "9号线",
        "facility": "1.盲道：车站公共区域。\n2.无障碍电梯：站厅到站台1部，在站厅付费区内中部；站厅到站外1部，在B出入口通道。\n3.无障碍卫生间：A出入口通道。\n4.宽闸机：站厅中部。",
        "type": "地铁站无障碍设施",
        "_source": "sz_metro",
        "_osm_type": "node"
      },
      "geometry": {
        "type": "Point",
        "coordinates": [
          113.9310244,
          22.5290519
        ]
      }
    },
    {
      "type": "Feature",
      "properties": {
        "name": "粤海门站 - 无障碍设施",
        "station": "粤海门站",
        "line": "9号线",
        "facility": "1.盲道：车站公共区域。\n2.无障碍电梯：站厅到站外1部，在A出入口通道；站台到站厅1部，在站厅中部付费区内。\n3.无障碍卫生间：站厅A出入口通道。\n4.宽闸机：站厅中部。",
        "type": "地铁站无障碍设施",
        "_source": "sz_metro",
        "_osm_type": "node"
      },
      "geometry": {
        "type": "Point",
        "coordinates": [
          113.9407687,
          22.535709
        ]
      }
    },
    {
      "type": "Feature",
      "properties": {
        "name": "高新南站 - 无障碍设施",
        "station": "高新南站",
        "line": "9号线",
        "facility": "1.盲道：车站公共区域。\n2.无障碍电梯：站厅到站台1部，在站厅付费区内中部；站厅到站外1部，在D出入口通道。\n3.无障碍卫生间：站厅C出入口通道。\n4.宽闸机：站厅中部免费专用通道旁。",
        "type": "地铁站无障碍设施",
        "_source": "sz_metro",
        "_osm_type": "node"
      },
      "geometry": {
        "type": "Point",
        "coordinates": [
          113.9464973,
          22.5357515
        ]
      }
    },
    {
      "type": "Feature",
      "properties": {
        "name": "红树湾南站 - 无障碍设施",
        "station": "红树湾南站",
        "line": "9号线",
        "facility": "1.盲道：车站公共区域。\n2.无障碍电梯：站厅付费区内中部，从站厅至站台2部；B出入口通道，从站厅至站外1部。\n3.无障碍卫生间：站厅A出入口通道内，站台9号线文锦方向头端处。\n4.宽闸机：站厅中部。",
        "type": "地铁站无障碍设施",
        "_source": "sz_metro",
        "_osm_type": "node"
      },
      "geometry": {
        "type": "Point",
        "coordinates": [
          113.9664581,
          22.526104
        ]
      }
    },
    {
      "type": "Feature",
      "properties": {
        "name": "深湾站 - 无障碍设施",
        "station": "深湾站",
        "line": "9号线",
        "facility": "1.盲道：车站公共区域。\n2.无障碍电梯：站厅到站外：B出入口1部；站厅到站台：站厅中部付费区1部。\n3.无障碍卫生间：站厅（B出入口通道内）。\n4.宽闸机：站厅中部。",
        "type": "地铁站无障碍设施",
        "_source": "sz_metro",
        "_osm_type": "node"
      },
      "geometry": {
        "type": "Point",
        "coordinates": [
          113.9736703,
          22.5260191
        ]
      }
    },
    {
      "type": "Feature",
      "properties": {
        "name": "深圳湾公园站 - 无障碍设施",
        "station": "深圳湾公园站",
        "line": "9号线",
        "facility": "1.盲道：车站公共区域。\n2.无障碍电梯：站厅到站外：A出入口1部，D1出入口1部，D2出入口一部；站厅到站台：站厅中部付费区。\n3.无障碍卫生间：E出入口通道，A出入口通道。\n4.宽闸机：站厅中部，E出入口旁，D出入口通道旁。",
        "type": "地铁站无障碍设施",
        "_source": "sz_metro",
        "_osm_type": "node"
      },
      "geometry": {
        "type": "Point",
        "coordinates": [
          113.9879978,
          22.5244887
        ]
      }
    },
    {
      "type": "Feature",
      "properties": {
        "name": "下沙站 - 无障碍设施",
        "station": "下沙站",
        "line": "9号线",
        "facility": "1.盲道：车站公共区域。\n2.无障碍电梯：站厅到站外：B出入口1部，C出入口1部；站厅到站台：站厅中部付费区1部\n3.无障碍卫生间：站厅（站厅C出入口）旁。\n4.宽闸机：站厅中部。",
        "type": "地铁站无障碍设施",
        "_source": "sz_metro",
        "_osm_type": "node"
      },
      "geometry": {
        "type": "Point",
        "coordinates": [
          114.0186343,
          22.5316545
        ]
      }
    },
    {
      "type": "Feature",
      "properties": {
        "name": "车公庙站 - 无障碍设施",
        "station": "车公庙站",
        "line": "9号线",
        "facility": "1.盲道：车站公共区域。\n2.无障碍电梯：站厅到站外：B出入口1部，D1出入口1部，J1出入口1部，J2口出入口1部；站厅到站台：1号线站厅中部付费区1部，7/9号线站厅中部付费区2部，11号线站厅中部付费区1部。\n3.无障碍卫生间：1号线站厅（B出入口通道内）。11号线站台（往碧头方向头端）。7号线站台（往太安方向头端）。9号线站台（往前湾方向头端)。\n4.宽闸机：1号线站厅客服中心旁；1号线站厅近A出入口；11号线站厅近C出入口；11号线站厅近D出入口；7/9号线站厅近F出入口；7/9号线站厅近J出入口。",
        "type": "地铁站无障碍设施",
        "_source": "sz_metro",
        "_osm_type": "node"
      },
      "geometry": {
        "type": "Point",
        "coordinates": [
          114.0226605,
          22.5388378
        ]
      }
    },
    {
      "type": "Feature",
      "properties": {
        "name": "香梅站 - 无障碍设施",
        "station": "香梅站",
        "line": "9号线",
        "facility": "1.盲道：车站公共区域。\n2.无障碍电梯：站厅到站台垂直电梯1部：站厅付费区内中部；站厅到站外垂直电梯1部：B出入口。\n3.无障碍卫生间：站厅D出入口处。\n4.宽闸机：站厅中部。",
        "type": "地铁站无障碍设施",
        "_source": "sz_metro",
        "_osm_type": "node"
      },
      "geometry": {
        "type": "Point",
        "coordinates": [
          114.0342936,
          22.5482775
        ]
      }
    },
    {
      "type": "Feature",
      "properties": {
        "name": "景田站 - 无障碍设施",
        "station": "景田站",
        "line": "9号线",
        "facility": "1.盲道：车站公共区域。\n2.无障碍电梯：站厅到站外：A出入口1部，D出入口1部；站厅到站台：站厅付费区到8号线溪涌方向站台和9号线站台1部，站厅付费区到2号线赤湾方向站台和9号线站台1部。\n3.无障碍卫生间：D出入口通道内、9号线站台（往前湾方向头端）。\n4.宽闸机：站厅C出入口端、站厅E出入口端。",
        "type": "地铁站无障碍设施",
        "_source": "sz_metro",
        "_osm_type": "node"
      },
      "geometry": {
        "type": "Point",
        "coordinates": [
          114.0385546,
          22.5561853
        ]
      }
    },
    {
      "type": "Feature",
      "properties": {
        "name": "梅景站 - 无障碍设施",
        "station": "梅景站",
        "line": "9号线",
        "facility": "1.盲道：车站公共区域。\n2.无障碍电梯：站厅到站外：A1出入口1部，A2出入口1部；站厅到站台：站厅中部付费区1部。\n3.无障碍卫生间：站厅（近A出入口）。\n4.宽闸机：站厅中部。",
        "type": "地铁站无障碍设施",
        "_source": "sz_metro",
        "_osm_type": "node"
      },
      "geometry": {
        "type": "Point",
        "coordinates": [
          114.0329297,
          22.5635951
        ]
      }
    },
    {
      "type": "Feature",
      "properties": {
        "name": "下梅林站 - 无障碍设施",
        "station": "下梅林站",
        "line": "9号线",
        "facility": "1.盲道：车站公共区域。\n2.无障碍电梯：站厅到站外：D出入口1部；站厅到站台：站厅中部付费区1部。\n3.无障碍卫生间：站厅（B出入口通道内）。\n4.宽闸机：站厅中部。",
        "type": "地铁站无障碍设施",
        "_source": "sz_metro",
        "_osm_type": "node"
      },
      "geometry": {
        "type": "Point",
        "coordinates": [
          114.036884,
          22.5684708
        ]
      }
    },
    {
      "type": "Feature",
      "properties": {
        "name": "梅村站 - 无障碍设施",
        "station": "梅村站",
        "line": "9号线",
        "facility": "1.盲道：E出入口、C1出入口、C2出入口、站厅、站台。\n2.无障碍电梯：站厅到站外：E出入口1部；站厅到站台：站厅中部付费区1部。\n3.无障碍卫生间：E出入口通道内。\n4.宽闸机：站厅中部。",
        "type": "地铁站无障碍设施",
        "_source": "sz_metro",
        "_osm_type": "node"
      },
      "geometry": {
        "type": "Point",
        "coordinates": [
          114.0471738,
          22.5711785
        ]
      }
    },
    {
      "type": "Feature",
      "properties": {
        "name": "上梅林站 - 无障碍设施",
        "station": "上梅林站",
        "line": "9号线",
        "facility": "1.盲道：车站公共区域。\n2.无障碍电梯：站厅到站外：近J2出入口1部；站厅到站台：站厅往9号线前湾方向付费区头端1部。\n3.无障碍洗手间：站厅（近J1出入口），9号线站台（往前湾方向头端）\n4.宽闸机：近G出入口旁。近L出入口旁。\n5.母婴室：站厅近J1出入口旁。\n6.4、9号线站厅换乘通道。\n7.盲文地图：H出入口、J1出入口、E出入口、G出入口、站厅付费区垂梯旁。",
        "type": "地铁站无障碍设施",
        "_source": "sz_metro",
        "_osm_type": "node"
      },
      "geometry": {
        "type": "Point",
        "coordinates": [
          114.0543521,
          22.573058
        ]
      }
    },
    {
      "type": "Feature",
      "properties": {
        "name": "孖岭站 - 无障碍设施",
        "station": "孖岭站",
        "line": "9号线",
        "facility": "1.盲道：车站公共区域。\n2.无障碍电梯：站厅到站外：10号线A1出入口3部，10号线A2出入口1部，9号线C出入口1部；站厅到物业夹层：10号线E通道1部；站厅到站台：9号线站厅付费区中部1部，10号线站厅付费区中部1部；付费区至换乘通道：10号线付费区2部。                   \n3.无障碍卫生间：10号线站厅A端非付费区，9号线C出入口旁。\n4.宽闸机：9号线站厅中部，10号线站厅中部。",
        "type": "地铁站无障碍设施",
        "_source": "sz_metro",
        "_osm_type": "node"
      },
      "geometry": {
        "type": "Point",
        "coordinates": [
          114.0631448,
          22.5711352
        ]
      }
    },
    {
      "type": "Feature",
      "properties": {
        "name": "银湖站 - 无障碍设施",
        "station": "银湖站",
        "line": "9号线",
        "facility": "1.盲道：车站公共区域。\n2.无障碍电梯：站厅到站外：近B出入口1部；站厅到站台：站厅往文锦方向付费区头端1部。\n3.无障碍卫生间：站厅（近B出入口）；6号线站台（往科学馆方向尾端）。\n4.宽闸机：站厅中部客服中心旁；站厅无障碍电梯前方。",
        "type": "地铁站无障碍设施",
        "_source": "sz_metro",
        "_osm_type": "node"
      },
      "geometry": {
        "type": "Point",
        "coordinates": [
          114.0843467,
          22.5714073
        ]
      }
    },
    {
      "type": "Feature",
      "properties": {
        "name": "泥岗站 - 无障碍设施",
        "station": "泥岗站",
        "line": "9号线",
        "facility": "1.盲道：车站公共区域。\n2.无障碍电梯：站厅到站外：A出入口1部；站厅到站台：站厅中部付费区1部。\n3.无障碍卫生间：站厅（近A出入口）。\n4.宽闸机：站厅中部。",
        "type": "地铁站无障碍设施",
        "_source": "sz_metro",
        "_osm_type": "node"
      },
      "geometry": {
        "type": "Point",
        "coordinates": [
          114.0920496,
          22.5702261
        ]
      }
    },
    {
      "type": "Feature",
      "properties": {
        "name": "红岭北站 - 无障碍设施",
        "station": "红岭北站",
        "line": "9号线",
        "facility": "1.盲道：车站公共区域。\n2.无障碍电梯：站厅到站外：B出入口1部；站厅到站台：站厅付费区内中部2部。\n3.无障碍卫生间：站厅（A、B出入口通道之间)；7号线站台(往太安方向头端）。\n4.宽闸机：靠近D出入口客服中心旁；靠近J出入口客服中心旁。",
        "type": "地铁站无障碍设施",
        "_source": "sz_metro",
        "_osm_type": "node"
      },
      "geometry": {
        "type": "Point",
        "coordinates": [
          114.0994515,
          22.5646871
        ]
      }
    },
    {
      "type": "Feature",
      "properties": {
        "name": "园岭站 - 无障碍设施",
        "station": "园岭站",
        "line": "9号线",
        "facility": "1.盲道：车站公共区域。\n2.无障碍电梯：站厅到站外：A出入口1部，C出入口1部；站厅到站台：站厅中部付费区1部。\n3.无障碍卫生间：站厅（近C出入口）。\n4.宽闸机：客服中心旁。",
        "type": "地铁站无障碍设施",
        "_source": "sz_metro",
        "_osm_type": "node"
      },
      "geometry": {
        "type": "Point",
        "coordinates": [
          114.0994748,
          22.5588156
        ]
      }
    },
    {
      "type": "Feature",
      "properties": {
        "name": "红岭站 - 无障碍设施",
        "station": "红岭站",
        "line": "9号线",
        "facility": "1.盲道：车站公共区域。\n2.无障碍电梯：站厅到站外：B出入口1部；站厅到站台：站厅中部付费区1部。\n3.无障碍卫生间：站厅B出入口通道内。\n4.宽闸机：9号线站厅中部客服中心旁、C1口客服中心旁。",
        "type": "地铁站无障碍设施",
        "_source": "sz_metro",
        "_osm_type": "node"
      },
      "geometry": {
        "type": "Point",
        "coordinates": [
          114.0991765,
          22.5517084
        ]
      }
    },
    {
      "type": "Feature",
      "properties": {
        "name": "红岭南站 - 无障碍设施",
        "station": "红岭南站",
        "line": "9号线",
        "facility": "1.盲道：车站公共区域（9号线）（11号线）。\n2.无障碍电梯：站厅到站外：D出入口1部；站厅到站台：站厅中部付费区1部（9号线）。\n站厅到站外：G出入口1部，E出入口1部；站厅到站台：站厅中部付费区1部（11号线）。\n3.无障碍卫生间：站厅D出入口通道（9号线）。站厅G出入口通道（11号线）\n4.宽闸机：客服中心旁（9号线）（11号线）。",
        "type": "地铁站无障碍设施",
        "_source": "sz_metro",
        "_osm_type": "node"
      },
      "geometry": {
        "type": "Point",
        "coordinates": [
          114.1009321,
          22.5411579
        ]
      }
    },
    {
      "type": "Feature",
      "properties": {
        "name": "鹿丹村站 - 无障碍设施",
        "station": "鹿丹村站",
        "line": "9号线",
        "facility": "1.盲道：车站公共区域。\n2.无障碍电梯：站外到站厅：D出入口1部，A2出入口1部。站厅到站台：站厅中部付费区1部。\n3.无障碍卫生间：站厅（近C出入口）。\n4.宽闸机：客服中心旁。",
        "type": "地铁站无障碍设施",
        "_source": "sz_metro",
        "_osm_type": "node"
      },
      "geometry": {
        "type": "Point",
        "coordinates": [
          114.1038014,
          22.5383111
        ]
      }
    },
    {
      "type": "Feature",
      "properties": {
        "name": "人民南站 - 无障碍设施",
        "station": "人民南站",
        "line": "9号线",
        "facility": "1.盲道：车站公共区域。\n2.无障碍电梯：站厅到站外：C出入口1部；站厅到站台：站厅中部付费区1部。\n3.无障碍卫生间：站厅（A出入口通道内）。\n4.宽闸机：站厅中部。",
        "type": "地铁站无障碍设施",
        "_source": "sz_metro",
        "_osm_type": "node"
      },
      "geometry": {
        "type": "Point",
        "coordinates": [
          114.1131281,
          22.5380996
        ]
      }
    },
    {
      "type": "Feature",
      "properties": {
        "name": "向西村站 - 无障碍设施",
        "station": "向西村站",
        "line": "9号线",
        "facility": "1.盲道：车站公共区域。\n2.无障碍电梯：站厅到站外：B出入口1部。站厅到站台：站厅中部付费区1部。\n3.无障碍卫生间：B出入口通道。\n4.宽闸机：站厅靠近C口。",
        "type": "地铁站无障碍设施",
        "_source": "sz_metro",
        "_osm_type": "node"
      },
      "geometry": {
        "type": "Point",
        "coordinates": [
          114.1206023,
          22.5425522
        ]
      }
    },
    {
      "type": "Feature",
      "properties": {
        "name": "文锦站 - 无障碍设施",
        "station": "文锦站",
        "line": "9号线",
        "facility": "1.盲道：车站公共区域。\n2.无障碍电梯：站厅到站外：C出入口1部；站厅到站台：站厅中部付费区1部。\n3.无障碍卫生间：C出入口通道。\n4.宽闸机：客服中心旁。",
        "type": "地铁站无障碍设施",
        "_source": "sz_metro",
        "_osm_type": "node"
      },
      "geometry": {
        "type": "Point",
        "coordinates": [
          114.1259145,
          22.5450815
        ]
      }
    },
    {
      "type": "Feature",
      "properties": {
        "name": "福田口岸站 - 无障碍设施",
        "station": "福田口岸站",
        "line": "10号线",
        "facility": "1.盲道：车站公共区域。                       \n2.无障碍电梯：站厅到站外：D1出入口1部，E出入口1部，C出入口1部；站厅到站台：站厅中部付费区1部。\n3.第三方卫生间：站厅（D出入口通道内），10号线站台（往双拥街方向尾端）。          \n4.宽闸机：站厅中部。",
        "type": "地铁站无障碍设施",
        "_source": "sz_metro",
        "_osm_type": "node"
      },
      "geometry": {
        "type": "Point",
        "coordinates": [
          114.0627302,
          22.5179435
        ]
      }
    },
    {
      "type": "Feature",
      "properties": {
        "name": "福民站 - 无障碍设施",
        "station": "福民站",
        "line": "10号线",
        "facility": "1.盲道：车站公共区域。\n2.无障碍电梯：站厅到站外：10号线H出入口1部，10号线K出入口1部，7号线E出入口1部；站厅到站台：10号线站厅中部付费区1部，7号线站厅中部付费区1部。\n3.无障碍卫生间：7号线站台（往太安方向方向尾端）。\n4.第三卫生间：10号线站厅（J出入口通道），10号线站台（往福田口岸方向头端） 。\n5.宽闸机：7号线、10号线站厅中部。",
        "type": "地铁站无障碍设施",
        "_source": "sz_metro",
        "_osm_type": "node"
      },
      "geometry": {
        "type": "Point",
        "coordinates": [
          114.0606395,
          22.5259462
        ]
      }
    },
    {
      "type": "Feature",
      "properties": {
        "name": "岗厦站 - 无障碍设施",
        "station": "岗厦站",
        "line": "10号线",
        "facility": "1.盲道：车站公共区域。                       \n2.无障碍电梯：站厅到站外：10号线D出入口1部，10号线E出入口1部，1号线G出入口1部；站厅到站台：1号线站厅中部付费区1部，10号线站厅中部付费区1部。\n3.无障碍卫生间：1号线站厅（G出入口通道内）。                                    \n4.第三卫生间：10号线站台（福田口岸方向头端）。     \n5.宽闸机：1号线、10号线客服中心旁。",
        "type": "地铁站无障碍设施",
        "_source": "sz_metro",
        "_osm_type": "node"
      },
      "geometry": {
        "type": "Point",
        "coordinates": [
          114.0629464,
          22.5375885
        ]
      }
    },
    {
      "type": "Feature",
      "properties": {
        "name": "岗厦北站 - 无障碍设施",
        "station": "岗厦北站",
        "line": "10号线",
        "facility": "1.盲道：车站公共区域。\n2.无障碍电梯：站厅到站外：1出入口1部，7出入口1部，12出入口1部，16出入口1部，19出入口1部；站厅到站台：11/14号线站厅中部付费区4部，2号线站厅站厅中部付费区1部，14号线换乘通道至站厅1部。\n3.无障碍卫生间：10号线站台（往福田口岸方向头端）；10号线站台（往双拥街方向尾端）；16号出入口。\n4.第三卫生间：站厅（近7号出入口）；站厅（近19号出入口）；2&8号线换乘通道（近19号口）。\n5.宽闸机：1出入口旁；12出入口旁；7出入口旁；18出入口旁；2号线站厅中部。",
        "type": "地铁站无障碍设施",
        "_source": "sz_metro",
        "_osm_type": "node"
      },
      "geometry": {
        "type": "Point",
        "coordinates": [
          114.0628443,
          22.5427932
        ]
      }
    },
    {
      "type": "Feature",
      "properties": {
        "name": "莲花村站 - 无障碍设施",
        "station": "莲花村站",
        "line": "10号线",
        "facility": "1.盲道：车站公共区域。\n2.无障碍电梯：站厅到站外：3号线A1出入口1部，10号线C2出入口1部，10号线E出入口1部；站厅到站台：3号线站厅中部付费区1部，10号线站厅中部付费区1部。\n3.无障碍卫生间：3号线站厅（A1出入口通道内）、10号线站厅（E出入口通道旁）、10号线站台（双拥街方向头端）。\n4.宽闸机：3号线客服中心旁、10号线站厅中部客服中心旁。",
        "type": "地铁站无障碍设施",
        "_source": "sz_metro",
        "_osm_type": "node"
      },
      "geometry": {
        "type": "Point",
        "coordinates": [
          114.0626684,
          22.5513659
        ]
      }
    },
    {
      "type": "Feature",
      "properties": {
        "name": "冬瓜岭站 - 无障碍设施",
        "station": "冬瓜岭站",
        "line": "10号线",
        "facility": "1.盲道：车站公共区域。\n2.无障碍电梯：站厅到站外：A出入口1部，C出入口1部，E出入口1部；站厅到站台：站厅中部付费区2部。\n3.无障碍卫生间：站厅（C出入口通道内）。\n4.宽闸机：A出入口通道旁。",
        "type": "地铁站无障碍设施",
        "_source": "sz_metro",
        "_osm_type": "node"
      },
      "geometry": {
        "type": "Point",
        "coordinates": [
          114.0624693,
          22.5635058
        ]
      }
    },
    {
      "type": "Feature",
      "properties": {
        "name": "孖岭站 - 无障碍设施",
        "station": "孖岭站",
        "line": "10号线",
        "facility": "1.盲道：车站公共区域。\n2.无障碍电梯：站厅到站外：10号线A1出入口3部，10号线A2出入口1部，9号线C出入口1部；站厅到物业夹层：10号线E通道1部；站厅到站台：9号线站厅付费区中部1部，10号线站厅付费区中部1部；付费区至换乘通道：10号线付费区2部。                   \n3.无障碍卫生间：10号线站厅A端非付费区，9号线C出入口旁。\n4.宽闸机：9号线站厅中部，10号线站厅中部。",
        "type": "地铁站无障碍设施",
        "_source": "sz_metro",
        "_osm_type": "node"
      },
      "geometry": {
        "type": "Point",
        "coordinates": [
          114.0631448,
          22.5711352
        ]
      }
    },
    {
      "type": "Feature",
      "properties": {
        "name": "雅宝站 - 无障碍设施",
        "station": "雅宝站",
        "line": "10号线",
        "facility": "1.盲道：车站公共区域。\n2.无障碍电梯：站厅至站外：E1出入口1部，E2出入口1部；站厅到夹层：A、E出口侧出站闸机旁；站厅至站台：站厅中部付费区1部。\n3.无障碍卫生间：C出入口通道。\n4.宽闸机：站厅中部。",
        "type": "地铁站无障碍设施",
        "_source": "sz_metro",
        "_osm_type": "node"
      },
      "geometry": {
        "type": "Point",
        "coordinates": [
          114.0551348,
          22.6062604
        ]
      }
    },
    {
      "type": "Feature",
      "properties": {
        "name": "南坑站 - 无障碍设施",
        "station": "南坑站",
        "line": "10号线",
        "facility": "1.盲道：车站公共区域。\n2.无障碍电梯：站厅至站外：B出入口1部，C出入口1部；站厅至站台：站厅中部付费区1部。\n3.无障碍卫生间：C出入口旁。\n4.宽闸机：站厅中部。",
        "type": "地铁站无障碍设施",
        "_source": "sz_metro",
        "_osm_type": "node"
      },
      "geometry": {
        "type": "Point",
        "coordinates": [
          114.0554796,
          22.6139872
        ]
      }
    },
    {
      "type": "Feature",
      "properties": {
        "name": "光雅园站 - 无障碍设施",
        "station": "光雅园站",
        "line": "10号线",
        "facility": "1.盲道：车站公共区域。\n2.无障碍电梯：站厅至站外：B出入口1部，C出入口1部；站厅到站台：站厅中部付费区1部。\n3.无障碍卫生间：D出入口通道。                        \n4.宽闸机：站厅中部。",
        "type": "地铁站无障碍设施",
        "_source": "sz_metro",
        "_osm_type": "node"
      },
      "geometry": {
        "type": "Point",
        "coordinates": [
          114.0557217,
          22.6191375
        ]
      }
    },
    {
      "type": "Feature",
      "properties": {
        "name": "五和站 - 无障碍设施",
        "station": "五和站",
        "line": "10号线",
        "facility": "1.盲道：车站公共区域。\n2.无障碍电梯：站厅到站外：A出入口1部，D1出入口1部，H出入口1部；站厅到站台：5号线站厅中部付费区1部，10号线站厅中部付费区1部。\n3.无障碍卫生间：A出入口通道内。\n4.第三卫生间：10号线站台（往福田口岸头端）。                          \n5.宽闸机：5号线站厅B出入口旁，5号线站厅客服中心旁，10号线站厅客服中心旁。\n6.母婴室：10号线站厅近H出入口。",
        "type": "地铁站无障碍设施",
        "_source": "sz_metro",
        "_osm_type": "node"
      },
      "geometry": {
        "type": "Point",
        "coordinates": [
          114.0556417,
          22.6293923
        ]
      }
    },
    {
      "type": "Feature",
      "properties": {
        "name": "坂田北站 - 无障碍设施",
        "station": "坂田北站",
        "line": "10号线",
        "facility": "1.盲道：车站公共区域。\n2.无障碍电梯：站厅至站外：A出入口1部，B出入口1部；站厅至站台：站厅中部付费区1部。\n3.无障碍卫生间：A出入口通道。\n4.宽闸机：站厅中部。",
        "type": "地铁站无障碍设施",
        "_source": "sz_metro",
        "_osm_type": "node"
      },
      "geometry": {
        "type": "Point",
        "coordinates": [
          114.0582273,
          22.6375807
        ]
      }
    },
    {
      "type": "Feature",
      "properties": {
        "name": "贝尔路站 - 无障碍设施",
        "station": "贝尔路站",
        "line": "10号线",
        "facility": "1.盲道：车站公共区域。\n2.无障碍电梯：站厅至站外：C出入口1部，D出入口1部；站厅至站台：站厅中部付费区1部。\n3.无障碍卫生间：D出入口通道。\n4.宽闸机：站厅中部。",
        "type": "地铁站无障碍设施",
        "_source": "sz_metro",
        "_osm_type": "node"
      },
      "geometry": {
        "type": "Point",
        "coordinates": [
          114.0612505,
          22.6442907
        ]
      }
    },
    {
      "type": "Feature",
      "properties": {
        "name": "华为站 - 无障碍设施",
        "station": "华为站",
        "line": "10号线",
        "facility": "1.盲道：车站公共区域。\n2.无障碍电梯：站厅至站外：A出入口1部，E出入口1部；站厅到站台：站厅中部付费区1部。\n3.第三卫生间：F出入口旁。\n4.宽闸机：站厅中部。",
        "type": "地铁站无障碍设施",
        "_source": "sz_metro",
        "_osm_type": "node"
      },
      "geometry": {
        "type": "Point",
        "coordinates": [
          114.0620241,
          22.6531258
        ]
      }
    },
    {
      "type": "Feature",
      "properties": {
        "name": "岗头站 - 无障碍设施",
        "station": "岗头站",
        "line": "10号线",
        "facility": "1.盲道：车站公共区域。\n2.无障碍电梯：站厅至站外：A出入口1部，E出入口1部；站厅至站台：站厅中部付费区1部。\n3.无障碍卫生间：E出入口通道。\n4.宽闸机：站厅中部。",
        "type": "地铁站无障碍设施",
        "_source": "sz_metro",
        "_osm_type": "node"
      },
      "geometry": {
        "type": "Point",
        "coordinates": [
          114.0666044,
          22.6595311
        ]
      }
    },
    {
      "type": "Feature",
      "properties": {
        "name": "雪象站 - 无障碍设施",
        "station": "雪象站",
        "line": "10号线",
        "facility": "1.盲道：车站公共区域。\n2.无障碍电梯：站厅至站外：D出入口1部；站厅至站台：站厅中部付费区1部。\n3.第三卫生间：C出入口旁。                         \n4.宽闸机：站厅中部。",
        "type": "地铁站无障碍设施",
        "_source": "sz_metro",
        "_osm_type": "node"
      },
      "geometry": {
        "type": "Point",
        "coordinates": [
          114.0736029,
          22.6597064
        ]
      }
    },
    {
      "type": "Feature",
      "properties": {
        "name": "甘坑站 - 无障碍设施",
        "station": "甘坑站",
        "line": "10号线",
        "facility": "1.盲道：车站公共区域。\n2.无障碍电梯：站厅至站外：A出入口1部，B出入口1部；站厅至站台：站厅中部付费区1部。           \n3.第三卫生间：B出入口警务室旁。                    \n4.宽闸机：站厅中部。",
        "type": "地铁站无障碍设施",
        "_source": "sz_metro",
        "_osm_type": "node"
      },
      "geometry": {
        "type": "Point",
        "coordinates": [
          114.1009526,
          22.6503232
        ]
      }
    },
    {
      "type": "Feature",
      "properties": {
        "name": "凉帽山站 - 无障碍设施",
        "station": "凉帽山站",
        "line": "10号线",
        "facility": "1.盲道：车站公共区域。\n2.无障碍电梯：站厅至站外：B出入口1部；站厅至站台：站厅中部付费区2部。\n3.第三卫生间：B出入口通道。\n4.宽闸机：站厅中部。",
        "type": "地铁站无障碍设施",
        "_source": "sz_metro",
        "_osm_type": "node"
      },
      "geometry": {
        "type": "Point",
        "coordinates": [
          114.1135848,
          22.6489575
        ]
      }
    },
    {
      "type": "Feature",
      "properties": {
        "name": "上李朗站 - 无障碍设施",
        "station": "上李朗站",
        "line": "10号线",
        "facility": "1.盲道：车站公共区域。\n2.无障碍电梯：站厅至站外：C出入口1部；站厅至站台：站厅中部付费区1部。\n3.第三方卫生间：B出入口旁。          \n4.宽闸机：站厅中部。",
        "type": "地铁站无障碍设施",
        "_source": "sz_metro",
        "_osm_type": "node"
      },
      "geometry": {
        "type": "Point",
        "coordinates": [
          114.1218689,
          22.6566764
        ]
      }
    },
    {
      "type": "Feature",
      "properties": {
        "name": "木古站 - 无障碍设施",
        "station": "木古站",
        "line": "10号线",
        "facility": "1.盲道：车站公共区域。\n2.无障碍电梯：站厅至站外：B出入口1部，C出入口1部；站厅至站台：站厅中部付费区1部。\n3.无障碍卫生间：D出入口通道。                 \n4.宽闸机：站厅中部。",
        "type": "地铁站无障碍设施",
        "_source": "sz_metro",
        "_osm_type": "node"
      },
      "geometry": {
        "type": "Point",
        "coordinates": [
          114.1289236,
          22.6722731
        ]
      }
    },
    {
      "type": "Feature",
      "properties": {
        "name": "华南城站 - 无障碍设施",
        "station": "华南城站",
        "line": "10号线",
        "facility": "1.盲道：车站公共区域。\n2.无障碍电梯：站厅至站外：D出入口1部，市政通道1部；站厅至站台：站厅中部付费区1部。\n3.第三卫生间：A出入口旁边。\n4.宽闸机：站厅中部。",
        "type": "地铁站无障碍设施",
        "_source": "sz_metro",
        "_osm_type": "node"
      },
      "geometry": {
        "type": "Point",
        "coordinates": [
          114.1172129,
          22.6785574
        ]
      }
    },
    {
      "type": "Feature",
      "properties": {
        "name": "禾花站 - 无障碍设施",
        "station": "禾花站",
        "line": "10号线",
        "facility": "1.盲道：车站公共区域。\n2.无障碍电梯：站厅至站外：A出入口站厅至站外1部；站厅至站台：站厅中部付费区1部。\n3.第三卫生间：B出入口对面通道。\n4.宽闸机：站厅中部。",
        "type": "地铁站无障碍设施",
        "_source": "sz_metro",
        "_osm_type": "node"
      },
      "geometry": {
        "type": "Point",
        "coordinates": [
          114.1160105,
          22.6891212
        ]
      }
    },
    {
      "type": "Feature",
      "properties": {
        "name": "平湖站 - 无障碍设施",
        "station": "平湖站",
        "line": "10号线",
        "facility": "1.盲道：车站公共区域。\n2.无障碍电梯：站厅至站外：A出入口1部，B出入口1部；站厅至站台：站厅中部付费区1部。\n3.无障碍卫生间：B出入口通道，站台往双拥街方向尾端。\n4.宽闸机：站厅中部、站厅B端。",
        "type": "地铁站无障碍设施",
        "_source": "sz_metro",
        "_osm_type": "node"
      },
      "geometry": {
        "type": "Point",
        "coordinates": [
          114.1208569,
          22.696483
        ]
      }
    },
    {
      "type": "Feature",
      "properties": {
        "name": "双拥街站 - 无障碍设施",
        "station": "双拥街站",
        "line": "10号线",
        "facility": "1.盲道：车站公共区域。\n2.无障碍电梯：站厅至站外：B出入口1部；站厅至站台：站厅中部付费区1部。\n3.无障碍卫生间：C出入口旁。                           \n4.宽闸机：站厅中部。",
        "type": "地铁站无障碍设施",
        "_source": "sz_metro",
        "_osm_type": "node"
      },
      "geometry": {
        "type": "Point",
        "coordinates": [
          114.1277003,
          22.7011655
        ]
      }
    },
    {
      "type": "Feature",
      "properties": {
        "name": "红岭南站 - 无障碍设施",
        "station": "红岭南站",
        "line": "11号线",
        "facility": "1.盲道：车站公共区域（9号线）（11号线）。\n2.无障碍电梯：站厅到站外：D出入口1部；站厅到站台：站厅中部付费区1部（9号线）。\n站厅到站外：G出入口1部，E出入口1部；站厅到站台：站厅中部付费区1部（11号线）。\n3.无障碍卫生间：站厅D出入口通道（9号线）。站厅G出入口通道（11号线）\n4.宽闸机：客服中心旁（9号线）（11号线）。",
        "type": "地铁站无障碍设施",
        "_source": "sz_metro",
        "_osm_type": "node"
      },
      "geometry": {
        "type": "Point",
        "coordinates": [
          114.1009321,
          22.5411579
        ]
      }
    },
    {
      "type": "Feature",
      "properties": {
        "name": "华强南站 - 无障碍设施",
        "station": "华强南站",
        "line": "11号线",
        "facility": "1.盲道：车站公共区域。\n2.无障碍电梯：站厅到站外：7号线C出入口1部，11号线E出入口1部；站厅到站台：7号线站厅中部付费区1部，11号线站厅中部付费区1部。\n3.无障碍卫生间：7号线站厅（近C出入口）。\n4.第三卫生间：11号线站厅（近F出入口）；11号线站台（往华强南方向头端）。\n5.宽闸机：7号线站厅中部；11号线站厅中部；11号线站厅近B出入口；11号线站厅近E出入口。",
        "type": "地铁站无障碍设施",
        "_source": "sz_metro",
        "_osm_type": "node"
      },
      "geometry": {
        "type": "Point",
        "coordinates": [
          114.0829812,
          22.5407047
        ]
      }
    },
    {
      "type": "Feature",
      "properties": {
        "name": "福星站 - 无障碍设施",
        "station": "福星站",
        "line": "11号线",
        "facility": "1.盲道：车站公共区域。\n2.无障碍电梯：站厅到站外：A出入口1部；站厅到站台：站厅中部付费区1部。\n3.第三卫生间：站厅（近C出入口）。                           \n4.宽闸机：站厅中部；站厅近A出入口；站厅近D出入口。",
        "type": "地铁站无障碍设施",
        "_source": "sz_metro",
        "_osm_type": "node"
      },
      "geometry": {
        "type": "Point",
        "coordinates": [
          114.0763,
          22.5401886
        ]
      }
    },
    {
      "type": "Feature",
      "properties": {
        "name": "岗厦北站 - 无障碍设施",
        "station": "岗厦北站",
        "line": "11号线",
        "facility": "1.盲道：车站公共区域。\n2.无障碍电梯：站厅到站外：1出入口1部，7出入口1部，12出入口1部，16出入口1部，19出入口1部；站厅到站台：11/14号线站厅中部付费区4部，2号线站厅站厅中部付费区1部，14号线换乘通道至站厅1部。\n3.无障碍卫生间：10号线站台（往福田口岸方向头端）；10号线站台（往双拥街方向尾端）；16号出入口。\n4.第三卫生间：站厅（近7号出入口）；站厅（近19号出入口）；2&8号线换乘通道（近19号口）。\n5.宽闸机：1出入口旁；12出入口旁；7出入口旁；18出入口旁；2号线站厅中部。",
        "type": "地铁站无障碍设施",
        "_source": "sz_metro",
        "_osm_type": "node"
      },
      "geometry": {
        "type": "Point",
        "coordinates": [
          114.0628443,
          22.5427932
        ]
      }
    },
    {
      "type": "Feature",
      "properties": {
        "name": "福田站 - 无障碍设施",
        "station": "福田站",
        "line": "11号线",
        "facility": "1.盲道：车站公共区域。\n2.无障碍电梯：站厅到站外：2A出入口1部，3出入口1部，4出入口1部，15出入口1部，30B出入口1部，31出入口1部；\n站厅到站台：11号线站厅中部付费区内2部，2号线站厅中部付费区内1部，3号线站厅小付费区内2部。\n3.无障碍卫生间：站厅（1出入口通道处），31出入口无障碍电梯处，高铁通道旁，4b出入口往高铁通道近高铁。\n4.宽闸机：3号线客服中心一旁，3号线客服中心二旁，站厅近1出入口付费区，站厅近32出入口旁。",
        "type": "地铁站无障碍设施",
        "_source": "sz_metro",
        "_osm_type": "node"
      },
      "geometry": {
        "type": "Point",
        "coordinates": [
          114.0482367,
          22.5427538
        ]
      }
    },
    {
      "type": "Feature",
      "properties": {
        "name": "车公庙站 - 无障碍设施",
        "station": "车公庙站",
        "line": "11号线",
        "facility": "1.盲道：车站公共区域。\n2.无障碍电梯：站厅到站外：B出入口1部，D1出入口1部，J1出入口1部，J2口出入口1部；站厅到站台：1号线站厅中部付费区1部，7/9号线站厅中部付费区2部，11号线站厅中部付费区1部。\n3.无障碍卫生间：1号线站厅（B出入口通道内）。11号线站台（往碧头方向头端）。7号线站台（往太安方向头端）。9号线站台（往前湾方向头端)。\n4.宽闸机：1号线站厅客服中心旁；1号线站厅近A出入口；11号线站厅近C出入口；11号线站厅近D出入口；7/9号线站厅近F出入口；7/9号线站厅近J出入口。",
        "type": "地铁站无障碍设施",
        "_source": "sz_metro",
        "_osm_type": "node"
      },
      "geometry": {
        "type": "Point",
        "coordinates": [
          114.0226605,
          22.5388378
        ]
      }
    },
    {
      "type": "Feature",
      "properties": {
        "name": "红树湾南站 - 无障碍设施",
        "station": "红树湾南站",
        "line": "11号线",
        "facility": "1.盲道：车站公共区域。\n2.无障碍电梯：站厅付费区内中部，从站厅至站台2部；B出入口通道，从站厅至站外1部。\n3.无障碍卫生间：站厅A出入口通道内，站台9号线文锦方向头端处。\n4.宽闸机：站厅中部。",
        "type": "地铁站无障碍设施",
        "_source": "sz_metro",
        "_osm_type": "node"
      },
      "geometry": {
        "type": "Point",
        "coordinates": [
          113.9664581,
          22.526104
        ]
      }
    },
    {
      "type": "Feature",
      "properties": {
        "name": "后海站 - 无障碍设施",
        "station": "后海站",
        "line": "11号线",
        "facility": "1.盲道:车站公共区域。\n2.无障碍电梯：站厅到站外：2号线E出入口站厅到站外1部； 11号线H出入口站厅到站外1部。                   \n站厅到站台：2号线站厅中部付费区1部，11号线站厅中部付费区1部。\n换乘垂梯：2号线站厅到换乘通道换乘1部。\n3.无障碍卫生间：2号线站厅（D出入口通道内），11号线站厅（H出入口通道内）。\n4.宽闸机：2号线站厅中部，换乘平台与深圳湾万象城二期通道连接处；11号线站厅中部。",
        "type": "地铁站无障碍设施",
        "_source": "sz_metro",
        "_osm_type": "node"
      },
      "geometry": {
        "type": "Point",
        "coordinates": [
          113.9353794,
          22.5203848
        ]
      }
    },
    {
      "type": "Feature",
      "properties": {
        "name": "南山站 - 无障碍设施",
        "station": "南山站",
        "line": "11号线",
        "facility": "1.盲道：车站公共区域。\n2.无障碍电梯：站厅到站外：11号线D出入口1部，11号线H出入口1部，12号线B出入口1部；站厅到站台：11号线站厅中部付费区2部，12号线站厅往左炮台东方向付费区头端1部，12号线站厅往左炮台东方向尾端1部，12号线站厅往松岗方向头端1部，12号线站厅往松岗方向尾端1部。\n3.无障碍卫生间：11号线站厅（E1出入口通道内），11号线站台（往碧头方向头端）。\n4.第三卫生间：12号线站台（往左炮台东方向尾端），12号线站台（往松岗方向尾端）。\n5.宽闸机：11号线站厅近A出入口，11号线站厅近E1出入口，12号线站厅客服中心旁。",
        "type": "地铁站无障碍设施",
        "_source": "sz_metro",
        "_osm_type": "node"
      },
      "geometry": {
        "type": "Point",
        "coordinates": [
          113.9187026,
          22.527154
        ]
      }
    },
    {
      "type": "Feature",
      "properties": {
        "name": "前海湾站 - 无障碍设施",
        "station": "前海湾站",
        "line": "11号线",
        "facility": "1.盲道：车站公共区域。\n2.无障碍电梯：站厅到站外：B出入口1部；站厅到站台：1号线站厅中部付费区1部，5号线站厅中部付费区1部，11号线站厅中部付费区1部。\n3.无障碍卫生间：站厅（B出入口通道）。\n4.宽闸机：1号线站厅靠近B出入口；5号线站厅靠近A出入口；11号线站厅。",
        "type": "地铁站无障碍设施",
        "_source": "sz_metro",
        "_osm_type": "node"
      },
      "geometry": {
        "type": "Point",
        "coordinates": [
          113.8927681,
          22.5403059
        ]
      }
    },
    {
      "type": "Feature",
      "properties": {
        "name": "宝安站 - 无障碍设施",
        "station": "宝安站",
        "line": "11号线",
        "facility": "1.盲道：车站公共区域。\n2.无障碍电梯：站厅到站外：D出入口1部，B出入口1部；站厅到站台：站厅中部付费区1部。\n3.无障碍卫生间：站厅（A出入口通道）。\n4.宽闸机：站厅中部。",
        "type": "地铁站无障碍设施",
        "_source": "sz_metro",
        "_osm_type": "node"
      },
      "geometry": {
        "type": "Point",
        "coordinates": [
          113.8755026,
          22.5577281
        ]
      }
    },
    {
      "type": "Feature",
      "properties": {
        "name": "碧海湾站 - 无障碍设施",
        "station": "碧海湾站",
        "line": "11号线",
        "facility": "1.盲道：车站公共区域。\n2.无障碍电梯：站厅到站外：A出入口1部，C出入口1部；站厅到站台：站厅中部付费区1部。\n3.无障碍卫生间：站厅（A出入口通道）。\n4.宽闸机：站厅中部。",
        "type": "地铁站无障碍设施",
        "_source": "sz_metro",
        "_osm_type": "node"
      },
      "geometry": {
        "type": "Point",
        "coordinates": [
          113.8502805,
          22.5787973
        ]
      }
    },
    {
      "type": "Feature",
      "properties": {
        "name": "机场站 - 无障碍设施",
        "station": "机场站",
        "line": "11号线",
        "facility": "1.盲道：车站公共区域。\n2.无障碍电梯：站厅到GTC地面交通中心：B出入口2部，C出入口2部；站厅到航站楼：1#换乘口2部，2#换乘口2部；站厅到站台：站厅中部付费区2部。\n3.无障碍卫生间：站厅（B出入口通道）。\n4.宽闸机：站厅靠近B出入口，站厅靠近A出入口，站厅靠近D出入口。",
        "type": "地铁站无障碍设施",
        "_source": "sz_metro",
        "_osm_type": "node"
      },
      "geometry": {
        "type": "Point",
        "coordinates": [
          113.8089739,
          22.626387
        ]
      }
    },
    {
      "type": "Feature",
      "properties": {
        "name": "机场北站 - 无障碍设施",
        "station": "机场北站",
        "line": "11号线",
        "facility": "1.盲道：车站公共区域。\n2.无障碍电梯：B出入口站厅到站外垂直电梯1部。\n3.无障碍电梯：D出入口站厅到站外垂直电梯1部。\n4.无障碍电梯：站厅到站台垂直电梯1部在11号线站厅付费区中部。\n5.无障碍电梯：站厅到设备层及站台垂直电梯1部在20号线站厅付费区中部。\n6.无障碍卫生间：A出入口通道。\n7.无障碍卫生间：D出入口通道。\n8.无障碍卫生间：11号线站台往碧头方向头端。\n9.无障碍卫生间：20号线站台往会展城方向头端\n10：宽闸机：站厅中部。\n11：宽闸机：站厅两端出站闸机。",
        "type": "地铁站无障碍设施",
        "_source": "sz_metro",
        "_osm_type": "node"
      },
      "geometry": {
        "type": "Point",
        "coordinates": [
          113.7932431,
          22.6541954
        ]
      }
    },
    {
      "type": "Feature",
      "properties": {
        "name": "福永站 - 无障碍设施",
        "station": "福永站",
        "line": "11号线",
        "facility": "1.盲道：车站公共区域。\n2.无障碍电梯：站厅到站外：11号线B出入口1部，11号线C出入口1部，12号线E出入口1部，12号线F出入口1部；站厅到站台：11号线站厅中部付费区1部，12号线站厅中部付费区1部。\n3.无障碍生间：11号线站厅（C出入口通道内），12号线站台（往松岗方向头端）。\n4.第三卫生间：12号线站厅（E出入口通道内）。\n5.宽闸机：站厅中部。",
        "type": "地铁站无障碍设施",
        "_source": "sz_metro",
        "_osm_type": "node"
      },
      "geometry": {
        "type": "Point",
        "coordinates": [
          113.802612,
          22.6783466
        ]
      }
    },
    {
      "type": "Feature",
      "properties": {
        "name": "桥头站 - 无障碍设施",
        "station": "桥头站",
        "line": "11号线",
        "facility": "1.盲道：车站公共区域。\n2.无障碍电梯：站厅到站外：B出入口1部，C出入口1部；站厅到站台：站厅中部付费区1部。\n3.无障碍卫生间：站厅（近C出入口）。\n4.宽闸机：站厅中部；站厅近A出入口。",
        "type": "地铁站无障碍设施",
        "_source": "sz_metro",
        "_osm_type": "node"
      },
      "geometry": {
        "type": "Point",
        "coordinates": [
          113.8059431,
          22.6910062
        ]
      }
    },
    {
      "type": "Feature",
      "properties": {
        "name": "塘尾站 - 无障碍设施",
        "station": "塘尾站",
        "line": "11号线",
        "facility": "1.盲道：车站公共区域。\n2.无障碍电梯：站厅到站外：B出入口1部，C出入口1部；站厅到站台：站厅中部付费区1部。\n3.无障碍卫生间：站厅（近C出入口）。\n4.宽闸机：站厅中部。",
        "type": "地铁站无障碍设施",
        "_source": "sz_metro",
        "_osm_type": "node"
      },
      "geometry": {
        "type": "Point",
        "coordinates": [
          113.8128202,
          22.704935
        ]
      }
    },
    {
      "type": "Feature",
      "properties": {
        "name": "马安山站 - 无障碍设施",
        "station": "马安山站",
        "line": "11号线",
        "facility": "1.盲道：车站公共区域。\n2.无障碍电梯：站厅到站外：B出入口1部，C出入口1部；站厅到站台：站厅中部付费区1部。\n3.无障碍卫生间：站厅（近C出入口）。\n4.宽闸机：站厅中部。",
        "type": "地铁站无障碍设施",
        "_source": "sz_metro",
        "_osm_type": "node"
      },
      "geometry": {
        "type": "Point",
        "coordinates": [
          113.8119522,
          22.7198095
        ]
      }
    },
    {
      "type": "Feature",
      "properties": {
        "name": "沙井站 - 无障碍设施",
        "station": "沙井站",
        "line": "11号线",
        "facility": "1.盲道：车站公共区域。\n2.无障碍电梯：站厅到站外：A出入口1部，D出入口1部；站厅到站台：站厅中部付费区1部。\n3.无障碍卫生间：站厅（近C出入口）。\n4.宽闸机：站厅中部。",
        "type": "地铁站无障碍设施",
        "_source": "sz_metro",
        "_osm_type": "node"
      },
      "geometry": {
        "type": "Point",
        "coordinates": [
          113.8194007,
          22.7335893
        ]
      }
    },
    {
      "type": "Feature",
      "properties": {
        "name": "后亭站 - 无障碍设施",
        "station": "后亭站",
        "line": "11号线",
        "facility": "1.盲道：车站公共区域。\n2.无障碍电梯：站厅到站外：A出入口1部，B出入口1部，D出入口1部；站厅到站台：站厅中部付费区1部。\n3.无障碍卫生间：站厅（A出入口通道）。\n4.宽闸机：站厅中部；站厅近A出入口。",
        "type": "地铁站无障碍设施",
        "_source": "sz_metro",
        "_osm_type": "node"
      },
      "geometry": {
        "type": "Point",
        "coordinates": [
          113.8217817,
          22.7555536
        ]
      }
    },
    {
      "type": "Feature",
      "properties": {
        "name": "松岗站 - 无障碍设施",
        "station": "松岗站",
        "line": "11号线",
        "facility": "1.盲道：车站公共区域。\n2.无障碍电梯：站厅到站外：6、11号线C出入口1部，6、11号线G出入口1部，12号线H出入口1部，12号线K出入口1部；站厅到站台：站厅中部付费区11号线1部，站厅中部付费区6号线2部，12号线站厅中部付费区3部。\n3.无障碍卫生间：6/11号线站厅（近F出入口），6号线站台（往松岗方向中部），6号线站台（往科学馆方向中部），11号线站台（往碧头方向头端）。\n4.第三卫生间：12号线站厅（J出入口通道内），12号线站台（往左炮台东方向头端）。\n5.宽闸机：6、11号线站厅近E出入口，6、11号线站厅近G出入口，12号线站厅客服中心旁。",
        "type": "地铁站无障碍设施",
        "_source": "sz_metro",
        "_osm_type": "node"
      },
      "geometry": {
        "type": "Point",
        "coordinates": [
          113.8246153,
          22.7751914
        ]
      }
    },
    {
      "type": "Feature",
      "properties": {
        "name": "碧头站 - 无障碍设施",
        "station": "碧头站",
        "line": "11号线",
        "facility": "1.盲道：车站公共区域。\n2.无障碍电梯：站厅到站外：B出入口1部，C出入口1部；站厅到站台：站厅中部付费区1部。\n3.无障碍卫生间：站厅（近E出入口）。\n4.宽闸机：站厅中部；站厅近A出入口。",
        "type": "地铁站无障碍设施",
        "_source": "sz_metro",
        "_osm_type": "node"
      },
      "geometry": {
        "type": "Point",
        "coordinates": [
          113.8149923,
          22.7862306
        ]
      }
    },
    {
      "type": "Feature",
      "properties": {
        "name": "左炮台东站 - 无障碍设施",
        "station": "左炮台东站",
        "line": "12号线",
        "facility": "1.盲道：车站公共区域。\n2.无障碍电梯：站厅到站外：B出入口1部（暂停服务），C出入口1部（暂停服务）；站厅到站台：站厅中部付费区1部。\n3.第三卫生间：站厅（A出入口通道内）。\n4.宽闸机：站厅中部。",
        "type": "地铁站无障碍设施",
        "_source": "sz_metro",
        "_osm_type": "node"
      },
      "geometry": {
        "type": "Point",
        "coordinates": [
          113.8962603,
          22.4734087
        ]
      }
    },
    {
      "type": "Feature",
      "properties": {
        "name": "太子湾站 - 无障碍设施",
        "station": "太子湾站",
        "line": "12号线",
        "facility": "1.盲道：车站公共区域。\n2.无障碍电梯：站厅到站外：B出入口1部，C出入口1部；站厅到站台：站厅中部付费区1部。\n3.第三卫生间：站厅（B出入口通道内）。\n4.宽闸机：站厅中部。",
        "type": "地铁站无障碍设施",
        "_source": "sz_metro",
        "_osm_type": "node"
      },
      "geometry": {
        "type": "Point",
        "coordinates": [
          113.9068609,
          22.4761311
        ]
      }
    },
    {
      "type": "Feature",
      "properties": {
        "name": "海上世界站 - 无障碍设施",
        "station": "海上世界站",
        "line": "12号线",
        "facility": "1.盲道：车站公共区域。\n2.无障碍电梯：站厅到站外：2号线C出入口1部，12号线H出入口1部，12号线F出入口1部；站厅到站台：2号线站厅中部付费区1部，12号线站厅中部付费区1部。换乘：2号线12号线站厅换乘1部。\n3.无障碍卫生间：2号线站厅（近D出入口），12号线站台（往松岗方向头端），12号线站厅（近H出入口）。\n4.宽闸机：站厅中部。",
        "type": "地铁站无障碍设施",
        "_source": "sz_metro",
        "_osm_type": "node"
      },
      "geometry": {
        "type": "Point",
        "coordinates": [
          113.9088351,
          22.4880191
        ]
      }
    },
    {
      "type": "Feature",
      "properties": {
        "name": "花果山站 - 无障碍设施",
        "station": "花果山站",
        "line": "12号线",
        "facility": "1.盲道：车站公共区域。\n2.无障碍电梯：站厅到站外：A出入口1部；站厅到站台：站厅中部付费区1部。\n3.第三卫生间：站厅（近B出入口）。                                              \n4.宽闸机：站厅中部。",
        "type": "地铁站无障碍设施",
        "_source": "sz_metro",
        "_osm_type": "node"
      },
      "geometry": {
        "type": "Point",
        "coordinates": [
          113.9141015,
          22.4972856
        ]
      }
    },
    {
      "type": "Feature",
      "properties": {
        "name": "四海站 - 无障碍设施",
        "station": "四海站",
        "line": "12号线",
        "facility": "1.盲道：车站公共区域。\n2.无障碍电梯：站厅到站外：D出入口1部，J出入口1部；站厅到站台：站厅中部付费区2部。\n3.第三卫生间：站厅（近J出入口）。    \n4.宽闸机：站厅（近A出入口），站厅（近D出入口）。",
        "type": "地铁站无障碍设施",
        "_source": "sz_metro",
        "_osm_type": "node"
      },
      "geometry": {
        "type": "Point",
        "coordinates": [
          113.9170382,
          22.5033048
        ]
      }
    },
    {
      "type": "Feature",
      "properties": {
        "name": "南油站 - 无障碍设施",
        "station": "南油站",
        "line": "12号线",
        "facility": "1.盲道：车站公共区域。\n2.无障碍电梯：站厅到站外：A出入口1部，F1出入口1部；站厅到站台：站厅中部付费区2部。\n3.无障碍卫生间：9号线站台（往文锦方向头端）。\n4.第三卫生间：站厅（近E出入口）。\n5.宽闸机：客服中心2旁。",
        "type": "地铁站无障碍设施",
        "_source": "sz_metro",
        "_osm_type": "node"
      },
      "geometry": {
        "type": "Point",
        "coordinates": [
          113.9212265,
          22.5135563
        ]
      }
    },
    {
      "type": "Feature",
      "properties": {
        "name": "南光站 - 无障碍设施",
        "station": "南光站",
        "line": "12号线",
        "facility": "1.盲道：车站公共区域。\n2.无障碍电梯：站厅到站外：B出入口1部；站台到站厅：站厅中部付费区1部。\n3.第三卫生间：站厅（近C出入口）。\n4.宽闸机：客服中心旁。",
        "type": "地铁站无障碍设施",
        "_source": "sz_metro",
        "_osm_type": "node"
      },
      "geometry": {
        "type": "Point",
        "coordinates": [
          113.9196472,
          22.5194767
        ]
      }
    },
    {
      "type": "Feature",
      "properties": {
        "name": "南山站 - 无障碍设施",
        "station": "南山站",
        "line": "12号线",
        "facility": "1.盲道：车站公共区域。\n2.无障碍电梯：站厅到站外：11号线D出入口1部，11号线H出入口1部，12号线B出入口1部；站厅到站台：11号线站厅中部付费区2部，12号线站厅往左炮台东方向付费区头端1部，12号线站厅往左炮台东方向尾端1部，12号线站厅往松岗方向头端1部，12号线站厅往松岗方向尾端1部。\n3.无障碍卫生间：11号线站厅（E1出入口通道内），11号线站台（往碧头方向头端）。\n4.第三卫生间：12号线站台（往左炮台东方向尾端），12号线站台（往松岗方向尾端）。\n5.宽闸机：11号线站厅近A出入口，11号线站厅近E1出入口，12号线站厅客服中心旁。",
        "type": "地铁站无障碍设施",
        "_source": "sz_metro",
        "_osm_type": "node"
      },
      "geometry": {
        "type": "Point",
        "coordinates": [
          113.9187026,
          22.527154
        ]
      }
    },
    {
      "type": "Feature",
      "properties": {
        "name": "桃园站 - 无障碍设施",
        "station": "桃园站",
        "line": "12号线",
        "facility": "1.盲道：车站公共区域。\n2.无障碍电梯：站厅到站外：1号线C出入口1部，12号线E出入口1部；站厅到站台：1号线站厅中部付费区1部，12号线站厅中部付费区1部。\n3.无障碍生间：1号线站厅（C出入口通道内）。\n4.第三卫生间：12号线站厅中部（闸机内）。\n5.宽闸机：1号线站厅中部，12号线站厅中部。",
        "type": "地铁站无障碍设施",
        "_source": "sz_metro",
        "_osm_type": "node"
      },
      "geometry": {
        "type": "Point",
        "coordinates": [
          113.9198061,
          22.5353507
        ]
      }
    },
    {
      "type": "Feature",
      "properties": {
        "name": "南头古城站 - 无障碍设施",
        "station": "南头古城站",
        "line": "12号线",
        "facility": "1.盲道：车站公共区域。\n2.无障碍电梯：站厅到站外：A出入口1部，C出入口1部，D出入口1部，E3出入口1部，E4出入口1部；站厅到站台：站厅中部付费区1部。\n3.第三卫生间：站厅（E出入口通道内）。\n4.宽闸机：客服中心旁。",
        "type": "地铁站无障碍设施",
        "_source": "sz_metro",
        "_osm_type": "node"
      },
      "geometry": {
        "type": "Point",
        "coordinates": [
          113.9194304,
          22.5403527
        ]
      }
    },
    {
      "type": "Feature",
      "properties": {
        "name": "中山公园站 - 无障碍设施",
        "station": "中山公园站",
        "line": "12号线",
        "facility": "1.盲道：车站公共区域。\n2.无障碍电梯：站厅到站外：B出入口1部，D出入口1部；站厅到站台：站厅中部付费区1部。\n3.第三卫生间：站厅（近B出入口）。  \n4.宽闸机：站厅中部。",
        "type": "地铁站无障碍设施",
        "_source": "sz_metro",
        "_osm_type": "node"
      },
      "geometry": {
        "type": "Point",
        "coordinates": [
          113.9184616,
          22.5496509
        ]
      }
    },
    {
      "type": "Feature",
      "properties": {
        "name": "同乐南站 - 无障碍设施",
        "station": "同乐南站",
        "line": "12号线",
        "facility": "1.盲道：车站公共区域。\n2.无障碍电梯：站厅到站外：B出入口1部，C出入口1部；站厅到站台：站厅往左炮台东方向付费区头端1部。\n3.第三卫生间：站厅（近B出入口）。\n4.宽闸机：站厅中部。",
        "type": "地铁站无障碍设施",
        "_source": "sz_metro",
        "_osm_type": "node"
      },
      "geometry": {
        "type": "Point",
        "coordinates": [
          113.9139656,
          22.5593325
        ]
      }
    },
    {
      "type": "Feature",
      "properties": {
        "name": "新安公园站 - 无障碍设施",
        "station": "新安公园站",
        "line": "12号线",
        "facility": "1.盲道：车站公共区域。\n2.无障碍电梯：站厅到站外：B出入口1部；站厅到站台：站厅中部付费区1部。\n3.第三卫生间：站厅（近B出入口）。\n4.宽闸机：站厅中部。",
        "type": "地铁站无障碍设施",
        "_source": "sz_metro",
        "_osm_type": "node"
      },
      "geometry": {
        "type": "Point",
        "coordinates": [
          113.9059616,
          22.5652752
        ]
      }
    },
    {
      "type": "Feature",
      "properties": {
        "name": "灵芝站 - 无障碍设施",
        "station": "灵芝站",
        "line": "12号线",
        "facility": "1.盲道：车站公共区域。\n2.无障碍电梯：站厅至站外：A1出入口1部，C1出入口1部，F出入口1部；站厅至站台：5号线站厅中部付费区1部，12号线站厅中部付费区往松岗方向1部，12号线站厅中部付费区往左炮台东方向1部。\n3.无障碍卫生间：站厅（B出入口通道内）。\n4.第三卫生间：12号线站台（往松岗方向头端），12号线站台（往左炮台东方向尾端）。                          \n5.宽闸机：站厅近F出入口，站厅近A1出入口。",
        "type": "地铁站无障碍设施",
        "_source": "sz_metro",
        "_osm_type": "node"
      },
      "geometry": {
        "type": "Point",
        "coordinates": [
          113.8991983,
          22.572046
        ]
      }
    },
    {
      "type": "Feature",
      "properties": {
        "name": "上川站 - 无障碍设施",
        "station": "上川站",
        "line": "12号线",
        "facility": "1.盲道：车站公共区域。\n2.无障碍电梯：站厅到站外：B2出入口1部；站厅到站台：站厅中部付费区1部。\n3.第三卫生间：站厅（近H出入口）。\n4.宽闸机：站厅中部。",
        "type": "地铁站无障碍设施",
        "_source": "sz_metro",
        "_osm_type": "node"
      },
      "geometry": {
        "type": "Point",
        "coordinates": [
          113.891464,
          22.5797596
        ]
      }
    },
    {
      "type": "Feature",
      "properties": {
        "name": "流塘站 - 无障碍设施",
        "station": "流塘站",
        "line": "12号线",
        "facility": "1.盲道：车站公共区域。\n2.无障碍电梯：站厅到站外：A出入口1部，C出入口1部；站厅到站台：站厅中部付费区1部。\n3.第三卫生间：站厅（近B出入口）。\n4.宽闸机：站厅中部。",
        "type": "地铁站无障碍设施",
        "_source": "sz_metro",
        "_osm_type": "node"
      },
      "geometry": {
        "type": "Point",
        "coordinates": [
          113.8846491,
          22.5866899
        ]
      }
    },
    {
      "type": "Feature",
      "properties": {
        "name": "宝安客运站 - 无障碍设施",
        "station": "宝安客运站",
        "line": "12号线",
        "facility": "1.盲道：车站公共区域。\n2.无障碍电梯：站厅到站外：A出入口1部，B出入口1部；站厅到站台：站厅中部付费区1部。\n3.第三方卫生间：站厅（C出入口通道内）。\n4.宽闸机：站厅中部。",
        "type": "地铁站无障碍设施",
        "_source": "sz_metro",
        "_osm_type": "node"
      },
      "geometry": {
        "type": "Point",
        "coordinates": [
          113.8786706,
          22.5925216
        ]
      }
    },
    {
      "type": "Feature",
      "properties": {
        "name": "宝田一路站 - 无障碍设施",
        "station": "宝田一路站",
        "line": "12号线",
        "facility": "1.盲道：车站公共区域。\n2.无障碍电梯：站厅到站外：A出入口1部，B出入口1部；站厅到站台：站厅中部付费区1部。\n3.第三卫生间：站厅（近A出入口）。\n4.宽闸机：站厅中部。",
        "type": "地铁站无障碍设施",
        "_source": "sz_metro",
        "_osm_type": "node"
      },
      "geometry": {
        "type": "Point",
        "coordinates": [
          113.8735497,
          22.5976255
        ]
      }
    },
    {
      "type": "Feature",
      "properties": {
        "name": "平峦山站 - 无障碍设施",
        "station": "平峦山站",
        "line": "12号线",
        "facility": "1.盲道：车站公共区域。\n2.无障碍电梯：站厅到站外：B出入口1部，C出入口1部；站厅到站台：站厅中部付费区1部。      \n3.第三方卫生间：站厅（A出入口通道内）。      \n4.宽闸机：站厅中部。",
        "type": "地铁站无障碍设施",
        "_source": "sz_metro",
        "_osm_type": "node"
      },
      "geometry": {
        "type": "Point",
        "coordinates": [
          113.864776,
          22.6064509
        ]
      }
    },
    {
      "type": "Feature",
      "properties": {
        "name": "西乡桃源站 - 无障碍设施",
        "station": "西乡桃源站",
        "line": "12号线",
        "facility": "1.盲道：车站公共区域。\n2.无障碍电梯：站厅到站外：A出入口1部、C出入口1部；站厅到站台：站厅中部付费区1部。\n3.第三卫生间：站厅（A出入口通道内）。\n4.宽闸机：站厅中部。",
        "type": "地铁站无障碍设施",
        "_source": "sz_metro",
        "_osm_type": "node"
      },
      "geometry": {
        "type": "Point",
        "coordinates": [
          113.8573436,
          22.6140896
        ]
      }
    },
    {
      "type": "Feature",
      "properties": {
        "name": "钟屋南站 - 无障碍设施",
        "station": "钟屋南站",
        "line": "12号线",
        "facility": "1.盲道：车站公共区域。\n2.无障碍电梯：站厅到站外：A出入口1部，E2出入口1部；站厅到站台：站厅中部付费区1部。\n3.第三卫生间：站厅（B出入口通道内）。                           \n4.宽闸机：站厅中部。",
        "type": "地铁站无障碍设施",
        "_source": "sz_metro",
        "_osm_type": "node"
      },
      "geometry": {
        "type": "Point",
        "coordinates": [
          113.854091,
          22.6218178
        ]
      }
    },
    {
      "type": "Feature",
      "properties": {
        "name": "黄田站 - 无障碍设施",
        "station": "黄田站",
        "line": "12号线",
        "facility": "1.盲道：车站公共区域。\n2.无障碍电梯：站厅到站外：B出入口1部，C出入口1部，D出入口1部；站厅到站台：站厅中部付费区2部。\n3.第三卫生间：站厅（D出入口通道内）。\n4.宽闸机：站厅中部。",
        "type": "地铁站无障碍设施",
        "_source": "sz_metro",
        "_osm_type": "node"
      },
      "geometry": {
        "type": "Point",
        "coordinates": [
          113.8401573,
          22.6339294
        ]
      }
    },
    {
      "type": "Feature",
      "properties": {
        "name": "兴围站 - 无障碍设施",
        "station": "兴围站",
        "line": "12号线",
        "facility": "1.盲道：车站公共区域。\n2.无障碍电梯：站厅到站外：A出入口1部，D出入口1部；站厅到站台：站厅中部付费区1部。\n3.第三卫生间：站厅（C出入口通道内）。\n4.宽闸机：站厅中部。",
        "type": "地铁站无障碍设施",
        "_source": "sz_metro",
        "_osm_type": "node"
      },
      "geometry": {
        "type": "Point",
        "coordinates": [
          113.8294921,
          22.6459396
        ]
      }
    },
    {
      "type": "Feature",
      "properties": {
        "name": "机场东站 - 无障碍设施",
        "station": "机场东站",
        "line": "12号线",
        "facility": "1.盲道：车站公共区域。\n2.无障碍电梯：1号线1层站厅到2层站厅1部，近A出入口；站厅到站外：12号线站厅D出入口1部；站厅到站台：1号线2层站厅中部付费区往机场东方向站台1部，1号线2层站厅中部付费区往罗湖方向站台1部，12号线站厅中部付费区2部。\n3.无障碍卫生间：1号线1层站厅（近无障碍电梯）。\n4.第三卫生间：12号线站厅（D出入口通道内），12号线站台（往松岗方向头端）。\n5.宽闸机：12号线站厅近D出入口，12号线站厅中部。",
        "type": "地铁站无障碍设施",
        "_source": "sz_metro",
        "_osm_type": "node"
      },
      "geometry": {
        "type": "Point",
        "coordinates": [
          113.8170998,
          22.6503143
        ]
      }
    },
    {
      "type": "Feature",
      "properties": {
        "name": "福围站 - 无障碍设施",
        "station": "福围站",
        "line": "12号线",
        "facility": "1.盲道：车站公共区域。\n2.无障碍电梯：站厅到站外：A出入口1部；站厅到站台：站厅中部付费区1部。\n3.第三卫生间：站厅（C出入口通道内）。\n4.宽闸机：站厅中部。",
        "type": "地铁站无障碍设施",
        "_source": "sz_metro",
        "_osm_type": "node"
      },
      "geometry": {
        "type": "Point",
        "coordinates": [
          113.8163368,
          22.6598467
        ]
      }
    },
    {
      "type": "Feature",
      "properties": {
        "name": "怀德站 - 无障碍设施",
        "station": "怀德站",
        "line": "12号线",
        "facility": "1.盲道：车站公共区域。\n2.无障碍电梯：站厅到站外：A出入口1部，C出入口1部；站厅到站台：站厅中部付费区1部。\n3.第三卫生间：站厅（近C出入口）。\n4.宽闸机：客服中心旁。",
        "type": "地铁站无障碍设施",
        "_source": "sz_metro",
        "_osm_type": "node"
      },
      "geometry": {
        "type": "Point",
        "coordinates": [
          113.8140415,
          22.6693828
        ]
      }
    },
    {
      "type": "Feature",
      "properties": {
        "name": "福永站 - 无障碍设施",
        "station": "福永站",
        "line": "12号线",
        "facility": "1.盲道：车站公共区域。\n2.无障碍电梯：站厅到站外：11号线B出入口1部，11号线C出入口1部，12号线E出入口1部，12号线F出入口1部；站厅到站台：11号线站厅中部付费区1部，12号线站厅中部付费区1部。\n3.无障碍生间：11号线站厅（C出入口通道内），12号线站台（往松岗方向头端）。\n4.第三卫生间：12号线站厅（E出入口通道内）。\n5.宽闸机：站厅中部。",
        "type": "地铁站无障碍设施",
        "_source": "sz_metro",
        "_osm_type": "node"
      },
      "geometry": {
        "type": "Point",
        "coordinates": [
          113.802612,
          22.6783466
        ]
      }
    },
    {
      "type": "Feature",
      "properties": {
        "name": "桥头西站 - 无障碍设施",
        "station": "桥头西站",
        "line": "12号线",
        "facility": "1.盲道：车站公共区域。\n2.无障碍电梯：站厅到站外：B出入口1部，C出入口1部；站厅到站台：站厅中部付费区1部。\n3.第三卫生间：站厅（A出入口通道内）。                           \n4.宽闸机：站厅中部。",
        "type": "地铁站无障碍设施",
        "_source": "sz_metro",
        "_osm_type": "node"
      },
      "geometry": {
        "type": "Point",
        "coordinates": [
          113.7923365,
          22.6857775
        ]
      }
    },
    {
      "type": "Feature",
      "properties": {
        "name": "福海西站 - 无障碍设施",
        "station": "福海西站",
        "line": "12号线",
        "facility": "1.盲道：车站公共区域。\n2.无障碍电梯：站厅到站外：C出入口1部，D出入口1部；站厅到站台：站厅中部付费区1部。\n3.第三卫生间：站厅（C出入口通道内）。                           \n4.宽闸机：站厅中部。",
        "type": "地铁站无障碍设施",
        "_source": "sz_metro",
        "_osm_type": "node"
      },
      "geometry": {
        "type": "Point",
        "coordinates": [
          113.7843254,
          22.6912156
        ]
      }
    },
    {
      "type": "Feature",
      "properties": {
        "name": "国展站 - 无障碍设施",
        "station": "国展站",
        "line": "12号线",
        "facility": "1.盲道：车站公共区域。\n2.无障碍电梯：站厅到站外：A出入口1部，C1出入口1部，C2出入口1部；站厅到站台：站厅中部付费区12号线1部，站厅中部付费区20号线1部。\n3.无障碍卫生间：站厅（C1出口通道内），20号线站台（往机场北方向头端）。\n4.宽闸机：站厅中部，站厅近B出入口，站厅近D出入口。",
        "type": "地铁站无障碍设施",
        "_source": "sz_metro",
        "_osm_type": "node"
      },
      "geometry": {
        "type": "Point",
        "coordinates": [
          113.773343,
          22.6982687
        ]
      }
    },
    {
      "type": "Feature",
      "properties": {
        "name": "国展北站 - 无障碍设施",
        "station": "国展北站",
        "line": "12号线",
        "facility": "1.盲道：车站公共区域。\n2.无障碍电梯：站厅到站外：C1出入口1部，C2出入口1部；站厅到站台：站厅中部付费区12号线1部，站厅中部付费区20号线1部。\n3.无障碍卫生间：站厅（C1出入口通道内），20号线站台（往会展城方向头端）。\n4.宽闸机：站厅中部。",
        "type": "地铁站无障碍设施",
        "_source": "sz_metro",
        "_osm_type": "node"
      },
      "geometry": {
        "type": "Point",
        "coordinates": [
          113.7718269,
          22.708033
        ]
      }
    },
    {
      "type": "Feature",
      "properties": {
        "name": "海上田园南站 - 无障碍设施",
        "station": "海上田园南站",
        "line": "12号线",
        "facility": "1.盲道：车站公共区域。\n2.无障碍电梯：站厅到站外：A出入口1部，C出入口1部；站厅到站台：站厅中部付费区1部。                                             \n3.第三卫生间：站厅（C出入口通道内）。\n4.宽闸机：站厅中部。",
        "type": "地铁站无障碍设施",
        "_source": "sz_metro",
        "_osm_type": "node"
      },
      "geometry": {
        "type": "Point",
        "coordinates": [
          113.7693877,
          22.721462
        ]
      }
    },
    {
      "type": "Feature",
      "properties": {
        "name": "海上田园东站 - 无障碍设施",
        "station": "海上田园东站",
        "line": "12号线",
        "facility": "1.盲道：车站公共区域。\n2.无障碍电梯：站厅到站外：A出入口1部，C出入口1部；站厅到站台：站厅中部付费区1部。\n3.无障碍卫生间：站台（往松岗方向头端）。\n4.第三卫生间：站厅（B出入口通道内）。\n5.宽闸机：站厅中部。",
        "type": "地铁站无障碍设施",
        "_source": "sz_metro",
        "_osm_type": "node"
      },
      "geometry": {
        "type": "Point",
        "coordinates": [
          113.7761111,
          22.7339933
        ]
      }
    },
    {
      "type": "Feature",
      "properties": {
        "name": "蚝乡站 - 无障碍设施",
        "station": "蚝乡站",
        "line": "12号线",
        "facility": "1.盲道：车站公共区域。\n2.无障碍电梯：站厅到站外：A出入口1部，D出入口1部；站厅到站台：站厅中部付费区1部。\n3.第三卫生间：站厅（D出入口通道内）。\n4.宽闸机：站厅客服中心旁，站厅近C出入口，站厅近D出入口。",
        "type": "地铁站无障碍设施",
        "_source": "sz_metro",
        "_osm_type": "node"
      },
      "geometry": {
        "type": "Point",
        "coordinates": [
          113.785069,
          22.7434607
        ]
      }
    },
    {
      "type": "Feature",
      "properties": {
        "name": "沙蚝站 - 无障碍设施",
        "station": "沙蚝站",
        "line": "12号线",
        "facility": "1.盲道：车站公共区域。\n2.无障碍电梯：站厅到站外：B出入口1部，C出入口1部；站厅到站台：站厅中部付费区1部。\n3.第三卫生间：站厅（A出入口通道内）。\n4.宽闸机：站厅客服中心旁，站厅近C出入口，站厅近D出入口。",
        "type": "地铁站无障碍设施",
        "_source": "sz_metro",
        "_osm_type": "node"
      },
      "geometry": {
        "type": "Point",
        "coordinates": [
          113.7966431,
          22.7425196
        ]
      }
    },
    {
      "type": "Feature",
      "properties": {
        "name": "沙井古墟站 - 无障碍设施",
        "station": "沙井古墟站",
        "line": "12号线",
        "facility": "1.盲道：车站公共区域。\n2.无障碍电梯：站厅到站外：D出入口1部；站厅到站台：站厅中部付费区1部。                                                                                                                                                                                                                                              \n3.第三卫生间：站厅（D出入口通道内）。\n4.宽闸机：站厅中部。",
        "type": "地铁站无障碍设施",
        "_source": "sz_metro",
        "_osm_type": "node"
      },
      "geometry": {
        "type": "Point",
        "coordinates": [
          113.8034169,
          22.7472142
        ]
      }
    },
    {
      "type": "Feature",
      "properties": {
        "name": "步涌站 - 无障碍设施",
        "station": "步涌站",
        "line": "12号线",
        "facility": "1.盲道：车站公共区域。\n2.无障碍电梯：站厅到站外：B出入口1部，C出入口1部；站厅到站台：站厅中部付费区1部。\n3.第三卫生间：站厅（B出入口通道内）。\n4.宽闸机：站厅客服中心旁，站厅近A出入口，站厅近B出入口。",
        "type": "地铁站无障碍设施",
        "_source": "sz_metro",
        "_osm_type": "node"
      },
      "geometry": {
        "type": "Point",
        "coordinates": [
          113.8074361,
          22.7610369
        ]
      }
    },
    {
      "type": "Feature",
      "properties": {
        "name": "朗下站 - 无障碍设施",
        "station": "朗下站",
        "line": "12号线",
        "facility": "1.盲道：车站公共区域。\n2.无障碍电梯：站厅到站外：B出入口1部，C3出入口1部；站厅到站台：站厅中部付费区1部。\n3.第三卫生间：站厅（D出入口通道内）。                           \n4.宽闸机：站厅客服中心旁，站厅近D出入口。",
        "type": "地铁站无障碍设施",
        "_source": "sz_metro",
        "_osm_type": "node"
      },
      "geometry": {
        "type": "Point",
        "coordinates": [
          113.8130269,
          22.7703924
        ]
      }
    },
    {
      "type": "Feature",
      "properties": {
        "name": "松岗站 - 无障碍设施",
        "station": "松岗站",
        "line": "12号线",
        "facility": "1.盲道：车站公共区域。\n2.无障碍电梯：站厅到站外：6、11号线C出入口1部，6、11号线G出入口1部，12号线H出入口1部，12号线K出入口1部；站厅到站台：站厅中部付费区11号线1部，站厅中部付费区6号线2部，12号线站厅中部付费区3部。\n3.无障碍卫生间：6/11号线站厅（近F出入口），6号线站台（往松岗方向中部），6号线站台（往科学馆方向中部），11号线站台（往碧头方向头端）。\n4.第三卫生间：12号线站厅（J出入口通道内），12号线站台（往左炮台东方向头端）。\n5.宽闸机：6、11号线站厅近E出入口，6、11号线站厅近G出入口，12号线站厅客服中心旁。",
        "type": "地铁站无障碍设施",
        "_source": "sz_metro",
        "_osm_type": "node"
      },
      "geometry": {
        "type": "Point",
        "coordinates": [
          113.8246153,
          22.7751914
        ]
      }
    },
    {
      "type": "Feature",
      "properties": {
        "name": "岗厦北站 - 无障碍设施",
        "station": "岗厦北站",
        "line": "14号线",
        "facility": "1.盲道：车站公共区域。\n2.无障碍电梯：站厅到站外：1出入口1部，7出入口1部，12出入口1部，16出入口1部，19出入口1部；站厅到站台：11/14号线站厅中部付费区4部，2号线站厅站厅中部付费区1部，14号线换乘通道至站厅1部。\n3.无障碍卫生间：10号线站台（往福田口岸方向头端）；10号线站台（往双拥街方向尾端）；16号出入口。\n4.第三卫生间：站厅（近7号出入口）；站厅（近19号出入口）；2&8号线换乘通道（近19号口）。\n5.宽闸机：1出入口旁；12出入口旁；7出入口旁；18出入口旁；2号线站厅中部。",
        "type": "地铁站无障碍设施",
        "_source": "sz_metro",
        "_osm_type": "node"
      },
      "geometry": {
        "type": "Point",
        "coordinates": [
          114.0628443,
          22.5427932
        ]
      }
    },
    {
      "type": "Feature",
      "properties": {
        "name": "黄木岗站 - 无障碍设施",
        "station": "黄木岗站",
        "line": "14号线",
        "facility": "1.盲道：车站公共区域。\n2.无障碍电梯：站厅到站外：1号出入口1部，2号出入口1部，3号出入口1部，4号出入口1部，5号出入口1部，6A出入口1部，8A出入口1部，8B出入口1部，9A出入口1部，9B出入口1部，10号出入口1部，11号出入口1部，12B出入口1部，13号出入口1部，14号出入口1部，15号出入口1部；负三层站台往负二层站台：负三层站台中部2部，负三层站台两端各1部；负二层站台往站厅：负二层站台两端非付费区各1部。\n3.无障碍卫生间：负三层站台（7号线往深大丽湖方向站台尾端），10号出入口旁。\n4.第三卫生间：1号出入口旁，5号出入口旁，8A出入口旁，13号出入口往14号出入口通道旁，负二层站台（14号线往沙田方向站台尾端），负三层站台（14号线往岗厦北方向站台头端）。\n5.宽闸机：负二层站台两端客服中心旁，负三层站台两端客服中心旁。",
        "type": "地铁站无障碍设施",
        "_source": "sz_metro",
        "_osm_type": "node"
      },
      "geometry": {
        "type": "Point",
        "coordinates": [
          114.0821888,
          22.5585802
        ]
      }
    },
    {
      "type": "Feature",
      "properties": {
        "name": "罗湖北站 - 无障碍设施",
        "station": "罗湖北站",
        "line": "14号线",
        "facility": "1.盲道：车站公共区域。\n2.无障碍电梯：站厅到站台垂直电梯4部在站厅付费区内、G出入口站厅到出入口垂直电梯1部。\n3.第三卫生间：B出入口旁、14号线站台往沙田方向头端、14号线站台往岗厦北方向尾端。     \n4.宽闸机：客服中心1部。",
        "type": "地铁站无障碍设施",
        "_source": "sz_metro",
        "_osm_type": "node"
      },
      "geometry": {
        "type": "Point",
        "coordinates": [
          114.1079178,
          22.5835265
        ]
      }
    },
    {
      "type": "Feature",
      "properties": {
        "name": "布吉站 - 无障碍设施",
        "station": "布吉站",
        "line": "14号线",
        "facility": "1.盲道：车站公共区域。\n2.无障碍电梯：站厅到站外：C出入口站厅到C口平台付费区无障碍电梯2部 ，14号线E1出入口站厅到E1口站厅到站外无障碍电梯1部，14号线东广场东01号，东02号到东广场公交站、深圳东火车站，5号线东广场东03号，东04号到布吉街、深圳东火车站（5号线）。\n站厅到站厅：14号线站厅至5号线站厅无障碍电梯2部。14号线C口平台至3号线站厅无障碍电梯1部，14号线、3号线站厅到5号线站厅无障碍电梯1部（3号线）；\n站厅到站台：3号线站厅到站台无障碍电梯1部，3号线、5号线站厅到站台无障碍电梯1部，5号线、14号线站厅到站台无障碍电梯2部在站厅付费区内中部（14号线）。\n3.第三卫生间：D出入口旁。（14号线），14号线站台往沙田方向头端（14号线）。\n4.宽闸机：14号线站厅中部（14号线），C口平台客服中心旁（14号线），3号线站厅客服中心旁（3号线），3号线站厅B出口（3号线）。",
        "type": "地铁站无障碍设施",
        "_source": "sz_metro",
        "_osm_type": "node"
      },
      "geometry": {
        "type": "Point",
        "coordinates": [
          114.1165075,
          22.6044178
        ]
      }
    },
    {
      "type": "Feature",
      "properties": {
        "name": "石芽岭站 - 无障碍设施",
        "station": "石芽岭站",
        "line": "14号线",
        "facility": "1.盲道：车站公共区域。\n2.无障碍电梯：站厅到站台：站厅付费区内中部1部、站厅到出入口：B出入口1部、K出入口1部。\n3.第三卫生间：H出入口通道、往岗厦北方向站台尾端。\n4.宽闸机：站厅中部客服中心附近、站厅中部无障碍电梯旁 。",
        "type": "地铁站无障碍设施",
        "_source": "sz_metro",
        "_osm_type": "node"
      },
      "geometry": {
        "type": "Point",
        "coordinates": [
          114.1328049,
          22.6311356
        ]
      }
    },
    {
      "type": "Feature",
      "properties": {
        "name": "六约北站 - 无障碍设施",
        "station": "六约北站",
        "line": "14号线",
        "facility": "1.盲道：车站公共区域。\n2.无障碍电梯：站厅到站外：A出入口1部，D出入口1部；站厅到站台：站厅中部付费区1部。 \n3.第三卫生间：站厅（近B出入口）。                           \n4.宽闸机：站厅中部。",
        "type": "地铁站无障碍设施",
        "_source": "sz_metro",
        "_osm_type": "node"
      },
      "geometry": {
        "type": "Point",
        "coordinates": [
          114.1707378,
          22.645337
        ]
      }
    },
    {
      "type": "Feature",
      "properties": {
        "name": "四联站 - 无障碍设施",
        "station": "四联站",
        "line": "14号线",
        "facility": "1.盲道：车站公共区域。\n2.无障碍电梯：14号线站厅到站台1部在站厅付费区内中部。\n3.无障碍电梯：A出入口1部，B出入口1部，E1出入口站厅到出入口1部。\n4.第三方卫生间：站厅D口通道、往岗厦北方向站台尾端。\n5.宽闸机：站厅客服中心旁2部、夹层客服中心旁1部。",
        "type": "地铁站无障碍设施",
        "_source": "sz_metro",
        "_osm_type": "node"
      },
      "geometry": {
        "type": "Point",
        "coordinates": [
          114.1880265,
          22.6513088
        ]
      }
    },
    {
      "type": "Feature",
      "properties": {
        "name": "坳背站 - 无障碍设施",
        "station": "坳背站",
        "line": "14号线",
        "facility": "1.盲道：车站公共区域。\n2.无障碍电梯：站厅到站外：C出入口1部，D出入口1部；站厅到站台：站厅中部付费区2部。                                   \n3.第三卫生间：站厅（近A出入口），14号线站台（往岗厦北方向头端），14号线站台（往沙田方向尾端）。\n4.宽闸机：客服中心旁。",
        "type": "地铁站无障碍设施",
        "_source": "sz_metro",
        "_osm_type": "node"
      },
      "geometry": {
        "type": "Point",
        "coordinates": [
          114.2087583,
          22.6718343
        ]
      }
    },
    {
      "type": "Feature",
      "properties": {
        "name": "大运站 - 无障碍设施",
        "station": "大运站",
        "line": "14号线",
        "facility": "1.盲道：车站公共区域。\n2.无障碍电梯：站厅到站外：2、3、5、10A、11、13号出入口各一部，14号出入口2部；站厅到站台：3号线站厅付费区中部2部，14/16站厅付费区中部2部；换乘通道：14/16站厅到3号线站厅4部。\n3.第三卫生间：11/12出入口通道；往14号线往岗厦北/16园山西坑站台尾端；往14号线沙田/16号田心站台尾端。\n4.宽闸机：3号线站厅智能客服中心旁；14/16号线站厅智能客服中心1旁；14/16号线站厅智能客服中心2。",
        "type": "地铁站无障碍设施",
        "_source": "sz_metro",
        "_osm_type": "node"
      },
      "geometry": {
        "type": "Point",
        "coordinates": [
          114.222823,
          22.6886005
        ]
      }
    },
    {
      "type": "Feature",
      "properties": {
        "name": "嶂背站 - 无障碍设施",
        "station": "嶂背站",
        "line": "14号线",
        "facility": "2.无障碍电梯：站厅到站外：2、3、5、10A、11、13号出入口各一部，14号出入口2部；站厅到站台：3号线站厅付费区中部2部，14/16站厅付费区中部2部；换乘通道：14/16站厅到3号线站厅4部。",
        "type": "地铁站无障碍设施",
        "_source": "sz_metro",
        "_osm_type": "node"
      },
      "geometry": {
        "type": "Point",
        "coordinates": [
          114.2453158,
          22.6947375
        ]
      }
    },
    {
      "type": "Feature",
      "properties": {
        "name": "南约站 - 无障碍设施",
        "station": "南约站",
        "line": "14号线",
        "facility": "3.第三卫生间：11/12出入口通道；往14号线往岗厦北/16园山西坑站台尾端；往14号线沙田/16号田心站台尾端。",
        "type": "地铁站无障碍设施",
        "_source": "sz_metro",
        "_osm_type": "node"
      },
      "geometry": {
        "type": "Point",
        "coordinates": [
          114.272893,
          22.6907639
        ]
      }
    },
    {
      "type": "Feature",
      "properties": {
        "name": "宝龙站 - 无障碍设施",
        "station": "宝龙站",
        "line": "14号线",
        "facility": "4.宽闸机：3号线站厅智能客服中心旁；14/16号线站厅智能客服中心1旁；14/16号线站厅智能客服中心2。",
        "type": "地铁站无障碍设施",
        "_source": "sz_metro",
        "_osm_type": "node"
      },
      "geometry": {
        "type": "Point",
        "coordinates": [
          114.2929874,
          22.6911903
        ]
      }
    },
    {
      "type": "Feature",
      "properties": {
        "name": "锦龙站 - 无障碍设施",
        "station": "锦龙站",
        "line": "14号线",
        "facility": "1.盲道：车站公共区域。\n2.无障碍电梯：站厅到站台：站厅付费区内中部1部；站厅到站外：C2出入口1部。\n3.第三卫生间：A出入口旁。\n4.宽闸机：站厅中部1部，客服中心旁1部。",
        "type": "地铁站无障碍设施",
        "_source": "sz_metro",
        "_osm_type": "node"
      },
      "geometry": {
        "type": "Point",
        "coordinates": [
          114.3289793,
          22.6829134
        ]
      }
    },
    {
      "type": "Feature",
      "properties": {
        "name": "坪山围站 - 无障碍设施",
        "station": "坪山围站",
        "line": "14号线",
        "facility": "1.盲道：车站公共区域。\n2.无障碍电梯：14号线站厅到14号线站台、16号线换乘通道1部在14号线站厅付费区内中部，16号线站厅到16号线站台1部在16号线站厅付费区内中部，A出入口到站外无障碍电梯1部（14号线），B出入口到站外无障碍电梯1部（14号线），C出入口到站外无障碍电梯1部，D出入口到站外无障碍电梯1部，E出入口到站外无障碍电梯1部（16号线），F出入口到站外无障碍电梯1部（16号线）。\n3.第三卫生间：C出入口通道。 （16号线）。14号线站台往岗厦北方向尾端。\n4.宽闸机：14号线站厅客服中心旁，16号线站厅客服中心旁，16号线站厅近E出入口，16号线站厅近F出入口。",
        "type": "地铁站无障碍设施",
        "_source": "sz_metro",
        "_osm_type": "node"
      },
      "geometry": {
        "type": "Point",
        "coordinates": [
          114.3374248,
          22.6940392
        ]
      }
    },
    {
      "type": "Feature",
      "properties": {
        "name": "坪山广场站 - 无障碍设施",
        "station": "坪山广场站",
        "line": "14号线",
        "facility": "1.盲道：车站公共区域。\n2.无障碍电梯：站厅到站外：C2出入口1部、D2出入口1部；站厅到站台：站厅中部付费区1部。\n3.第三卫生间：站厅（A出入口通道旁）。\n4.宽闸机：站厅中部。",
        "type": "地铁站无障碍设施",
        "_source": "sz_metro",
        "_osm_type": "node"
      },
      "geometry": {
        "type": "Point",
        "coordinates": [
          114.3437289,
          22.7033433
        ]
      }
    },
    {
      "type": "Feature",
      "properties": {
        "name": "坪山中心站 - 无障碍设施",
        "station": "坪山中心站",
        "line": "14号线",
        "facility": "1.盲道：车站公共区域。\n2.无障碍电梯：A出入口1部、C出入口1部；站厅到站台：站厅中部付费区1部。\n3.第三卫生间：站厅：（C出入口通道旁）；站台（往沙田方向头端）。\n4.宽闸机：站厅中部。",
        "type": "地铁站无障碍设施",
        "_source": "sz_metro",
        "_osm_type": "node"
      },
      "geometry": {
        "type": "Point",
        "coordinates": [
          114.3466814,
          22.7137077
        ]
      }
    },
    {
      "type": "Feature",
      "properties": {
        "name": "坑梓站 - 无障碍设施",
        "station": "坑梓站",
        "line": "14号线",
        "facility": "1.盲道：车站公共区域。\n2.无障碍电梯：站厅到站外：A出入口1部，C出入口1部；站厅到站台： 站厅中部付费区1部。                                  \n3.第三方卫生间：：站厅（C出入口通道内）。                           \n4.宽闸机：站厅中部。",
        "type": "地铁站无障碍设施",
        "_source": "sz_metro",
        "_osm_type": "node"
      },
      "geometry": {
        "type": "Point",
        "coordinates": [
          114.3659273,
          22.747963
        ]
      }
    },
    {
      "type": "Feature",
      "properties": {
        "name": "沙田站 - 无障碍设施",
        "station": "沙田站",
        "line": "14号线",
        "facility": "1.盲道：车站公共区域。\n2.无障碍电梯：B出入口1部，D出入口1部；站厅到站台：站厅中部付费区1部。\n3.第三方卫生间：站厅：（D出入口通道旁）；站台（往沙田方向头端）。\n4.宽闸机：站厅中部。",
        "type": "地铁站无障碍设施",
        "_source": "sz_metro",
        "_osm_type": "node"
      },
      "geometry": {
        "type": "Point",
        "coordinates": [
          114.3955296,
          22.7587003
        ]
      }
    },
    {
      "type": "Feature",
      "properties": {
        "name": "园山西坑站 - 无障碍设施",
        "station": "园山西坑站",
        "line": "16号线",
        "facility": "1.盲道：车站公共区域。\n2.无障碍电梯：站厅到站外：B出入口1部，D出入口1部；站厅到站台：站厅中部付费区1部。\n3.第三卫生间：站厅（A出入口通道）。\n4.宽闸机：站厅中部客服中心旁、近A出入口出站闸机、近B出入口出站闸机。",
        "type": "地铁站无障碍设施",
        "_source": "sz_metro",
        "_osm_type": "node"
      },
      "geometry": {
        "type": "Point",
        "coordinates": [
          114.2201636,
          22.6188804
        ]
      }
    },
    {
      "type": "Feature",
      "properties": {
        "name": "安良站 - 无障碍设施",
        "station": "安良站",
        "line": "16号线",
        "facility": "1.盲道：车站公共区域。\n2.无障碍电梯：站厅到站外：B出入口1部，C出入口1部；站厅到站台：站厅中部付费区2部。\n3.第三卫生间：站厅（B出入口通道）。\n4.宽闸机：站厅中部客服中心旁、近A出入口出站闸机、近B出入口出站闸机、近C出入口出站闸机、近D出入口出站闸机。",
        "type": "地铁站无障碍设施",
        "_source": "sz_metro",
        "_osm_type": "node"
      },
      "geometry": {
        "type": "Point",
        "coordinates": [
          114.2149402,
          22.6305497
        ]
      }
    },
    {
      "type": "Feature",
      "properties": {
        "name": "福坑站 - 无障碍设施",
        "station": "福坑站",
        "line": "16号线",
        "facility": "1.盲道：车站公共区域。\n2.无障碍电梯：站厅到站外：A出入口1部，C出入口1部；站厅到站台：站厅中部付费区1部。\n3.第三卫生间：站厅（A出入口通道）。\n4.宽闸机：站厅中部客服中心旁，近C出入口出站闸机、近D出入口出站闸机。",
        "type": "地铁站无障碍设施",
        "_source": "sz_metro",
        "_osm_type": "node"
      },
      "geometry": {
        "type": "Point",
        "coordinates": [
          114.2172785,
          22.6385104
        ]
      }
    },
    {
      "type": "Feature",
      "properties": {
        "name": "大康站 - 无障碍设施",
        "station": "大康站",
        "line": "16号线",
        "facility": "1.盲道：车站公共区域。\n2.无障碍电梯：站厅到站外：B出入口1部，D出入口1部；站厅到站台：站厅中部付费区1部。\n3.第三卫生间：站厅（B出入口通道）。\n4.宽闸机：站厅中部客服中心旁、近C出入口出站闸机、近D出入口出站闸机。",
        "type": "地铁站无障碍设施",
        "_source": "sz_metro",
        "_osm_type": "node"
      },
      "geometry": {
        "type": "Point",
        "coordinates": [
          114.2245329,
          22.6420133
        ]
      }
    },
    {
      "type": "Feature",
      "properties": {
        "name": "园山站 - 无障碍设施",
        "station": "园山站",
        "line": "16号线",
        "facility": "1.盲道：车站公共区域。\n2.无障碍电梯：站厅到站外：B出入口1部，D出入口1部；站厅到站台：站厅中部付费区1部。\n3.第三卫生间：站厅（C出入口通道）。\n4.宽闸机：站厅中部客服中心旁；近C出入口出站闸机；近D出入口出站闸机。",
        "type": "地铁站无障碍设施",
        "_source": "sz_metro",
        "_osm_type": "node"
      },
      "geometry": {
        "type": "Point",
        "coordinates": [
          114.2331871,
          22.6483337
        ]
      }
    },
    {
      "type": "Feature",
      "properties": {
        "name": "大安站 - 无障碍设施",
        "station": "大安站",
        "line": "16号线",
        "facility": "1.盲道：车站公共区域。\n2.无障碍电梯：站厅到站外：A出入口1部；站厅到站台：站厅中部付费区1部。\n3.第三卫生间：站厅（B出入口通道）。\n4.宽闸机：站厅中部客服中心旁、近A出入口出站闸机、近B出入口出站闸机。",
        "type": "地铁站无障碍设施",
        "_source": "sz_metro",
        "_osm_type": "node"
      },
      "geometry": {
        "type": "Point",
        "coordinates": [
          114.2310491,
          22.6577327
        ]
      }
    },
    {
      "type": "Feature",
      "properties": {
        "name": "吉溪站 - 无障碍设施",
        "station": "吉溪站",
        "line": "16号线",
        "facility": "1.盲道：车站公共区域。\n2.无障碍电梯：站厅到站外：A出入口1部，B出入口1部；站厅到站台：站厅中部付费区1部。\n3.第三卫生间：站厅（B出入口对面）。\n4.宽闸机：站厅中部客服中心旁、近B出入口出站闸机、近C出入口出站闸机。",
        "type": "地铁站无障碍设施",
        "_source": "sz_metro",
        "_osm_type": "node"
      },
      "geometry": {
        "type": "Point",
        "coordinates": [
          114.2277539,
          22.6632515
        ]
      }
    },
    {
      "type": "Feature",
      "properties": {
        "name": "金源站 - 无障碍设施",
        "station": "金源站",
        "line": "16号线",
        "facility": "1.盲道：车站公共区域。\n2.无障碍电梯：站厅到站外：B出入口1部，C出入口1部；站厅到站台：站厅中部付费区1部。\n3.第三卫生间：站厅C出入口通道。\n4.宽闸机：站厅中部客服中心旁、近B出入口旁、近A出入口旁。",
        "type": "地铁站无障碍设施",
        "_source": "sz_metro",
        "_osm_type": "node"
      },
      "geometry": {
        "type": "Point",
        "coordinates": [
          114.226688,
          22.6759777
        ]
      }
    },
    {
      "type": "Feature",
      "properties": {
        "name": "大运站 - 无障碍设施",
        "station": "大运站",
        "line": "16号线",
        "facility": "1.盲道：车站公共区域。\n2.无障碍电梯：站厅到站外：2、3、5、10A、11、13号出入口各一部，14号出入口2部；站厅到站台：3号线站厅付费区中部2部，14/16站厅付费区中部2部；换乘通道：14/16站厅到3号线站厅4部。\n3.第三卫生间：11/12出入口通道；往14号线往岗厦北/16园山西坑站台尾端；往14号线沙田/16号田心站台尾端。\n4.宽闸机：3号线站厅智能客服中心旁；14/16号线站厅智能客服中心1旁；14/16号线站厅智能客服中心2。",
        "type": "地铁站无障碍设施",
        "_source": "sz_metro",
        "_osm_type": "node"
      },
      "geometry": {
        "type": "Point",
        "coordinates": [
          114.222823,
          22.6886005
        ]
      }
    },
    {
      "type": "Feature",
      "properties": {
        "name": "大运中心站 - 无障碍设施",
        "station": "大运中心站",
        "line": "16号线",
        "facility": "1.盲道：车站公共区域。\n2.无障碍电梯：站厅到站外：A2出入口1部，D出入口1部；站厅到站台：站厅中部付费区1部。\n3.第三卫生间：C出入口通道。\n4.宽闸机：站厅中部。",
        "type": "地铁站无障碍设施",
        "_source": "sz_metro",
        "_osm_type": "node"
      },
      "geometry": {
        "type": "Point",
        "coordinates": [
          114.2156531,
          22.6983619
        ]
      }
    },
    {
      "type": "Feature",
      "properties": {
        "name": "龙城公园站 - 无障碍设施",
        "station": "龙城公园站",
        "line": "16号线",
        "facility": "1.盲道：车站公共区域。\n2.无障碍电梯：站厅到站外：C出入口1部，D出入口1部；站厅到站台：站厅中部付费区1部。\n3.第三卫生间：A出入口通道。\n4.宽闸机：站厅中部。",
        "type": "地铁站无障碍设施",
        "_source": "sz_metro",
        "_osm_type": "node"
      },
      "geometry": {
        "type": "Point",
        "coordinates": [
          114.2135657,
          22.7072487
        ]
      }
    },
    {
      "type": "Feature",
      "properties": {
        "name": "黄阁坑站 - 无障碍设施",
        "station": "黄阁坑站",
        "line": "16号线",
        "facility": "1.盲道：车站公共区域。\n2.无障碍电梯：站厅到站外：C出入口1部，B出入口1部；双方向换乘区域：站厅付费区2部，站厅非付费区4部。                                  \n3.第三卫生间：站厅近C出入口。         \n4.宽闸机：站厅中部。",
        "type": "地铁站无障碍设施",
        "_source": "sz_metro",
        "_osm_type": "node"
      },
      "geometry": {
        "type": "Point",
        "coordinates": [
          114.2133411,
          22.7220594
        ]
      }
    },
    {
      "type": "Feature",
      "properties": {
        "name": "愉园站 - 无障碍设施",
        "station": "愉园站",
        "line": "16号线",
        "facility": "1.盲道：车站公共区域。\n2.无障碍电梯：站厅到站外：B出入口1部，D出入口1部；站厅到站台：站厅中部付费区1部。\n3.第三卫生间：B出入口通道内。\n4.宽闸机：站厅客服中心旁。",
        "type": "地铁站无障碍设施",
        "_source": "sz_metro",
        "_osm_type": "node"
      },
      "geometry": {
        "type": "Point",
        "coordinates": [
          114.2184935,
          22.7311092
        ]
      }
    },
    {
      "type": "Feature",
      "properties": {
        "name": "回龙埔站 - 无障碍设施",
        "station": "回龙埔站",
        "line": "16号线",
        "facility": "1.盲道：车站公共区域。\n2.无障碍电梯：站厅到站外：B出入口1部，C出入口1部；站厅到站台：站厅中部付费区1部。\n3.第三卫生间：C出入口通道内。\n4.宽闸机：站厅客服中心旁。",
        "type": "地铁站无障碍设施",
        "_source": "sz_metro",
        "_osm_type": "node"
      },
      "geometry": {
        "type": "Point",
        "coordinates": [
          114.2310832,
          22.7319875
        ]
      }
    },
    {
      "type": "Feature",
      "properties": {
        "name": "尚景站 - 无障碍设施",
        "station": "尚景站",
        "line": "16号线",
        "facility": "1.盲道：车站公共区域。\n2.无障碍电梯：站厅到站外：A出入口1部，C出入口1部；站厅到站台：站厅中部付费区1部。\n3.第三卫生间：D出入口通道内。\n4.宽闸机：站厅客服中心旁。",
        "type": "地铁站无障碍设施",
        "_source": "sz_metro",
        "_osm_type": "node"
      },
      "geometry": {
        "type": "Point",
        "coordinates": [
          114.2388844,
          22.7321725
        ]
      }
    },
    {
      "type": "Feature",
      "properties": {
        "name": "盛平站 - 无障碍设施",
        "station": "盛平站",
        "line": "16号线",
        "facility": "1.盲道：车站公共区域。\n2.无障碍电梯：站厅到站外：A出入口1部，C出入口1部；站厅到站台：站厅中部付费区1部。\n3.第三卫生间：D出入口通道内。\n4.宽闸机：站厅客服中心旁。",
        "type": "地铁站无障碍设施",
        "_source": "sz_metro",
        "_osm_type": "node"
      },
      "geometry": {
        "type": "Point",
        "coordinates": [
          114.247672,
          22.7344012
        ]
      }
    },
    {
      "type": "Feature",
      "properties": {
        "name": "龙园站 - 无障碍设施",
        "station": "龙园站",
        "line": "16号线",
        "facility": "1.盲道：车站公共区域。\n2.无障碍电梯：站厅到站外：B出入口1部；站厅到站台：站厅付费区近D出入口1部。\n3.第三卫生间：C出入口通道内。\n4.宽闸机：站厅客服中心旁。",
        "type": "地铁站无障碍设施",
        "_source": "sz_metro",
        "_osm_type": "node"
      },
      "geometry": {
        "type": "Point",
        "coordinates": [
          114.261476,
          22.7338548
        ]
      }
    },
    {
      "type": "Feature",
      "properties": {
        "name": "双龙站 - 无障碍设施",
        "station": "双龙站",
        "line": "16号线",
        "facility": "1.盲道：车站公共区域。\n2.无障碍电梯：站厅到站外：C出入口1部，B出入口外1部；站厅到站台：3号线站厅付费区内中部1部，16号线站厅付费区中部1部；换乘通道：16号线站厅一层到3号线站厅二层1部。\n3.第三卫生间：16号线站台（往园山西坑方向尾端）。\n4.宽闸机：3号线站厅客服中心旁，16号线站厅客服中心旁，16号线站厅近F出入口，16号线站厅近G2出入口，16号线站厅近H出入口。",
        "type": "地铁站无障碍设施",
        "_source": "sz_metro",
        "_osm_type": "node"
      },
      "geometry": {
        "type": "Point",
        "coordinates": [
          114.2723894,
          22.7321167
        ]
      }
    },
    {
      "type": "Feature",
      "properties": {
        "name": "新塘围站 - 无障碍设施",
        "station": "新塘围站",
        "line": "16号线",
        "facility": "1.盲道：车站公共区域。\n2.无障碍电梯：站厅到站外：A出入口1部，D出入口1部；站厅到站台：站厅中部付费区1部。\n3.第三卫生间：站厅D出入口通道内。\n4.宽闸机：站厅中部客服旁。",
        "type": "地铁站无障碍设施",
        "_source": "sz_metro",
        "_osm_type": "node"
      },
      "geometry": {
        "type": "Point",
        "coordinates": [
          114.2811942,
          22.7284271
        ]
      }
    },
    {
      "type": "Feature",
      "properties": {
        "name": "龙东站 - 无障碍设施",
        "station": "龙东站",
        "line": "16号线",
        "facility": "1.盲道：车站公共区域。\n2.无障碍电梯：站厅到站外：A1出入口1部、A3出入口1部；站厅到站台：站厅付费区1部。\n3.第三卫生间：站厅B出入口通道内。\n4.宽闸机：站厅中部客服旁。",
        "type": "地铁站无障碍设施",
        "_source": "sz_metro",
        "_osm_type": "node"
      },
      "geometry": {
        "type": "Point",
        "coordinates": [
          114.2915182,
          22.7244754
        ]
      }
    },
    {
      "type": "Feature",
      "properties": {
        "name": "宝龙同乐站 - 无障碍设施",
        "station": "宝龙同乐站",
        "line": "16号线",
        "facility": "1.盲道：车站公共区域。\n2.无障碍电梯：站厅到站外：A出入口1部，C出入口1部；站厅到站台：站厅中部付费区1部。\n3.第三卫生间：站厅C出入口通道内。\n4.宽闸机：站厅中部。",
        "type": "地铁站无障碍设施",
        "_source": "sz_metro",
        "_osm_type": "node"
      },
      "geometry": {
        "type": "Point",
        "coordinates": [
          114.3074206,
          22.7120271
        ]
      }
    },
    {
      "type": "Feature",
      "properties": {
        "name": "坪山站 - 无障碍设施",
        "station": "坪山站",
        "line": "16号线",
        "facility": "1.盲道：车站公共区域。\n2.无障碍电梯：站厅到站外：A出入口1部，D出入口1部；站厅到站台：站厅中部付费区1部\n3.第三卫生间：站厅B出入口通道内。\n4.宽闸机：站厅中部。",
        "type": "地铁站无障碍设施",
        "_source": "sz_metro",
        "_osm_type": "node"
      },
      "geometry": {
        "type": "Point",
        "coordinates": [
          114.3227002,
          22.7086738
        ]
      }
    },
    {
      "type": "Feature",
      "properties": {
        "name": "新和站 - 无障碍设施",
        "station": "新和站",
        "line": "16号线",
        "facility": "1.盲道：车站公共区域。\n2.无障碍电梯：站厅到站外：B出入口1部，D出入口1部；\n站厅到站台：站厅中部付费区1部。\n3.第三卫生间：站厅近D出入口。\n4.宽闸机：站厅中部。",
        "type": "地铁站无障碍设施",
        "_source": "sz_metro",
        "_osm_type": "node"
      },
      "geometry": {
        "type": "Point",
        "coordinates": [
          114.330522,
          22.706018
        ]
      }
    },
    {
      "type": "Feature",
      "properties": {
        "name": "六和站 - 无障碍设施",
        "station": "六和站",
        "line": "16号线",
        "facility": "1.盲道：车站公共区域。\n2.无障碍电梯：站厅到站外：A3出入口1部，B2出入口1部；站厅到站台：站厅中部付费区1部。\n3.第三卫生间：站厅A出入口通道内。\n4.宽闸机：站厅中部。",
        "type": "地铁站无障碍设施",
        "_source": "sz_metro",
        "_osm_type": "node"
      },
      "geometry": {
        "type": "Point",
        "coordinates": [
          114.3328291,
          22.6986338
        ]
      }
    },
    {
      "type": "Feature",
      "properties": {
        "name": "坪山围站 - 无障碍设施",
        "station": "坪山围站",
        "line": "16号线",
        "facility": "1.盲道：车站公共区域。\n2.无障碍电梯：14号线站厅到14号线站台、16号线换乘通道1部在14号线站厅付费区内中部，16号线站厅到16号线站台1部在16号线站厅付费区内中部，A出入口到站外无障碍电梯1部（14号线），B出入口到站外无障碍电梯1部（14号线），C出入口到站外无障碍电梯1部，D出入口到站外无障碍电梯1部，E出入口到站外无障碍电梯1部（16号线），F出入口到站外无障碍电梯1部（16号线）。\n3.第三卫生间：C出入口通道。 （16号线）。14号线站台往岗厦北方向尾端。\n4.宽闸机：14号线站厅客服中心旁，16号线站厅客服中心旁，16号线站厅近E出入口，16号线站厅近F出入口。",
        "type": "地铁站无障碍设施",
        "_source": "sz_metro",
        "_osm_type": "node"
      },
      "geometry": {
        "type": "Point",
        "coordinates": [
          114.3374248,
          22.6940392
        ]
      }
    },
    {
      "type": "Feature",
      "properties": {
        "name": "坪环站 - 无障碍设施",
        "station": "坪环站",
        "line": "16号线",
        "facility": "1.盲道：车站公共区域。\n2.无障碍电梯：站厅到站外：A1出入口1部，A2出入口1部；站厅到站台：站厅中部付费区1部。\n3.第三卫生间：站厅D出入口旁。\n4.宽闸机：站厅客服中心旁。",
        "type": "地铁站无障碍设施",
        "_source": "sz_metro",
        "_osm_type": "node"
      },
      "geometry": {
        "type": "Point",
        "coordinates": [
          114.3416582,
          22.6880888
        ]
      }
    },
    {
      "type": "Feature",
      "properties": {
        "name": "东纵纪念馆站 - 无障碍设施",
        "station": "东纵纪念馆站",
        "line": "16号线",
        "facility": "1.盲道：车站公共区域。\n2.无障碍电梯：站厅到站外：B出入口1部，D出入口1部；站厅到站台：站厅中部付费区1部。\n3.第三卫生间：A出入口通道。\n4.宽闸机：站厅客服中心旁。",
        "type": "地铁站无障碍设施",
        "_source": "sz_metro",
        "_osm_type": "node"
      },
      "geometry": {
        "type": "Point",
        "coordinates": [
          114.3508246,
          22.6887952
        ]
      }
    },
    {
      "type": "Feature",
      "properties": {
        "name": "沙壆站 - 无障碍设施",
        "station": "沙壆站",
        "line": "16号线",
        "facility": "1.盲道：车站公共区域。\n2.无障碍电梯：站厅到站外：B出入口1部，C出入口1部；站厅到站台：站厅中部付费区1部。\n3.第三卫生间：A出入口通道。\n4.宽闸机：站厅客服中心旁。",
        "type": "地铁站无障碍设施",
        "_source": "sz_metro",
        "_osm_type": "node"
      },
      "geometry": {
        "type": "Point",
        "coordinates": [
          114.3598624,
          22.689146
        ]
      }
    },
    {
      "type": "Feature",
      "properties": {
        "name": "燕子湖站 - 无障碍设施",
        "station": "燕子湖站",
        "line": "16号线",
        "facility": "1.盲道：车站公共区域。\n2.无障碍电梯：站厅到站外：B出入口1部，C出入口1部；站厅到站台：站厅中部付费区1部。\n3.第三卫生间：D出入口通道。\n4.宽闸机：站厅客服中心旁。",
        "type": "地铁站无障碍设施",
        "_source": "sz_metro",
        "_osm_type": "node"
      },
      "geometry": {
        "type": "Point",
        "coordinates": [
          114.3700908,
          22.6910981
        ]
      }
    },
    {
      "type": "Feature",
      "properties": {
        "name": "石井站 - 无障碍设施",
        "station": "石井站",
        "line": "16号线",
        "facility": "1.盲道：车站公共区域。\n2.无障碍电梯：站厅到站外：B出入口1部，D出入口1部；站厅到站台：站厅中部付费区1部。\n3.第三卫生间：B出入口通道。\n4.宽闸机：站厅客服中心旁。",
        "type": "地铁站无障碍设施",
        "_source": "sz_metro",
        "_osm_type": "node"
      },
      "geometry": {
        "type": "Point",
        "coordinates": [
          114.3782412,
          22.6945466
        ]
      }
    },
    {
      "type": "Feature",
      "properties": {
        "name": "技术大学站 - 无障碍设施",
        "station": "技术大学站",
        "line": "16号线",
        "facility": "1.盲道：车站公共区域。\n2.无障碍电梯：站厅到站外：A出入口1部，D出入口1部；站厅到站台：站厅中部付费区1部。      \n3.第三卫生间：D出入口通道。\n4.宽闸机：站厅客服中心旁。",
        "type": "地铁站无障碍设施",
        "_source": "sz_metro",
        "_osm_type": "node"
      },
      "geometry": {
        "type": "Point",
        "coordinates": [
          114.3954865,
          22.7010346
        ]
      }
    },
    {
      "type": "Feature",
      "properties": {
        "name": "田心站 - 无障碍设施",
        "station": "田心站",
        "line": "16号线",
        "facility": "1.盲道：车站公共区域。\n2.无障碍电梯：站厅到站外：A出入口1部，B出入口1部；站厅到站台：站厅中部付费区1部。\n3.第三卫生间：A出入口旁。   \n4.宽闸机：站厅客服中心旁。",
        "type": "地铁站无障碍设施",
        "_source": "sz_metro",
        "_osm_type": "node"
      },
      "geometry": {
        "type": "Point",
        "coordinates": [
          114.4093087,
          22.6963691
        ]
      }
    },
    {
      "type": "Feature",
      "properties": {
        "name": "机场北站 - 无障碍设施",
        "station": "机场北站",
        "line": "20号线",
        "facility": "1.盲道：车站公共区域。\n2.无障碍电梯：B出入口站厅到站外垂直电梯1部。\n3.无障碍电梯：D出入口站厅到站外垂直电梯1部。\n4.无障碍电梯：站厅到站台垂直电梯1部在11号线站厅付费区中部。\n5.无障碍电梯：站厅到设备层及站台垂直电梯1部在20号线站厅付费区中部。\n6.无障碍卫生间：A出入口通道。\n7.无障碍卫生间：D出入口通道。\n8.无障碍卫生间：11号线站台往碧头方向头端。\n9.无障碍卫生间：20号线站台往会展城方向头端\n10：宽闸机：站厅中部。\n11：宽闸机：站厅两端出站闸机。",
        "type": "地铁站无障碍设施",
        "_source": "sz_metro",
        "_osm_type": "node"
      },
      "geometry": {
        "type": "Point",
        "coordinates": [
          113.7932431,
          22.6541954
        ]
      }
    },
    {
      "type": "Feature",
      "properties": {
        "name": "国展南站 - 无障碍设施",
        "station": "国展南站",
        "line": "20号线",
        "facility": "1.盲道：车站公共区域。\n2.无障碍电梯：站厅到站台垂直电梯1部在站厅付费区内中部。\n3.无障碍电梯：C出入口站厅到站外垂直电梯1部。\n4.无障碍电梯：D出入口站厅到站外垂直电梯1部。\n5.无障碍电梯：E出入口站厅到站外垂直电梯1部。\n6.无障碍卫生间：A出入口旁。                           \n7.宽闸机：站厅中部。\n8.宽闸机：靠近站厅A出入口端。\n9.宽闸机：靠近站厅C出入口端。",
        "type": "地铁站无障碍设施",
        "_source": "sz_metro",
        "_osm_type": "node"
      },
      "geometry": {
        "type": "Point",
        "coordinates": [
          113.7730651,
          22.6867052
        ]
      }
    },
    {
      "type": "Feature",
      "properties": {
        "name": "国展站 - 无障碍设施",
        "station": "国展站",
        "line": "20号线",
        "facility": "1.盲道：车站公共区域。\n2.无障碍电梯：站厅到站外：A出入口1部，C1出入口1部，C2出入口1部；站厅到站台：站厅中部付费区12号线1部，站厅中部付费区20号线1部。\n3.无障碍卫生间：站厅（C1出口通道内），20号线站台（往机场北方向头端）。\n4.宽闸机：站厅中部，站厅近B出入口，站厅近D出入口。",
        "type": "地铁站无障碍设施",
        "_source": "sz_metro",
        "_osm_type": "node"
      },
      "geometry": {
        "type": "Point",
        "coordinates": [
          113.773343,
          22.6982687
        ]
      }
    },
    {
      "type": "Feature",
      "properties": {
        "name": "国展北站 - 无障碍设施",
        "station": "国展北站",
        "line": "20号线",
        "facility": "1.盲道：车站公共区域。\n2.无障碍电梯：站厅到站外：C1出入口1部，C2出入口1部；站厅到站台：站厅中部付费区12号线1部，站厅中部付费区20号线1部。\n3.无障碍卫生间：站厅（C1出入口通道内），20号线站台（往会展城方向头端）。\n4.宽闸机：站厅中部。",
        "type": "地铁站无障碍设施",
        "_source": "sz_metro",
        "_osm_type": "node"
      },
      "geometry": {
        "type": "Point",
        "coordinates": [
          113.7718269,
          22.708033
        ]
      }
    },
    {
      "type": "Feature",
      "properties": {
        "name": "会展城站 - 无障碍设施",
        "station": "会展城站",
        "line": "20号线",
        "facility": "1.盲道：车站公共区域。\n2.无障碍电梯：站厅到站外：B出入口1部，C出入口1部；站厅到站台：站厅中部付费区1部。\n3.无障碍卫生间：站厅（C出入口通道内）。\n4.宽闸机：站厅中部。",
        "type": "地铁站无障碍设施",
        "_source": "sz_metro",
        "_osm_type": "node"
      },
      "geometry": {
        "type": "Point",
        "coordinates": [
          113.7646171,
          22.7150388
        ]
      }
    }
  ]
}